-- MySQL dump 10.13  Distrib 5.5.20, for Win32 (x86)
--
-- Host: localhost    Database: 140718jd
-- ------------------------------------------------------
-- Server version	5.5.20-log

/*!40101 SET @OLD_CHARACTER_SET_CLIENT=@@CHARACTER_SET_CLIENT */;
/*!40101 SET @OLD_CHARACTER_SET_RESULTS=@@CHARACTER_SET_RESULTS */;
/*!40101 SET @OLD_COLLATION_CONNECTION=@@COLLATION_CONNECTION */;
/*!40101 SET NAMES utf8 */;
/*!40103 SET @OLD_TIME_ZONE=@@TIME_ZONE */;
/*!40103 SET TIME_ZONE='+00:00' */;
/*!40014 SET @OLD_UNIQUE_CHECKS=@@UNIQUE_CHECKS, UNIQUE_CHECKS=0 */;
/*!40014 SET @OLD_FOREIGN_KEY_CHECKS=@@FOREIGN_KEY_CHECKS, FOREIGN_KEY_CHECKS=0 */;
/*!40101 SET @OLD_SQL_MODE=@@SQL_MODE, SQL_MODE='NO_AUTO_VALUE_ON_ZERO' */;
/*!40111 SET @OLD_SQL_NOTES=@@SQL_NOTES, SQL_NOTES=0 */;

--
-- Table structure for table `ecs_account_log`
--

DROP TABLE IF EXISTS `ecs_account_log`;
/*!40101 SET @saved_cs_client     = @@character_set_client */;
/*!40101 SET character_set_client = utf8 */;
CREATE TABLE `ecs_account_log` (
  `log_id` mediumint(8) unsigned NOT NULL AUTO_INCREMENT,
  `user_id` mediumint(8) unsigned NOT NULL,
  `user_money` decimal(10,2) NOT NULL,
  `frozen_money` decimal(10,2) NOT NULL,
  `rank_points` mediumint(9) NOT NULL,
  `pay_points` mediumint(9) NOT NULL,
  `change_time` int(10) unsigned NOT NULL,
  `change_desc` varchar(255) NOT NULL,
  `change_type` tinyint(3) unsigned NOT NULL,
  PRIMARY KEY (`log_id`),
  KEY `user_id` (`user_id`)
) ENGINE=MyISAM AUTO_INCREMENT=29 DEFAULT CHARSET=utf8;
/*!40101 SET character_set_client = @saved_cs_client */;

--
-- Dumping data for table `ecs_account_log`
--

LOCK TABLES `ecs_account_log` WRITE;
/*!40000 ALTER TABLE `ecs_account_log` DISABLE KEYS */;
INSERT INTO `ecs_account_log` VALUES (1,5,0.00,0.00,777,777,1388623910,'订单 2014010237040 赠送的积分',99),(2,5,777.00,0.00,0,0,1388624262,'订单25退款',99),(3,5,0.00,0.00,0,-300,1388624504,'支付订单 2014010298276',99),(4,5,0.00,0.00,1110,1110,1389058639,'订单 2014010226798 赠送的积分',99),(5,5,0.00,0.00,5439,5439,1388713237,'订单 2013123140482 赠送的积分',99),(6,5,-777.00,0.00,0,0,1389058242,'支付订单 2014010775006',99),(7,5,0.00,0.00,0,-3800,1389058242,'支付订单 2014010775006',99),(8,5,0.00,0.00,777,777,1389058299,'订单 2014010775006 赠送的积分',99),(9,1,0.00,0.00,1000,1000,1404779607,'订单 2014070871976 赠送的积分',99),(10,1,0.00,0.00,4200,4200,1404871109,'订单 2014070238414 赠送的积分',99),(11,1,0.00,0.00,999,999,1404266572,'订单 2014060735981 赠送的积分',99),(12,1,444.00,0.00,0,0,1404871704,'订单63退款',99),(13,1,0.00,0.00,800,800,1404355521,'订单 2014060775450 赠送的积分',99),(14,1,0.00,0.00,1000,1000,1404958012,'订单 2014071070632 赠送的积分',99),(15,1,0.00,0.00,0,0,1404202540,'订单 2014070124467 赠送的积分',99),(16,1,0.00,0.00,2000,2000,1405475559,'订单 2014071108171 赠送的积分',99),(17,1,0.00,0.00,0,100,1405649061,'晒单获得积分',99),(18,1,0.00,0.00,0,100,1405651382,'晒单获得积分',99),(19,1,0.00,0.00,0,100,1405677998,'晒单获得积分',99),(20,1,100000.00,0.00,0,0,1406172901,'12233334',2),(21,1,-782.00,0.00,0,0,1406172915,'支付订单 2014072492504',99),(22,1,-1787.00,0.00,0,0,1406172947,'支付订单 2014072423885',99),(23,1,0.00,0.00,777,777,1406183504,'订单 2014072437676 赠送的积分',99),(24,1,0.00,0.00,1200,1200,1406689581,'订单 2014060539996 赠送的积分',99),(25,1,0.00,0.00,777,777,1406701600,'订单 2014072437676 赠送的积分',99),(26,3,0.00,0.00,777,777,1406771660,'订单 2014073010847 赠送的积分',99),(27,5,0.00,0.00,1000,1000,1406771737,'订单 2014073177175 赠送的积分',99),(28,1,0.00,0.00,600,600,1406775864,'订单 2014060377286 赠送的积分',99);
/*!40000 ALTER TABLE `ecs_account_log` ENABLE KEYS */;
UNLOCK TABLES;

--
-- Table structure for table `ecs_ad`
--

DROP TABLE IF EXISTS `ecs_ad`;
/*!40101 SET @saved_cs_client     = @@character_set_client */;
/*!40101 SET character_set_client = utf8 */;
CREATE TABLE `ecs_ad` (
  `ad_id` smallint(5) unsigned NOT NULL AUTO_INCREMENT,
  `position_id` smallint(5) unsigned NOT NULL DEFAULT '0',
  `media_type` tinyint(3) unsigned NOT NULL DEFAULT '0',
  `ad_name` varchar(60) NOT NULL DEFAULT '',
  `ad_link` varchar(255) NOT NULL DEFAULT '',
  `ad_code` text NOT NULL,
  `start_time` int(11) NOT NULL DEFAULT '0',
  `end_time` int(11) NOT NULL DEFAULT '0',
  `link_man` varchar(60) NOT NULL DEFAULT '',
  `link_email` varchar(60) NOT NULL DEFAULT '',
  `link_phone` varchar(60) NOT NULL DEFAULT '',
  `click_count` mediumint(8) unsigned NOT NULL DEFAULT '0',
  `enabled` tinyint(3) unsigned NOT NULL DEFAULT '1',
  PRIMARY KEY (`ad_id`),
  KEY `position_id` (`position_id`),
  KEY `enabled` (`enabled`)
) ENGINE=MyISAM AUTO_INCREMENT=186 DEFAULT CHARSET=utf8;
/*!40101 SET character_set_client = @saved_cs_client */;

--
-- Dumping data for table `ecs_ad`
--

LOCK TABLES `ecs_ad` WRITE;
/*!40000 ALTER TABLE `ecs_ad` DISABLE KEYS */;
INSERT INTO `ecs_ad` VALUES (1,1,0,'广告-今日团购底部广告（210*100）','','1332345758117725431.jpg',1331913600,1625846400,'','','',0,1),(2,4,0,'首页-分类ID4-左侧图片','','1358321352579871794.jpg',1331913600,1625846400,'','','',0,1),(3,5,0,'首页-分类ID2-左侧图片','','1358321194326068581.jpg',1331913600,1625846400,'','','',1,1),(4,6,0,'首页-分类ID7-左侧图片','','1358322186332266314.jpg',1331913600,1625846400,'','','',0,1),(5,7,0,'首页-分类ID6-左侧图片','','1334074882460965288.jpg',1331913600,1625846400,'','','',0,1),(20,10,0,'首页-分类ID4-中间图片1','','1332357565326366351.jpg',1332345600,1625846400,'','','',0,1),(21,10,0,'首页-分类ID4-中间图片2','','1332357605399755074.jpg',1332345600,1625846400,'','','',0,1),(22,10,0,'首页-分类ID4-中间图片3','','1332357620317855912.jpg',1332345600,1625846400,'','','',0,1),(23,10,0,'首页-分类ID4-中间图片4','','1332357637482685201.jpg',1332345600,1625846400,'','','',1,1),(24,11,0,'首页-分类ID2-中间图片1','','1332357709925528100.jpg',1332345600,1625846400,'','','',1,1),(25,11,0,'首页-分类ID2-中间图片2','','1332357725502835098.jpg',1332345600,1625846400,'','','',1,1),(26,11,0,'首页-分类ID2-中间图片3','','1332357739671806248.jpg',1332345600,1625846400,'','','',0,1),(27,11,0,'首页-分类ID2-中间图片4','','1332357754699351356.jpg',1332345600,1625846400,'','','',0,1),(174,56,0,'首页-分类ID9-中间图片4','','1365733185732625597.jpg',1365696000,1625846400,'','','',0,1),(175,59,0,'首页-分类ID9-右侧图片1','','1365733612972488076.jpg',1365696000,1625846400,'','','',0,1),(176,59,0,'首页-分类ID9-右侧图片2','','1365733621656667748.jpg',1365696000,1625846400,'','','',0,1),(177,60,0,'首页-分类ID10-右侧图片1','','1365733647887779347.jpg',1365696000,1625846400,'','','',0,1),(178,60,0,'首页-分类ID10-右侧图片2','','1365733655995094450.jpg',1365696000,1625846400,'','','',0,1),(156,17,0,'首页-分类ID2-右侧图片2','','1365658038103865766.jpg',1365609600,1625846400,'','','',0,1),(157,14,0,'首页-分类ID4-右侧图片2','','1365658056141359508.jpg',1365609600,1625846400,'','','',0,1),(158,23,0,'首页-分类ID6-右侧图片2','','1365658069602030921.jpg',1365609600,1625846400,'','','',0,1),(159,20,0,'首页-分类ID7-右侧图片2','','1365658084614920369.jpg',1365609600,1625846400,'','','',0,1),(163,56,0,'首页-分类ID9-中间图片1','','1365732843727296101.jpg',1365696000,1625846400,'','','',0,1),(164,56,0,'首页-分类ID9-中间图片2','','1365732854176660067.jpg',1365696000,1625846400,'','','',0,1),(165,56,0,'首页-分类ID9-中间图片3','','1365732871785767634.jpg',1365696000,1625846400,'','','',0,1),(166,57,0,'首页-分类ID10-中间图片1','','1365733003725981940.jpg',1365696000,1625846400,'','','',0,1),(167,57,0,'首页-分类ID10-中间图片2','','1365733012764018184.jpg',1365696000,1625846400,'','','',0,1),(168,57,0,'首页-分类ID10-中间图片3','','1365733018853888543.jpg',1365696000,1625846400,'','','',0,1),(169,57,0,'首页-分类ID10-中间图片4','','1365733026393679863.jpg',1365696000,1625846400,'','','',0,1),(170,58,0,'首页-分类ID3-中间图片1','','1365733089894318614.jpg',1365696000,1625846400,'','','',0,1),(171,58,0,'首页-分类ID3-中间图片2','','1365733097819762934.jpg',1365696000,1625846400,'','','',0,1),(172,58,0,'首页-分类ID3-中间图片3','','1365733108523307474.jpg',1365696000,1625846400,'','','',0,1),(173,14,0,'首页-分类ID3-中间图片4','','1365733116819669521.jpg',1365696000,1625846400,'','','',0,1),(84,14,0,'首页-分类ID4-右侧图片1','','1333793033306200583.jpg',1333728000,1625846400,'','','',1,1),(85,17,0,'首页-分类ID2-右侧图片1','','1333793215585121128.jpg',1333728000,1625846400,'','','',0,1),(86,20,0,'首页-分类ID7-右侧图片1','','1333793239729883476.jpg',1333728000,1625846400,'','','',0,1),(87,23,0,'首页-分类ID6-右侧图片1','','1333793262396180121.jpg',1333728000,1625846400,'','','',0,1),(88,24,0,'频道页-分类ID4-幻灯片广告1','','1333876982526002057.jpg',1333814400,1625846400,'','','',0,1),(89,24,0,'频道页-分类ID4-幻灯片广告2','','1333876999078912791.jpg',1333814400,1625846400,'','','',0,1),(90,24,0,'频道页-分类ID4-幻灯片广告3','','1333877013044226128.jpg',1333814400,1625846400,'','','',0,1),(91,24,0,'频道页-分类ID4-幻灯片广告4','','1333877029190900131.jpg',1333814400,1625846400,'','','',0,1),(92,24,0,'频道页-分类ID4-幻灯片广告5','','1333877043098782471.jpg',1333814400,1625846400,'','','',0,1),(93,25,0,'频道页-分类ID4-左侧图片1','','1358321253445321465.jpg',1333814400,1625846400,'','','',0,1),(94,25,0,'频道页-分类ID4-左侧图片2','','1333877177441620297.jpg',1333814400,1625846400,'','','',0,1),(102,27,0,'频道页-分类ID4-右侧图片1','','1333877558716225023.jpg',1333814400,1625846400,'','','',0,1),(103,27,0,'频道页-分类ID4-右侧图片2','','1333877575179091387.jpg',1333814400,1625846400,'','','',0,1),(104,27,0,'频道页-分类ID4-右侧图片3','','1333877588847075699.jpg',1333814400,1625846400,'','','',0,1),(105,27,0,'频道页-分类ID4-右侧图片4','','1333877601999074172.jpg',1333814400,1625846400,'','','',0,1),(106,28,0,'频道页-子类ID208-左侧图片','','1333877795619535766.jpg',1333814400,1625846400,'','','',0,1),(107,29,0,'频道页-子类ID212-左侧图片','','1333877822120198860.jpg',1333814400,1625846400,'','','',0,1),(108,30,0,'频道页-子类ID224-左侧图片','','1333877847836195954.jpg',1333814400,1625846400,'','','',0,1),(109,31,0,'首页-分类ID6-中间图片1','','1334075375703729329.jpg',1334073600,1625846400,'','','',0,1),(110,31,0,'首页-分类ID6-中间图片2','','1334075391555188681.jpg',1334073600,1625846400,'','','',0,1),(111,31,0,'首页-分类ID6-中间图片3','','1334075406476164202.jpg',1334073600,1625846400,'','','',0,1),(112,31,0,'首页-分类ID6-中间图片4','','1334075423506965416.jpg',1334073600,1625846400,'','','',0,1),(113,32,0,'首页-分类ID7-中间图片1','','1334075611275038341.jpg',1334073600,1625846400,'','','',0,1),(114,32,0,'首页-分类ID7-中间图片2','','1334075625720648084.jpg',1334073600,1625846400,'','','',0,1),(115,32,0,'首页-分类ID7-中间图片3','','1334075639729298990.jpg',1334073600,1625846400,'','','',0,1),(116,32,0,'首页-分类ID7-中间图片4','','1334075653061331427.jpg',1334073600,1625846400,'','','',0,1),(117,33,0,'首页-在线读书-左侧图片','','1334076227228318167.jpg',1334073600,1625846400,'','','',0,1),(180,61,0,'首页-分类ID3-右侧图片2','','1365733697935186009.jpg',1365696000,1625846400,'','','',0,1),(179,61,0,'首页-分类ID3-右侧图片1','','1365733669368713124.jpg',1365696000,1625846400,'','','',0,1),(155,1,0,'今日团购广告位','','1365489610449298885.jpg',1365436800,1625846400,'','','',0,1),(154,54,0,'火爆活动广告位','','1365470431010197977.jpg',1365436800,1625846400,'','','',0,1),(123,39,0,'首页幻灯片-小图-1','','1340914602167295828.jpg',1340870400,1625846400,'','','',2,1),(124,39,0,'首页幻灯片-小图-2','','1340914623983908643.jpg',1340870400,1625846400,'','','',2,1),(125,39,0,'首页幻灯片-小图-3','','1340914643777572483.jpg',1340870400,1625846400,'','','',0,1),(126,39,0,'首页幻灯片-小图-4','','1340917413716499246.jpg',1340812800,1625846400,'','','',0,1),(127,39,0,'首页幻灯片-小图-5','','1340917433703001899.jpg',1340812800,1625846400,'','','',0,1),(128,39,0,'首页幻灯片-小图-6','','1340917449438078375.jpg',1340812800,1625846400,'','','',0,1),(129,39,0,'首页幻灯片-小图-7','','1340917591956737474.jpg',1340812800,1625846400,'','','',0,1),(130,39,0,'首页幻灯片-小图-8','','1340917608478972336.jpg',1340812800,1625846400,'','','',0,1),(131,39,0,'首页幻灯片-小图-9','','1340917625536038892.jpg',1340812800,1625846400,'','','',1,1),(132,39,0,'首页幻灯片-小图-10','','1340917643542460538.jpg',1340812800,1625846400,'','','',0,1),(133,39,0,'首页幻灯片-小图-11','','1340917680711318619.jpg',1340812800,1625846400,'','','',0,1),(134,39,0,'首页幻灯片-小图-12','','1340917696452832500.jpg',1340812800,1625846400,'','','',0,1),(135,39,0,'首页幻灯片-小图-13','','1340917751611268948.jpg',1340812800,1625846400,'','','',0,1),(136,39,0,'首页幻灯片-小图-14','','1340917767875908631.jpg',1340812800,1625846400,'','','',0,1),(137,39,0,'首页幻灯片-小图-15','','1340917785510237364.jpg',1340812800,1625846400,'','','',1,1),(138,44,0,'商店公告上广告','','1357366845008654915.jpg',1357315200,1625846400,'','','',0,1),(139,45,0,'邮件订阅上方文章列表广告','','1357537499831420986.jpg',1357488000,1625846400,'','','',0,1),(140,46,0,'频道页-子类ID2-左侧图片1','','1357799891031107879.gif',1357747200,1625846400,'','','',0,1),(141,46,0,'频道页-子类ID2-左侧图片','','1357799904607810892.jpg',1357747200,1625846400,'','','',0,1),(142,47,0,'商品详情页左侧广告1','','1358317866341132551.jpg',1358265600,1625846400,'','','',0,1),(143,48,0,'商品详情页左侧广告2','','1358317880356701236.jpg',1358265600,1625846400,'','','',0,1),(144,49,0,'频道页-分类ID2-左侧图片1','','1358324698999294015.jpg',1358265600,1625846400,'','','',0,1),(145,49,0,'频道页-分类ID2-左侧图片2','','1358324711587076268.jpg',1358265600,1625846400,'','','',0,1),(146,49,0,'频道页-分类ID2-左侧图片3','','1358324729012118538.jpg',1358265600,1625846400,'','','',0,1),(147,49,0,'频道页-分类ID2-左侧图片4','','1358324741246257662.jpg',1358265600,1625846400,'','','',0,1),(148,49,0,'频道页-分类ID2-左侧图片5','','1358324753002569250.jpg',1358265600,1625846400,'','','',0,1),(149,50,0,'导航菜单-2-右侧-促销专题','','1358564840884033816.jpg',1358524800,1625846400,'','','',0,1),(150,50,0,'导航菜单-2-右侧-促销专题2','','1358564873515534597.jpg',1358524800,1625846400,'','','',0,1),(151,51,0,'频道页-分类ID2-右侧图片2','','1358754148602999033.jpg',1358697600,1625846400,'','','',0,1),(152,51,0,'频道页-分类ID2-右侧图片1','','1358754163708957816.jpg',1358697600,1625846400,'','','',0,1),(153,51,0,'频道页-分类ID2-右侧图片3','','1377051682168771906.gif',1358697600,1625846400,'','','',1,1),(181,62,0,'首页-分类ID9-左侧图片','','1365734074191305256.jpg',1365696000,1625846400,'','','',0,1),(182,63,0,'首页-分类ID10-左侧图片','','1365734103077728309.jpg',1365696000,1625846400,'','','',0,1),(183,64,0,'首页-分类ID3-左侧图片','','1365734116817405836.jpg',1365696000,1625846400,'','','',0,1),(184,65,0,'导航菜单-4-右侧-促销专题-1','','1377565061436095851.jpg',1377532800,1474041600,'','','',0,1),(185,65,0,'导航菜单-4-右侧-促销专题-2','','1377565076769145820.jpg',1377532800,1474560000,'','','',0,1);
/*!40000 ALTER TABLE `ecs_ad` ENABLE KEYS */;
UNLOCK TABLES;

--
-- Table structure for table `ecs_ad_custom`
--

DROP TABLE IF EXISTS `ecs_ad_custom`;
/*!40101 SET @saved_cs_client     = @@character_set_client */;
/*!40101 SET character_set_client = utf8 */;
CREATE TABLE `ecs_ad_custom` (
  `ad_id` mediumint(8) unsigned NOT NULL AUTO_INCREMENT,
  `ad_type` tinyint(1) unsigned NOT NULL DEFAULT '1',
  `ad_name` varchar(60) DEFAULT NULL,
  `add_time` int(10) unsigned NOT NULL DEFAULT '0',
  `content` mediumtext,
  `url` varchar(255) DEFAULT NULL,
  `ad_status` tinyint(3) unsigned NOT NULL DEFAULT '0',
  PRIMARY KEY (`ad_id`)
) ENGINE=MyISAM DEFAULT CHARSET=utf8;
/*!40101 SET character_set_client = @saved_cs_client */;

--
-- Dumping data for table `ecs_ad_custom`
--

LOCK TABLES `ecs_ad_custom` WRITE;
/*!40000 ALTER TABLE `ecs_ad_custom` DISABLE KEYS */;
/*!40000 ALTER TABLE `ecs_ad_custom` ENABLE KEYS */;
UNLOCK TABLES;

--
-- Table structure for table `ecs_ad_position`
--

DROP TABLE IF EXISTS `ecs_ad_position`;
/*!40101 SET @saved_cs_client     = @@character_set_client */;
/*!40101 SET character_set_client = utf8 */;
CREATE TABLE `ecs_ad_position` (
  `position_id` tinyint(3) unsigned NOT NULL AUTO_INCREMENT,
  `position_name` varchar(60) NOT NULL DEFAULT '',
  `ad_width` smallint(5) unsigned NOT NULL DEFAULT '0',
  `ad_height` smallint(5) unsigned NOT NULL DEFAULT '0',
  `position_desc` varchar(255) NOT NULL DEFAULT '',
  `position_style` text NOT NULL,
  PRIMARY KEY (`position_id`)
) ENGINE=MyISAM AUTO_INCREMENT=66 DEFAULT CHARSET=utf8;
/*!40101 SET character_set_client = @saved_cs_client */;

--
-- Dumping data for table `ecs_ad_position`
--

LOCK TABLES `ecs_ad_position` WRITE;
/*!40000 ALTER TABLE `ecs_ad_position` DISABLE KEYS */;
INSERT INTO `ecs_ad_position` VALUES (1,'今日团购底部广告',310,100,'','<table cellpadding=\"0\" cellspacing=\"0\">\r\n{foreach from=$ads item=ad}\r\n<tr><td>{$ad}</td></tr>\r\n{/foreach}\r\n</table>'),(2,'网站首发广告',100,100,'','<table cellpadding=\"0\" cellspacing=\"0\">\r\n{foreach from=$ads item=ad}\r\n<tr><td>{$ad}</td></tr>\r\n{/foreach}\r\n</table>'),(10,'首页-分类ID4-中间图片',261,225,'','<table cellpadding=\"0\" cellspacing=\"0\">\r\n{foreach from=$ads item=ad}\r\n<tr><td>{$ad}</td></tr>\r\n{/foreach}\r\n</table>'),(4,'首页-分类ID4-左侧图片',208,170,'','<table cellpadding=\"0\" cellspacing=\"0\">\r\n{foreach from=$ads item=ad}\r\n<tr><td>{$ad}</td></tr>\r\n{/foreach}\r\n</table>'),(5,'首页-分类ID2-左侧图片',208,170,'','<table cellpadding=\"0\" cellspacing=\"0\">\r\n{foreach from=$ads item=ad}\r\n<tr><td>{$ad}</td></tr>\r\n{/foreach}\r\n</table>'),(6,'首页-分类ID7-左侧图片',208,170,'','<table cellpadding=\"0\" cellspacing=\"0\">\r\n{foreach from=$ads item=ad}\r\n<tr><td>{$ad}</td></tr>\r\n{/foreach}\r\n</table>'),(7,'首页-分类ID6-左侧图片',208,170,'','<table cellpadding=\"0\" cellspacing=\"0\">\r\n{foreach from=$ads item=ad}\r\n<tr><td>{$ad}</td></tr>\r\n{/foreach}\r\n</table>'),(8,'分类页-分类ID4-促销广告',1,1,'','<table cellpadding=\"0\" cellspacing=\"0\">\r\n{foreach from=$ads item=ad}\r\n<tr><td>{$ad}</td></tr>\r\n{/foreach}\r\n</table>'),(9,'分类页-分类ID2-促销广告',1,1,'','<table cellpadding=\"0\" cellspacing=\"0\">\r\n{foreach from=$ads item=ad}\r\n<tr><td>{$ad}</td></tr>\r\n{/foreach}\r\n</table>'),(11,'首页-分类ID2-中间图片',261,225,'','<table cellpadding=\"0\" cellspacing=\"0\">\r\n{foreach from=$ads item=ad}\r\n<tr><td>{$ad}</td></tr>\r\n{/foreach}\r\n</table>'),(56,'首页-分类ID9-中间图片',473,180,'','<table cellpadding=\"0\" cellspacing=\"0\">\r\n{foreach from=$ads item=ad}\r\n<tr><td>{$ad}</td></tr>\r\n{/foreach}\r\n</table>'),(14,'首页-分类ID4-右侧图片',209,180,'','<table cellpadding=\"0\" cellspacing=\"0\">\r\n{foreach from=$ads item=ad}\r\n<tr><td>{$ad}</td></tr>\r\n{/foreach}\r\n</table>'),(57,'首页-分类ID10-中间图片',473,180,'','<table cellpadding=\"0\" cellspacing=\"0\">\r\n{foreach from=$ads item=ad}\r\n<tr><td>{$ad}</td></tr>\r\n{/foreach}\r\n</table>'),(17,'首页-分类ID2-右侧图片',209,180,'','<table cellpadding=\"0\" cellspacing=\"0\">\r\n{foreach from=$ads item=ad}\r\n<tr><td>{$ad}</td></tr>\r\n{/foreach}\r\n</table>'),(58,'首页-分类ID3-中间图片',473,180,'','<table cellpadding=\"0\" cellspacing=\"0\">\r\n{foreach from=$ads item=ad}\r\n<tr><td>{$ad}</td></tr>\r\n{/foreach}\r\n</table>'),(20,'首页-分类ID7-右侧图片',209,180,'','<table cellpadding=\"0\" cellspacing=\"0\">\r\n{foreach from=$ads item=ad}\r\n<tr><td>{$ad}</td></tr>\r\n{/foreach}\r\n</table>'),(59,'首页-分类ID9-右侧图片',209,180,'','<table cellpadding=\"0\" cellspacing=\"0\">\r\n{foreach from=$ads item=ad}\r\n<tr><td>{$ad}</td></tr>\r\n{/foreach}\r\n</table>'),(23,'首页-分类ID6-右侧图片',209,180,'','<table cellpadding=\"0\" cellspacing=\"0\">\r\n{foreach from=$ads item=ad}\r\n<tr><td>{$ad}</td></tr>\r\n{/foreach}\r\n</table>'),(24,'频道页-分类ID4-幻灯片广告',766,240,'','<table cellpadding=\"0\" cellspacing=\"0\">\r\n{foreach from=$ads item=ad}\r\n<tr><td>{$ad}</td></tr>\r\n{/foreach}\r\n</table>'),(25,'频道页-分类ID4-左侧图片',211,138,'','<table cellpadding=\"0\" cellspacing=\"0\">\r\n{foreach from=$ads item=ad}\r\n<tr><td>{$ad}</td></tr>\r\n{/foreach}\r\n</table>'),(26,'频道页-分类ID4-活动专场',1,1,'','<table cellpadding=\"0\" cellspacing=\"0\">\r\n{foreach from=$ads item=ad}\r\n<tr><td>{$ad}</td></tr>\r\n{/foreach}\r\n</table>'),(27,'频道页-分类ID4-右侧图片',211,90,'','<table cellpadding=\"0\" cellspacing=\"0\">\r\n{foreach from=$ads item=ad}\r\n<tr><td>{$ad}</td></tr>\r\n{/foreach}\r\n</table>'),(28,'频道页-子类ID208-左侧图片',180,348,'','<table cellpadding=\"0\" cellspacing=\"0\">\r\n{foreach from=$ads item=ad}\r\n<tr><td>{$ad}</td></tr>\r\n{/foreach}\r\n</table>'),(29,'频道页-子类ID212-左侧图片',180,348,'','<table cellpadding=\"0\" cellspacing=\"0\">\r\n{foreach from=$ads item=ad}\r\n<tr><td>{$ad}</td></tr>\r\n{/foreach}\r\n</table>'),(30,'频道页-子类ID224-左侧图片',180,348,'','<table cellpadding=\"0\" cellspacing=\"0\">\r\n{foreach from=$ads item=ad}\r\n<tr><td>{$ad}</td></tr>\r\n{/foreach}\r\n</table>'),(31,'首页-分类ID6-中间图片',261,225,'','<table cellpadding=\"0\" cellspacing=\"0\">\r\n{foreach from=$ads item=ad}\r\n<tr><td>{$ad}</td></tr>\r\n{/foreach}\r\n</table>'),(32,'首页-分类ID7-中间图片',261,225,'','<table cellpadding=\"0\" cellspacing=\"0\">\r\n{foreach from=$ads item=ad}\r\n<tr><td>{$ad}</td></tr>\r\n{/foreach}\r\n</table>'),(33,'首页-在线读书-左侧图片',100,100,'','<table cellpadding=\"0\" cellspacing=\"0\">\r\n{foreach from=$ads item=ad}\r\n<tr><td>{$ad}</td></tr>\r\n{/foreach}\r\n</table>'),(54,'火爆活动广告位',292,122,'','<table cellpadding=\"0\" cellspacing=\"0\">\r\n{foreach from=$ads item=ad}\r\n<tr><td>{$ad}</td></tr>\r\n{/foreach}\r\n</table>'),(55,'今日团购广告位',310,100,'','<table cellpadding=\"0\" cellspacing=\"0\">\r\n{foreach from=$ads item=ad}\r\n<tr><td>{$ad}</td></tr>\r\n{/foreach}\r\n</table>'),(60,'首页-分类ID10-右侧图片',209,180,'','<table cellpadding=\"0\" cellspacing=\"0\">\r\n{foreach from=$ads item=ad}\r\n<tr><td>{$ad}</td></tr>\r\n{/foreach}\r\n</table>'),(61,'首页-分类ID3-右侧图片',209,180,'','<table cellpadding=\"0\" cellspacing=\"0\">\r\n{foreach from=$ads item=ad}\r\n<tr><td>{$ad}</td></tr>\r\n{/foreach}\r\n</table>'),(62,'首页-分类ID9-左侧图片',209,155,'','<table cellpadding=\"0\" cellspacing=\"0\">\r\n{foreach from=$ads item=ad}\r\n<tr><td>{$ad}</td></tr>\r\n{/foreach}\r\n</table>'),(39,'首页幻灯片-小图',222,160,'','<table cellpadding=\"0\" cellspacing=\"0\">\r\n{foreach from=$ads item=ad}\r\n<tr><td>{$ad}</td></tr>\r\n{/foreach}\r\n</table>'),(63,'首页-分类ID10-左侧图片',209,155,'','<table cellpadding=\"0\" cellspacing=\"0\">\r\n{foreach from=$ads item=ad}\r\n<tr><td>{$ad}</td></tr>\r\n{/foreach}\r\n</table>'),(64,'首页-分类ID3-左侧图片',209,155,'','<table cellpadding=\"0\" cellspacing=\"0\">\r\n{foreach from=$ads item=ad}\r\n<tr><td>{$ad}</td></tr>\r\n{/foreach}\r\n</table>'),(44,'商店公告上广告',310,70,'','<table cellpadding=\"0\" cellspacing=\"0\">\r\n{foreach from=$ads item=ad}\r\n<tr><td>{$ad}</td></tr>\r\n{/foreach}\r\n</table>'),(45,'邮件订阅上方文章列表广告',100,100,'','<table cellpadding=\"0\" cellspacing=\"0\">\r\n{foreach from=$ads item=ad}\r\n<tr><td>{$ad}</td></tr>\r\n{/foreach}\r\n</table>'),(46,'频道页-子类ID2-左侧图片',221,138,'','<table cellpadding=\"0\" cellspacing=\"0\">\r\n{foreach from=$ads item=ad}\r\n<tr><td>{$ad}</td></tr>\r\n{/foreach}\r\n</table>'),(47,'商品详情页左侧广告1',211,261,'','<table cellpadding=\"0\" cellspacing=\"0\">\r\n{foreach from=$ads item=ad}\r\n<tr><td>{$ad}</td></tr>\r\n{/foreach}\r\n</table>'),(48,'商品详情页左侧广告2',211,261,'','<table cellpadding=\"0\" cellspacing=\"0\">\r\n{foreach from=$ads item=ad}\r\n<tr><td>{$ad}</td></tr>\r\n{/foreach}\r\n</table>'),(49,'频道页-分类ID2-左侧图片',211,90,'','<table cellpadding=\"0\" cellspacing=\"0\">\r\n{foreach from=$ads item=ad}\r\n<tr><td>{$ad}</td></tr>\r\n{/foreach}\r\n</table>'),(50,'导航菜单-2-右侧-促销专题',194,70,'','<table cellpadding=\"0\" cellspacing=\"0\">\r\n{foreach from=$ads item=ad}\r\n<tr><td>{$ad}</td></tr>\r\n{/foreach}\r\n</table>'),(51,'频道页-分类ID2-右侧图片',211,410,'','<table cellpadding=\"0\" cellspacing=\"0\">\r\n{foreach from=$ads item=ad}\r\n<tr><td>{$ad}</td></tr>\r\n{/foreach}\r\n</table>'),(65,'导航菜单-4-右侧-促销专题',194,70,'','<table cellpadding=\"0\" cellspacing=\"0\">\r\n{foreach from=$ads item=ad}\r\n<tr><td>{$ad}</td></tr>\r\n{/foreach}\r\n</table>'),(53,'频道页-分类ID2-右侧通栏',983,70,'','<table cellpadding=\"0\" cellspacing=\"0\">\r\n{foreach from=$ads item=ad}\r\n<tr><td>{$ad}</td></tr>\r\n{/foreach}\r\n</table>');
/*!40000 ALTER TABLE `ecs_ad_position` ENABLE KEYS */;
UNLOCK TABLES;

--
-- Table structure for table `ecs_admin_action`
--

DROP TABLE IF EXISTS `ecs_admin_action`;
/*!40101 SET @saved_cs_client     = @@character_set_client */;
/*!40101 SET character_set_client = utf8 */;
CREATE TABLE `ecs_admin_action` (
  `action_id` tinyint(3) unsigned NOT NULL AUTO_INCREMENT,
  `parent_id` tinyint(3) unsigned NOT NULL DEFAULT '0',
  `action_code` varchar(20) NOT NULL DEFAULT '',
  `relevance` varchar(20) NOT NULL DEFAULT '',
  PRIMARY KEY (`action_id`),
  KEY `parent_id` (`parent_id`)
) ENGINE=MyISAM AUTO_INCREMENT=213 DEFAULT CHARSET=utf8;
/*!40101 SET character_set_client = @saved_cs_client */;

--
-- Dumping data for table `ecs_admin_action`
--

LOCK TABLES `ecs_admin_action` WRITE;
/*!40000 ALTER TABLE `ecs_admin_action` DISABLE KEYS */;
INSERT INTO `ecs_admin_action` VALUES (1,0,'goods',''),(2,0,'cms_manage',''),(3,0,'users_manage',''),(4,0,'priv_manage',''),(5,0,'sys_manage',''),(6,0,'order_manage',''),(7,0,'promotion',''),(8,0,'email',''),(9,0,'templates_manage',''),(10,0,'db_manage',''),(11,0,'sms_manage',''),(21,1,'goods_manage',''),(22,1,'remove_back',''),(23,1,'cat_manage',''),(24,1,'cat_drop','cat_manage'),(25,1,'attr_manage',''),(26,1,'brand_manage',''),(27,1,'comment_priv',''),(84,1,'tag_manage',''),(30,2,'article_cat',''),(31,2,'article_manage',''),(32,2,'shopinfo_manage',''),(33,2,'shophelp_manage',''),(34,2,'vote_priv',''),(35,7,'topic_manage',''),(74,4,'template_manage',''),(73,3,'feedback_priv',''),(38,3,'integrate_users',''),(39,3,'sync_users','integrate_users'),(40,3,'users_manage',''),(41,3,'users_drop','users_manage'),(42,3,'user_rank',''),(85,3,'surplus_manage','account_manage'),(43,4,'admin_manage',''),(44,4,'admin_drop','admin_manage'),(45,4,'allot_priv','admin_manage'),(46,4,'logs_manage',''),(47,4,'logs_drop','logs_manage'),(48,5,'shop_config',''),(49,5,'ship_manage',''),(50,5,'payment',''),(51,5,'shiparea_manage',''),(52,5,'area_manage',''),(53,6,'order_os_edit',''),(54,6,'order_ps_edit','order_os_edit'),(55,6,'order_ss_edit','order_os_edit'),(56,6,'order_edit','order_os_edit'),(57,6,'order_view',''),(58,6,'order_view_finished',''),(59,6,'repay_manage',''),(60,6,'booking',''),(61,6,'sale_order_stats',''),(62,6,'client_flow_stats',''),(78,7,'snatch_manage',''),(83,7,'ad_manage',''),(80,7,'gift_manage',''),(81,7,'card_manage',''),(70,1,'goods_type',''),(82,7,'pack',''),(79,7,'bonus_manage',''),(75,5,'friendlink',''),(76,5,'db_backup',''),(77,5,'db_renew','db_backup'),(86,4,'agency_manage',''),(87,3,'account_manage',''),(88,5,'flash_manage',''),(89,5,'navigator',''),(90,7,'auction',''),(91,7,'group_by',''),(92,7,'favourable',''),(93,7,'whole_sale',''),(94,1,'goods_auto',''),(95,2,'article_auto',''),(96,5,'cron',''),(97,5,'affiliate',''),(98,5,'affiliate_ck',''),(99,8,'attention_list',''),(100,8,'email_list',''),(101,8,'magazine_list',''),(102,8,'view_sendlist',''),(103,1,'virualcard',''),(104,7,'package_manage',''),(105,1,'picture_batch',''),(106,1,'goods_export',''),(107,1,'goods_batch',''),(108,1,'gen_goods_script',''),(109,5,'sitemap',''),(110,5,'file_priv',''),(111,5,'file_check',''),(112,9,'template_select',''),(113,9,'template_setup',''),(114,9,'library_manage',''),(115,9,'lang_edit',''),(116,9,'backup_setting',''),(117,9,'mail_template',''),(118,10,'db_backup',''),(119,10,'db_renew',''),(120,10,'db_optimize',''),(121,10,'sql_query',''),(122,10,'convert',''),(124,11,'sms_send',''),(128,7,'exchange_goods',''),(129,6,'delivery_view',''),(130,6,'back_view',''),(131,5,'reg_fields',''),(132,5,'shop_authorized',''),(133,5,'webcollect_manage',''),(134,4,'suppliers_manage',''),(135,4,'role_manage',''),(12,0,'supplier',''),(136,12,'supplier_manage',''),(137,12,'supplier_rank',''),(200,0,'weixin_manage',''),(201,200,'weixin_config',''),(202,200,'weixin_addconfig',''),(203,200,'weixin_menu',''),(204,200,'weixin_notice',''),(205,200,'weixin_keywords',''),(206,200,'weixin_fans',''),(207,200,'weixin_news',''),(208,200,'weixin_addqcode',''),(209,200,'weixin_qcode',''),(210,200,'weixin_reg',''),(211,7,'takegoods_list',''),(212,7,'takegoods_order','');
/*!40000 ALTER TABLE `ecs_admin_action` ENABLE KEYS */;
UNLOCK TABLES;

--
-- Table structure for table `ecs_admin_log`
--

DROP TABLE IF EXISTS `ecs_admin_log`;
/*!40101 SET @saved_cs_client     = @@character_set_client */;
/*!40101 SET character_set_client = utf8 */;
CREATE TABLE `ecs_admin_log` (
  `log_id` int(10) unsigned NOT NULL AUTO_INCREMENT,
  `log_time` int(10) unsigned NOT NULL DEFAULT '0',
  `user_id` tinyint(3) unsigned NOT NULL DEFAULT '0',
  `log_info` varchar(255) NOT NULL DEFAULT '',
  `ip_address` varchar(15) NOT NULL DEFAULT '',
  PRIMARY KEY (`log_id`),
  KEY `log_time` (`log_time`),
  KEY `user_id` (`user_id`)
) ENGINE=MyISAM AUTO_INCREMENT=260 DEFAULT CHARSET=utf8;
/*!40101 SET character_set_client = @saved_cs_client */;

--
-- Dumping data for table `ecs_admin_log`
--

LOCK TABLES `ecs_admin_log` WRITE;
/*!40000 ALTER TABLE `ecs_admin_log` DISABLE KEYS */;
INSERT INTO `ecs_admin_log` VALUES (1,1388476852,1,'还原数据库备份: 备份时间2013-09-05 06:14:06','127.0.0.1'),(2,1388476860,1,'还原数据库备份: 备份时间2013-09-05 06:14:06','127.0.0.1'),(3,1388624707,1,'安装配送方式: 中通速递','127.0.0.1'),(4,1388624716,1,'添加配送区域: 全国','127.0.0.1'),(5,1388624882,1,'安装支付方式: 支付宝','127.0.0.1'),(6,1388624886,1,'安装支付方式: 网银在线','127.0.0.1'),(7,1388626061,1,'编辑配送区域: 全国','127.0.0.1'),(8,1388626104,1,'编辑配送区域: 全国','127.0.0.1'),(9,1388626112,1,'编辑配送区域: 全国','127.0.0.1'),(10,1388711497,1,'编辑商品: 测试商品测试商品测试商品测试商品测试商品测试商品测试商品测试商品测试商品','127.0.0.1'),(11,1389057330,1,'编辑配送区域: 全国','127.0.0.1'),(12,1389058047,1,'编辑商店设置: ','127.0.0.1'),(13,1390803786,1,'编辑广告位置: 频道页-分类ID2-右侧图片','127.0.0.1'),(14,1390803794,1,'编辑广告位置: 频道页-分类ID2-左侧图片','127.0.0.1'),(15,1390803894,1,'编辑广告位置: 频道页-子类ID2-左侧图片','127.0.0.1'),(16,1394418073,1,'编辑商店设置: ','127.0.0.1'),(17,1394418097,1,'编辑商品: 测试商品测试商品测试商品测试商品测试商品测试商品测试商品测试商品测试商品','127.0.0.1'),(18,1394418134,1,'编辑商品: 测试商品测试商品测试商品测试商品测试商品测试商品测试商品测试商品测试商品','127.0.0.1'),(19,1394775468,1,'添加红包类型: 测试红包','127.0.0.1'),(20,1394775479,1,'添加用户红包: 1000097627','127.0.0.1'),(21,1401369451,1,'编辑会员账号: 68ecshop','127.0.0.8'),(22,1401371092,1,'编辑商店设置: ','127.0.0.8'),(23,1401371292,1,'编辑商店设置: ','127.0.0.8'),(24,1401371486,1,'添加文章: 供货商(入驻商文章标题)','127.0.0.8'),(25,1401374680,1,'添加商品: qqqq','127.0.0.8'),(26,1401374697,1,'添加商品: wwww','127.0.0.8'),(27,1401374722,1,'添加商品: rrrr','127.0.0.8'),(28,1401374741,1,'添加商品: ttt','127.0.0.8'),(29,1401374762,1,'编辑商品: qqqq','127.0.0.8'),(30,1401374771,1,'编辑商品: wwww','127.0.0.8'),(31,1401374778,1,'编辑商品: rrrr','127.0.0.8'),(32,1401374786,1,'编辑商品: ttt','127.0.0.8'),(33,1401415468,1,'编辑前台语言项: ','127.0.0.1'),(34,1401417415,1,'编辑商品: ttt','127.0.0.1'),(35,1401779858,0,'添加商品: 68ecshop供货商测试商品','127.0.0.1'),(36,1401779877,0,'编辑商品: 68ecshop供货商测试商品','127.0.0.1'),(37,1401779895,0,'编辑商品: 68ecshop供货商测试商品','127.0.0.1'),(38,1401779908,0,'编辑商品: 68ecshop供货商测试商品','127.0.0.1'),(39,1401779917,0,'编辑商品: 68ecshop供货商测试商品','127.0.0.1'),(40,1401779954,0,'添加商品: 68ecshop供货商测试商品','127.0.0.1'),(41,1401779967,0,'添加商品: 68ecshop供货商测试商品','127.0.0.1'),(42,1401779989,0,'添加商品: 68ecshop供货商测试商品','127.0.0.1'),(43,1401780020,1,'编辑商品: 68ecshop供货商测试商品','127.0.0.1'),(44,1401780026,1,'编辑商品: 68ecshop供货商测试商品','127.0.0.1'),(45,1401780032,1,'编辑商品: 68ecshop供货商测试商品','127.0.0.1'),(46,1401780038,1,'编辑商品: 68ecshop供货商测试商品','127.0.0.1'),(47,1401780080,1,'添加商品: 68ecshop供货商测试商品','127.0.0.1'),(48,1401780094,1,'编辑商品: 68ecshop供货商测试商品','127.0.0.1'),(49,1401780164,1,'添加商品: 68ecshop供货商测试商品','127.0.0.1'),(50,1401780171,1,'编辑商品: 68ecshop供货商测试商品','127.0.0.1'),(51,1401780193,1,'编辑商品: 68ecshop供货商测试商品','127.0.0.1'),(52,1401780202,1,'编辑商品: 68ecshop供货商测试商品','127.0.0.1'),(53,1401780211,1,'编辑商品: 68ecshop供货商测试商品','127.0.0.1'),(54,1401780221,1,'编辑商品: 68ecshop供货商测试商品','127.0.0.1'),(55,1401780248,1,'编辑商品: 68ecshop供货商测试商品','127.0.0.1'),(56,1401933805,1,'编辑会员账号: 68ecshop','127.0.0.1'),(57,1401935868,1,'编辑商店设置: ','127.0.0.1'),(58,1401936887,1,'编辑商品: 68ecshop供货商测试商品','127.0.0.1'),(59,1401936893,1,'编辑商品: 68ecshop供货商测试商品','127.0.0.1'),(60,1401936901,1,'编辑商品: 68ecshop供货商测试商品','127.0.0.1'),(61,1401939146,1,'编辑商品: 测试商品测试商品测试商品测试商品测试商品测试商品测试商品测试商品测试商品','127.0.0.1'),(62,1401939308,1,'编辑商品: 测试商品测试商品测试商品测试商品测试商品测试商品测试商品测试商品测试商品','127.0.0.1'),(63,1401939347,1,'编辑商品: 测试商品测试商品测试商品测试商品测试商品测试商品测试商品测试商品测试商品','127.0.0.1'),(64,1401948343,0,'添加商品: 68ecshop测试商品2','127.0.0.1'),(65,1401948374,0,'添加商品: 68ecshop测试商品3','127.0.0.1'),(66,1401948477,1,'编辑商品: 68ecshop测试商品3','127.0.0.1'),(67,1401948491,1,'编辑商品: 68ecshop测试商品2','127.0.0.1'),(68,1401949695,0,'添加商品: 68ecshop测试商品2','127.0.0.1'),(69,1401949726,0,'添加商品: 68ecshop测试商品3','127.0.0.1'),(70,1401949791,1,'编辑商品: 68ecshop测试商品3','127.0.0.1'),(71,1401949800,1,'编辑商品: 68ecshop测试商品2','127.0.0.1'),(72,1401949895,1,'编辑商品: 68ecshop测试商品3','127.0.0.1'),(73,1402109333,1,'删除文章: 测试文章','127.0.0.1'),(74,1402282617,1,'编辑文章: 店铺文章测试','127.0.0.1'),(75,1402282835,1,'编辑文章: 京东自营覆盖区县','127.0.0.1'),(76,1402622131,1,'编辑商品: 测试商品测试商品测试商品测试商品测试商品测试商品测试商品测试商品测试商品','127.0.0.1'),(77,1402622148,1,'编辑商品: 测试商品测试商品测试商品测试商品测试商品测试商品测试商品测试商品测试商品','127.0.0.1'),(78,1402622157,1,'编辑商品: 测试商品测试商品测试商品测试商品测试商品测试商品测试商品测试商品测试商品','127.0.0.1'),(79,1402622167,1,'编辑商品: 测试商品测试商品测试商品测试商品测试商品测试商品测试商品测试商品测试商品','127.0.0.1'),(80,1402622178,1,'编辑商品: 测试商品测试商品测试商品测试商品测试商品测试商品测试商品测试商品测试商品','127.0.0.1'),(81,1402622189,1,'编辑商品: 测试商品测试商品测试商品测试商品测试商品测试商品测试商品测试商品测试商品','127.0.0.1'),(82,1402622198,1,'编辑商品: 测试商品测试商品测试商品测试商品测试商品测试商品测试商品测试商品测试商品','127.0.0.1'),(83,1402622208,1,'编辑商品: 测试商品测试商品测试商品测试商品测试商品测试商品测试商品测试商品测试商品','127.0.0.1'),(84,1402622265,1,'编辑商品: 测试商品测试商品测试商品测试商品测试商品测试商品测试商品测试商品测试商品','127.0.0.1'),(85,1402622271,1,'编辑商品: 测试商品测试商品测试商品测试商品测试商品测试商品测试商品测试商品测试商品','127.0.0.1'),(86,1402622277,1,'编辑商品: 测试商品测试商品测试商品测试商品测试商品测试商品测试商品测试商品测试商品','127.0.0.1'),(87,1402622284,1,'编辑商品: 测试商品测试商品测试商品测试商品测试商品测试商品测试商品测试商品测试商品','127.0.0.1'),(88,1402622304,1,'编辑商品: 测试商品测试商品测试商品测试商品测试商品测试商品测试商品测试商品测试商品','127.0.0.1'),(89,1402622310,1,'编辑商品: 测试商品测试商品测试商品测试商品测试商品测试商品测试商品测试商品测试商品','127.0.0.1'),(90,1402622317,1,'编辑商品: 测试商品测试商品测试商品测试商品测试商品测试商品测试商品测试商品测试商品','127.0.0.1'),(91,1402622323,1,'编辑商品: 测试商品测试商品测试商品测试商品测试商品测试商品测试商品测试商品测试商品','127.0.0.1'),(92,1402622334,1,'编辑商品: 测试商品测试商品测试商品测试商品测试商品测试商品测试商品测试商品测试商品','127.0.0.1'),(93,1402622343,1,'编辑商品: 测试商品测试商品测试商品测试商品测试商品测试商品测试商品测试商品测试商品','127.0.0.1'),(94,1402622371,1,'编辑商品: 测试商品测试商品测试商品测试商品测试商品测试商品测试商品测试商品测试商品','127.0.0.1'),(95,1402622406,1,'编辑商品: 测试商品测试商品测试商品测试商品测试商品测试商品测试商品测试商品测试商品','127.0.0.1'),(96,1402622416,1,'编辑商品: 测试商品测试商品测试商品测试商品测试商品测试商品测试商品测试商品测试商品','127.0.0.1'),(97,1402622429,1,'编辑商品: 测试商品测试商品测试商品测试商品测试商品测试商品测试商品测试商品测试商品','127.0.0.1'),(98,1402627531,1,'添加属性: 分辨率','127.0.0.1'),(99,1402627557,1,'添加属性: 系统','127.0.0.1'),(100,1402627574,1,'添加属性: 待机时间','127.0.0.1'),(101,1402627601,1,'编辑商品: 测试商品测试商品测试商品测试商品测试商品测试商品测试商品测试商品测试商品','127.0.0.1'),(102,1402627619,1,'编辑商品: 测试商品测试商品测试商品测试商品测试商品测试商品测试商品测试商品测试商品','127.0.0.1'),(103,1402627647,1,'编辑商品: 测试商品测试商品测试商品测试商品测试商品测试商品测试商品测试商品测试商品','127.0.0.1'),(104,1402627683,1,'编辑商品: 测试商品测试商品测试商品测试商品测试商品测试商品测试商品测试商品测试商品','127.0.0.1'),(105,1403681774,1,'编辑商品: 68ecshop供货商测试商品','127.0.0.1'),(106,1403681782,1,'编辑商品: 68ecshop供货商测试商品','127.0.0.1'),(107,1403681788,1,'编辑商品: 68ecshop供货商测试商品','127.0.0.1'),(108,1403743539,1,'添加商品: 68ecshop测试商品22','127.0.0.1'),(109,1403743574,1,'添加商品: 68ecshop测试商品222','127.0.0.1'),(110,1403743602,1,'添加商品: 68ecshop测试商品2123','127.0.0.1'),(111,1403743625,1,'添加商品: 68ecshop商城模板op商城模板测试商品46','127.0.0.1'),(112,1403743633,1,'编辑商品: 68ecshop测试商品22','127.0.0.1'),(113,1403743640,1,'编辑商品: 68ecshop测试商品222','127.0.0.1'),(114,1403743646,1,'编辑商品: 68ecshop测试商品2123','127.0.0.1'),(115,1403743651,1,'编辑商品: 68ecshop商城模板op商城模板测试商品46','127.0.0.1'),(116,1404203109,1,'编辑商品: 68ecshop商城模板op商城模板测试商品46','127.0.0.1'),(117,1404203185,1,'编辑商品: 68ecshop商城模板op商城模板测试商品46','127.0.0.1'),(118,1404208436,1,'编辑商店设置: ','127.0.0.1'),(119,1404208446,1,'编辑商店设置: ','127.0.0.1'),(120,1404268336,1,'编辑商品分类: 大 家 电','127.0.0.1'),(121,1404268831,1,'编辑商品分类: 大 家 电','127.0.0.1'),(122,1404268949,1,'编辑商品分类: 大 家 电','127.0.0.1'),(123,1404269019,1,'编辑商品分类: 大 家 电','127.0.0.1'),(124,1404269046,1,'编辑商品分类: 大 家 电','127.0.0.1'),(125,1404291595,1,'编辑商店设置: ','127.0.0.1'),(126,1404539885,1,'编辑商店设置: ','127.0.0.1'),(127,1404714668,1,'编辑会员账号: 68ecshop','127.0.0.1'),(128,1404732681,0,'添加商品: 68测试商品','127.0.0.1'),(129,1404806422,1,'编辑权限管理: admin','127.0.0.1'),(130,1404868990,1,'编辑商店设置: ','127.0.0.1'),(131,1404869314,1,'编辑商店设置: ','127.0.0.1'),(132,1404870823,1,'编辑商店设置: ','127.0.0.1'),(133,1404870851,1,'编辑商店设置: ','127.0.0.1'),(134,1404871023,1,'编辑商店设置: ','127.0.0.1'),(135,1404884145,1,'编辑支付方式: 支付宝','127.0.0.1'),(136,1404886477,1,'添加商品: 采集商品测试','127.0.0.1'),(137,1404887467,1,'编辑商品: 相宜本草 红石榴鲜活亮白护肤套装  抗光晒老化 美白 抗氧化去黄','127.0.0.1'),(138,1404887737,1,'编辑商品: 相宜本草 红石榴鲜活亮白护肤套装  抗光晒老化 美白 抗氧化去黄','127.0.0.1'),(139,1404887788,1,'编辑商品: 相宜本草 红石榴鲜活亮白护肤套装  抗光晒老化 美白 抗氧化去黄','127.0.0.1'),(140,1404889393,1,'安装支付方式: 支付宝-网银直连','127.0.0.1'),(141,1404890947,1,'编辑商品: 红玫瑰花礼盒装鲜花速递全国送花上海鲜花杭州北京武汉深圳配送花','127.0.0.1'),(142,1404891000,1,'编辑商品: 红玫瑰花礼盒装鲜花速递全国送花上海鲜花杭州北京武汉深圳配送花','127.0.0.1'),(143,1404899416,1,'编辑商店设置: ','127.0.0.1'),(144,1404962380,1,'编辑商品: 正品军迷衬衣 军装户外 纯棉热卖长短两用衬衣 经典款热卖衬衫','127.0.0.1'),(145,1404991728,1,'编辑会员账号: 68ecshop','127.0.0.1'),(146,1404996067,1,'编辑会员账号: yingying','127.0.0.1'),(147,1405039163,1,'安装配送方式: 圆通速递','127.0.0.1'),(148,1405039173,1,'添加配送区域: 中国','127.0.0.1'),(149,1405039458,1,'添加商品贺卡: 祝福贺卡','127.0.0.1'),(150,1405039471,1,'编辑商品贺卡: 祝福贺卡','127.0.0.1'),(151,1405039496,1,'编辑超值礼包: asdf','127.0.0.1'),(152,1405040114,1,'编辑会员账号: 68ecshop','127.0.0.1'),(153,1405042697,1,'编辑商品: 爱丽缇 2014新款女装夏 韩版甜美修身白色蕾丝雪纺欧根纱连衣裙','127.0.0.1'),(154,1405042774,1,'编辑商品: 【718大牌日】妖精的口袋 桃花桥2014立体宫廷女欧美风印花连衣裙','127.0.0.1'),(155,1405042837,1,'编辑商品: 【718大牌日】妖精的口袋 桃花桥2014立体宫廷女欧美风印花连衣裙','127.0.0.1'),(156,1405042879,1,'编辑商品: 艺元素2014春夏新款 淑女五分袖蕾丝连衣裙蓬蓬裙公主裙韩版','127.0.0.1'),(157,1405042963,1,'编辑商品: 艺元素2014春夏新款 淑女五分袖蕾丝连衣裙蓬蓬裙公主裙韩版','127.0.0.1'),(158,1405043048,1,'编辑商品: 小米官方旗舰店正品 MIUI/小米 小米手机3 米3大屏四核现货包邮','127.0.0.1'),(159,1405043104,1,'编辑商品: 【全新原封未激活/包邮】 Apple/苹果 iPhone 4s 8G 苹果4S手机','127.0.0.1'),(160,1405043116,1,'编辑商品: 红玫瑰花礼盒装鲜花速递全国送花上海鲜花杭州北京武汉深圳配送花','127.0.0.1'),(161,1405043281,1,'编辑商品: ROTA/润唐DJ22B-2128豆腐机家用智能全自动多功能豆浆机特价包邮','127.0.0.1'),(162,1405043327,1,'编辑商品: Sunpentown/尚朋堂YS-IC2325AD凹面电磁炉双圈陶瓷板送锅正品家用','127.0.0.1'),(163,1405043437,1,'编辑商品: 欧诗漫专柜正品营养美肤系列套装补水保湿珍珠美白护肤化妆品女士','127.0.0.1'),(164,1405043529,1,'编辑商品: 御泥坊美白嫩肤蚕丝面膜贴20片补水保湿提亮肤色去黄气护肤品套装','127.0.0.1'),(165,1405043579,1,'编辑商品: 草木之心抹茶龙井原生菁萃 控油补水4件套装美白紧致 护肤化妆品','127.0.0.1'),(166,1405043607,1,'编辑商品: 【包邮】The Face Shop 面部护肤套装 金盏花水乳 敏感肌肤 进口','127.0.0.1'),(167,1405043646,1,'编辑商品: 梵洁诗正品玫瑰系列保湿套装 补水美白护肤女 夏季夏天整套化妆品','127.0.0.1'),(168,1405043718,1,'编辑商品: 泉润三层补水套装 正品专柜 保湿美白护肤爽肤水 乳液 洁面乳','127.0.0.1'),(169,1405043802,1,'编辑商品: 泉润三层补水套装 正品专柜 保湿美白护肤爽肤水 乳液 洁面乳','127.0.0.1'),(170,1405043862,1,'编辑商品: 泉润三层补水套装 正品专柜 保湿美白护肤爽肤水 乳液 洁面乳','127.0.0.1'),(171,1405043969,1,'编辑商品: 泉润三层补水套装 正品专柜 保湿美白护肤爽肤水 乳液 洁面乳','127.0.0.1'),(172,1405044048,1,'编辑商品: 68ecshop测试商品3','127.0.0.1'),(173,1405044103,1,'编辑商品: 68ecshop测试商品3','127.0.0.1'),(174,1405044194,1,'编辑商品: 芳丹薄罗 韩国蜗牛化妆品护肤套装 美白补水保湿水乳霜 正品女','127.0.0.1'),(175,1405044272,1,'编辑商品: 68ecshop测试商品2','127.0.0.1'),(176,1405044304,1,'编辑商品: 68ecshop测试商品2','127.0.0.1'),(177,1405044373,1,'编辑商品: 68ecshop测试商品2','127.0.0.1'),(178,1404202724,1,'编辑订单: 2014070124467','127.0.0.1'),(179,1405300346,1,'编辑商店设置: ','127.0.0.1'),(180,1405308806,1,'编辑会员账号: echsop开发','127.0.0.1'),(181,1405475583,1,'编辑订单: 2014071108171','127.0.0.1'),(182,1405477303,1,'编辑商品: 相宜本草 红石榴鲜活亮白护肤套装  抗光晒老化 美白 抗氧化去黄','127.0.0.1'),(183,1405477698,1,'编辑商品: 相宜本草 红石榴鲜活亮白护肤套装  抗光晒老化 美白 抗氧化去黄','127.0.0.1'),(184,1405477898,1,'编辑商品: 相宜本草 红石榴鲜活亮白护肤套装  抗光晒老化 美白 抗氧化去黄','127.0.0.1'),(185,1405478111,1,'编辑商品: 相宜本草 红石榴鲜活亮白护肤套装  抗光晒老化 美白 抗氧化去黄','127.0.0.1'),(186,1405480450,1,'编辑商品: 相宜本草 红石榴鲜活亮白护肤套装  抗光晒老化 美白 抗氧化去黄','127.0.0.1'),(187,1405501425,1,'编辑商品: 测试商品测试商品测试商品测试商品测试商品测试商品测试商品测试商品测试商品','127.0.0.1'),(188,1405501453,1,'编辑商品: 相宜本草 红石榴鲜活亮白护肤套装  抗光晒老化 美白 抗氧化去黄','127.0.0.1'),(189,1405581777,1,'编辑商品: 相宜本草 红石榴鲜活亮白护肤套装  抗光晒老化 美白 抗氧化去黄','127.0.0.1'),(190,1405581849,1,'编辑商品: 相宜本草 红石榴鲜活亮白护肤套装  抗光晒老化 美白 抗氧化去黄','127.0.0.1'),(191,1405582849,1,'编辑商品: 相宜本草 红石榴鲜活亮白护肤套装  抗光晒老化 美白 抗氧化去黄','127.0.0.1'),(192,1405648675,1,'编辑用户评论: 回复','127.0.0.1'),(193,1405648782,1,'删除操作日志: ','127.0.0.1'),(194,1405648789,1,'删除操作日志: ','127.0.0.1'),(195,1405648796,1,'删除操作日志: ','127.0.0.1'),(196,1405648802,1,'删除操作日志: ','127.0.0.1'),(197,1405648809,1,'删除操作日志: ','127.0.0.1'),(198,1405648815,1,'删除操作日志: ','127.0.0.1'),(199,1405648821,1,'删除操作日志: ','127.0.0.1'),(200,1405648829,1,'删除操作日志: ','127.0.0.1'),(201,1405648835,1,'删除操作日志: ','127.0.0.1'),(202,1405648841,1,'删除操作日志: ','127.0.0.1'),(203,1405648847,1,'删除操作日志: ','127.0.0.1'),(204,1405648853,1,'删除操作日志: ','127.0.0.1'),(205,1405648859,1,'删除操作日志: ','127.0.0.1'),(206,1405673506,1,'编辑会员账号: 68ecshop','127.0.0.1'),(207,1405905352,1,'编辑商品: 相宜本草 红石榴鲜活亮白护肤套装  抗光晒老化 美白 抗氧化去黄','127.0.0.1'),(208,1405906045,1,'编辑商品: 相宜本草 红石榴鲜活亮白护肤套装  抗光晒老化 美白 抗氧化去黄','127.0.0.1'),(209,1405906078,1,'商品: 60','127.0.0.1'),(210,1405906078,1,'商品: 60','127.0.0.1'),(211,1405906078,1,'商品: 60','127.0.0.1'),(212,1405906390,1,'添加商品: 68ecshop测试商品','127.0.0.1'),(213,1405906412,1,'编辑属性: 颜色','127.0.0.1'),(214,1405906433,1,'编辑商店设置: ','127.0.0.1'),(215,1405906499,1,'编辑商品: 68ecshop测试商品','127.0.0.1'),(216,1405906517,1,'商品: 61','127.0.0.1'),(217,1405906517,1,'商品: 61','127.0.0.1'),(218,1405906517,1,'商品: 61','127.0.0.1'),(219,1405988440,1,'编辑会员账号: 68ec','127.0.0.1'),(220,1405989307,1,'编辑商店设置: ','127.0.0.1'),(221,1406095298,1,'添加商品: dfdfsdf11111','127.0.0.1'),(222,1406095326,1,'编辑商品: dfdfsdf11111','127.0.0.1'),(223,1406095511,1,'商品: 62','127.0.0.1'),(224,1406095526,1,'商品: 62','127.0.0.1'),(225,1406172580,1,'删除商品贺卡: 祝福贺卡','127.0.0.1'),(226,1406172583,1,'删除商品包装: 精品包装','127.0.0.1'),(227,1406172653,1,'编辑商店设置: ','127.0.0.1'),(228,1406172775,1,'安装支付方式: 余额支付','127.0.0.1'),(229,1406173301,1,'卸载支付方式: balance','127.0.0.1'),(230,1406184137,1,'编辑商店设置: ','127.0.0.1'),(231,1406184682,1,'编辑商品: 68ecshop测试商品','127.0.0.1'),(232,1406681849,1,'编辑会员账号: yingying','127.0.0.1'),(233,1406681974,1,'编辑会员账号: asdfasd','127.0.0.1'),(234,1406708925,1,'编辑商店设置: ','127.0.0.1'),(235,1406772434,1,'编辑会员账号: echsop开发','127.0.0.1'),(236,1406857521,1,'编辑商店设置: ','127.0.0.1'),(237,1406857534,1,'编辑商店设置: ','127.0.0.1'),(238,1406873508,1,'添加商品: 商品一','127.0.0.1'),(239,1406873564,1,'编辑商品: 商品一','127.0.0.1'),(240,1406873632,1,'编辑商品: 商品一','127.0.0.1'),(241,1406873689,1,'添加商品: 商品三','127.0.0.1'),(242,1406873700,1,'编辑商品: 商品三','127.0.0.1'),(243,1407293903,1,'编辑会员账号: echsop开发','127.0.0.1'),(244,1407296667,1,'编辑会员账号: echsop开发','127.0.0.1'),(245,1407804368,1,'卸载支付方式: chinabank','127.0.0.1'),(246,1407804432,1,'安装支付方式: 货到付款','127.0.0.1'),(247,1407805017,1,'卸载支付方式: alipay_bank','127.0.0.1'),(248,1407805140,1,'安装支付方式: 支付宝-网银直连','127.0.0.1'),(249,1407821396,1,'添加: ','127.0.0.1'),(250,1407821566,1,'添加: ','127.0.0.1'),(251,1407822146,1,'添加: ','127.0.0.1'),(252,1407985461,1,'添加: 女人','127.0.0.1'),(253,1407985520,1,'删除: 女人','127.0.0.1'),(254,1407985565,1,'删除: 女人','127.0.0.1'),(255,1407986228,1,'添加: 女人','127.0.0.1'),(256,1408094353,1,'编辑会员账号: echsop开发','127.0.0.1'),(257,1408094441,1,'编辑会员账号: 68ec','127.0.0.1'),(258,1408156894,1,'删除: 女人','127.0.0.1'),(259,1408156937,1,'删除: 女人','127.0.0.1');
/*!40000 ALTER TABLE `ecs_admin_log` ENABLE KEYS */;
UNLOCK TABLES;

--
-- Table structure for table `ecs_admin_message`
--

DROP TABLE IF EXISTS `ecs_admin_message`;
/*!40101 SET @saved_cs_client     = @@character_set_client */;
/*!40101 SET character_set_client = utf8 */;
CREATE TABLE `ecs_admin_message` (
  `message_id` smallint(5) unsigned NOT NULL AUTO_INCREMENT,
  `sender_id` tinyint(3) unsigned NOT NULL DEFAULT '0',
  `receiver_id` tinyint(3) unsigned NOT NULL DEFAULT '0',
  `sent_time` int(11) unsigned NOT NULL DEFAULT '0',
  `read_time` int(11) unsigned NOT NULL DEFAULT '0',
  `readed` tinyint(1) unsigned NOT NULL DEFAULT '0',
  `deleted` tinyint(1) unsigned NOT NULL DEFAULT '0',
  `title` varchar(150) NOT NULL DEFAULT '',
  `message` text NOT NULL,
  PRIMARY KEY (`message_id`),
  KEY `sender_id` (`sender_id`,`receiver_id`),
  KEY `receiver_id` (`receiver_id`)
) ENGINE=MyISAM DEFAULT CHARSET=utf8;
/*!40101 SET character_set_client = @saved_cs_client */;

--
-- Dumping data for table `ecs_admin_message`
--

LOCK TABLES `ecs_admin_message` WRITE;
/*!40000 ALTER TABLE `ecs_admin_message` DISABLE KEYS */;
/*!40000 ALTER TABLE `ecs_admin_message` ENABLE KEYS */;
UNLOCK TABLES;

--
-- Table structure for table `ecs_admin_user`
--

DROP TABLE IF EXISTS `ecs_admin_user`;
/*!40101 SET @saved_cs_client     = @@character_set_client */;
/*!40101 SET character_set_client = utf8 */;
CREATE TABLE `ecs_admin_user` (
  `user_id` smallint(5) unsigned NOT NULL AUTO_INCREMENT,
  `user_name` varchar(60) NOT NULL DEFAULT '',
  `email` varchar(60) NOT NULL DEFAULT '',
  `password` varchar(32) NOT NULL DEFAULT '',
  `ec_salt` varchar(10) DEFAULT NULL,
  `add_time` int(11) NOT NULL DEFAULT '0',
  `last_login` int(11) NOT NULL DEFAULT '0',
  `last_ip` varchar(15) NOT NULL DEFAULT '',
  `action_list` text NOT NULL,
  `nav_list` text NOT NULL,
  `lang_type` varchar(50) NOT NULL DEFAULT '',
  `agency_id` smallint(5) unsigned NOT NULL,
  `suppliers_id` smallint(5) unsigned DEFAULT '0',
  `todolist` longtext,
  `role_id` smallint(5) DEFAULT NULL,
  PRIMARY KEY (`user_id`),
  KEY `user_name` (`user_name`),
  KEY `agency_id` (`agency_id`)
) ENGINE=MyISAM AUTO_INCREMENT=3 DEFAULT CHARSET=utf8;
/*!40101 SET character_set_client = @saved_cs_client */;

--
-- Dumping data for table `ecs_admin_user`
--

LOCK TABLES `ecs_admin_user` WRITE;
/*!40000 ALTER TABLE `ecs_admin_user` DISABLE KEYS */;
INSERT INTO `ecs_admin_user` VALUES (1,'admin','3@e.com','9620357b40bb50b9169af2ea3937c777','5034',1388476833,1408321712,'127.0.0.1','all','商品列表|goods.php?act=list,订单列表|order.php?act=list,用户评论|comment_manage.php?act=list,会员列表|users.php?act=list,商店设置|shop_config.php?act=list_edit','',0,0,'',0),(2,'admin1','admin1@admin.com','0192023a7bbd73250516f069df18b500',NULL,1406512220,0,'','','商品列表|goods.php?act=list,订单列表|order.php?act=list,用户评论|comment_manage.php?act=list,会员列表|users.php?act=list,商店设置|shop_config.php?act=list_edit','',0,0,NULL,0);
/*!40000 ALTER TABLE `ecs_admin_user` ENABLE KEYS */;
UNLOCK TABLES;

--
-- Table structure for table `ecs_adsense`
--

DROP TABLE IF EXISTS `ecs_adsense`;
/*!40101 SET @saved_cs_client     = @@character_set_client */;
/*!40101 SET character_set_client = utf8 */;
CREATE TABLE `ecs_adsense` (
  `from_ad` smallint(5) NOT NULL DEFAULT '0',
  `referer` varchar(255) NOT NULL DEFAULT '',
  `clicks` int(10) unsigned NOT NULL DEFAULT '0',
  KEY `from_ad` (`from_ad`)
) ENGINE=MyISAM DEFAULT CHARSET=utf8;
/*!40101 SET character_set_client = @saved_cs_client */;

--
-- Dumping data for table `ecs_adsense`
--

LOCK TABLES `ecs_adsense` WRITE;
/*!40000 ALTER TABLE `ecs_adsense` DISABLE KEYS */;
INSERT INTO `ecs_adsense` VALUES (118,'本站',3),(119,'本站',2),(131,'本站',1),(24,'本站',1),(121,'本站',1),(120,'本站',1),(137,'本站',1),(23,'本站',1),(3,'本站',1),(25,'本站',1),(84,'本站',1),(153,'本站',1),(124,'本站',1),(123,'本站',1);
/*!40000 ALTER TABLE `ecs_adsense` ENABLE KEYS */;
UNLOCK TABLES;

--
-- Table structure for table `ecs_affiliate_log`
--

DROP TABLE IF EXISTS `ecs_affiliate_log`;
/*!40101 SET @saved_cs_client     = @@character_set_client */;
/*!40101 SET character_set_client = utf8 */;
CREATE TABLE `ecs_affiliate_log` (
  `log_id` mediumint(8) NOT NULL AUTO_INCREMENT,
  `order_id` mediumint(8) NOT NULL,
  `time` int(10) NOT NULL,
  `user_id` mediumint(8) NOT NULL,
  `user_name` varchar(60) DEFAULT NULL,
  `money` decimal(10,2) NOT NULL DEFAULT '0.00',
  `point` int(10) NOT NULL DEFAULT '0',
  `separate_type` tinyint(1) NOT NULL DEFAULT '0',
  PRIMARY KEY (`log_id`)
) ENGINE=MyISAM DEFAULT CHARSET=utf8;
/*!40101 SET character_set_client = @saved_cs_client */;

--
-- Dumping data for table `ecs_affiliate_log`
--

LOCK TABLES `ecs_affiliate_log` WRITE;
/*!40000 ALTER TABLE `ecs_affiliate_log` DISABLE KEYS */;
/*!40000 ALTER TABLE `ecs_affiliate_log` ENABLE KEYS */;
UNLOCK TABLES;

--
-- Table structure for table `ecs_agency`
--

DROP TABLE IF EXISTS `ecs_agency`;
/*!40101 SET @saved_cs_client     = @@character_set_client */;
/*!40101 SET character_set_client = utf8 */;
CREATE TABLE `ecs_agency` (
  `agency_id` smallint(5) unsigned NOT NULL AUTO_INCREMENT,
  `agency_name` varchar(255) NOT NULL,
  `agency_desc` text NOT NULL,
  PRIMARY KEY (`agency_id`),
  KEY `agency_name` (`agency_name`)
) ENGINE=MyISAM DEFAULT CHARSET=utf8;
/*!40101 SET character_set_client = @saved_cs_client */;

--
-- Dumping data for table `ecs_agency`
--

LOCK TABLES `ecs_agency` WRITE;
/*!40000 ALTER TABLE `ecs_agency` DISABLE KEYS */;
/*!40000 ALTER TABLE `ecs_agency` ENABLE KEYS */;
UNLOCK TABLES;

--
-- Table structure for table `ecs_area_region`
--

DROP TABLE IF EXISTS `ecs_area_region`;
/*!40101 SET @saved_cs_client     = @@character_set_client */;
/*!40101 SET character_set_client = utf8 */;
CREATE TABLE `ecs_area_region` (
  `shipping_area_id` smallint(5) unsigned NOT NULL DEFAULT '0',
  `region_id` smallint(5) unsigned NOT NULL DEFAULT '0',
  PRIMARY KEY (`shipping_area_id`,`region_id`)
) ENGINE=MyISAM DEFAULT CHARSET=utf8;
/*!40101 SET character_set_client = @saved_cs_client */;

--
-- Dumping data for table `ecs_area_region`
--

LOCK TABLES `ecs_area_region` WRITE;
/*!40000 ALTER TABLE `ecs_area_region` DISABLE KEYS */;
INSERT INTO `ecs_area_region` VALUES (1,1),(2,2),(3,1);
/*!40000 ALTER TABLE `ecs_area_region` ENABLE KEYS */;
UNLOCK TABLES;

--
-- Table structure for table `ecs_article`
--

DROP TABLE IF EXISTS `ecs_article`;
/*!40101 SET @saved_cs_client     = @@character_set_client */;
/*!40101 SET character_set_client = utf8 */;
CREATE TABLE `ecs_article` (
  `article_id` mediumint(8) unsigned NOT NULL AUTO_INCREMENT,
  `cat_id` smallint(5) NOT NULL DEFAULT '0',
  `title` varchar(150) NOT NULL DEFAULT '',
  `content` longtext NOT NULL,
  `author` varchar(30) NOT NULL DEFAULT '',
  `author_email` varchar(60) NOT NULL DEFAULT '',
  `keywords` varchar(255) NOT NULL DEFAULT '',
  `article_type` tinyint(1) unsigned NOT NULL DEFAULT '2',
  `is_open` tinyint(1) unsigned NOT NULL DEFAULT '1',
  `add_time` int(10) unsigned NOT NULL DEFAULT '0',
  `file_url` varchar(255) NOT NULL DEFAULT '',
  `open_type` tinyint(1) unsigned NOT NULL DEFAULT '0',
  `link` varchar(255) NOT NULL DEFAULT '',
  `description` varchar(255) DEFAULT NULL,
  PRIMARY KEY (`article_id`),
  KEY `cat_id` (`cat_id`)
) ENGINE=MyISAM AUTO_INCREMENT=79 DEFAULT CHARSET=utf8;
/*!40101 SET character_set_client = @saved_cs_client */;

--
-- Dumping data for table `ecs_article`
--

LOCK TABLES `ecs_article` WRITE;
/*!40000 ALTER TABLE `ecs_article` DISABLE KEYS */;
INSERT INTO `ecs_article` VALUES (1,2,'免责条款','','','','',0,1,1291604914,'',0,'',''),(2,2,'隐私保护','','','','',0,1,1291604914,'',0,'',''),(3,2,'咨询热点','','','','',0,1,1291604914,'',0,'',''),(4,2,'联系我们','','','','',0,1,1291604914,'',0,'',''),(5,2,'公司简介','','','','',0,1,1291604914,'',0,'',''),(6,-1,'用户协议','','','','',0,1,1291604914,'',0,'',''),(7,4,'三星电子宣布将在中国发布15款3G手机','<p>全球领先的电子产品及第二大移动通信终端制造商三星电子今天在北京宣布，为全面支持中国开展3G移动通信业务，将在3G服务正式商用之际，向中国市场推出 15款3G手机。这些产品分别支持中国三大无线运营商的各种3G服务，并已经得到运营商的合作认可。凭借在电子和通信领域的整体技术实力和对消费者的准确 把握，三星电子已经开始全面发力中国的3G移动通信市场。<br />\n<br />\n&nbsp;&nbsp;&nbsp;&nbsp;2009年1月，中国政府宣布正式启动3G移动通信服务。并根据中国的实际情况，决定由三大运营商分别采用全部三种3G网络制式，&nbsp;即以中国自主知识产权为核心的TD-SCDMA，以欧洲为主要市场的WCDMA和源自北美的CDMA2000技术。<br />\n<br />\n&nbsp;&nbsp;&nbsp;&nbsp;多 年来，三星电子秉承&ldquo;做中国人民喜爱的企业，贡献于中国社会的企业&rdquo;的企业理念，准确地把握了中国社会的发展和市场的需求，推出了一系列深受中国消费者喜 爱的电子产品。为了配合中国推进具有自主知识产权的3G移动通信标准TD-SCDMA，&nbsp;三星电子从2000年开始在中国设立了通信技术研究院，&nbsp;开始进 行TD-SCDMA技术的研究。作为最早承诺支持中国3G标准的手机制造企业，三星电子已经先后投入了上亿元的研究费用，&nbsp;组建了几百人的研发团队。推出 的TD-SCDMA制式的产品，不仅通过了各级权威部门的试验和检测，也经历了2008年北京奥运会的现场考验。此次为中国移动定制的TD-SCDMA手 机，包括了满足高端商务需求的双待产品B7702C，以及数字电视手机、多媒体手机和时尚手机。<br />\n<br />\n&nbsp;&nbsp;&nbsp;&nbsp;作为世界第二大手机制造企业，三 星电子已经在全球3G市场积累了多年的技术和市场经验。最新的统计表明，在完全采用WCDMA标准的欧洲，三星电子的市场份额已经排名第二。在为中国联通 准备的产品中，不仅包括能够支持HSDPA的高端多媒体手机S7520U，也涵盖了能够支持高速上网、在线电影、在线音乐等适合不同消费需求的各种产品。<br />\n<br />\n&nbsp;&nbsp;&nbsp;&nbsp;而 在主要采用CDMA2000技术的北美市场，三星电子也取得了市场份额的第一名。即将陆续上市的支持中国电信3G服务的EVDO产品，有高端商务手机 W709。该机能够支持EVDO/GSM的双网双待功能，含800万像素拍摄系统。其他产品还包括音乐手机M609，双模手机W239，以及时尚设计的 F539等。<br />\n<br />\n&nbsp;&nbsp;&nbsp;&nbsp;作为世界上少数能够提供支持三种3G标准的终端厂商，三星电子正利用其在通信、半导体、显示器以及数字多媒体等方面 的优势，加快产品数字融合的进程。除上述3G手机产品外，三星电子也于近期推出了用于3G网络的上网卡和网络笔记本电脑。三星电子专务、无线事业部大中华 区高级副总裁卢基学先生说，&ldquo;上述15款新品，&nbsp;只是我们二季度新产品的一部分。随着中国3G移动通信市场的不断扩大，三星还将推出更多适合中国市场的终 端产品，以满足消费者对于通信和数字产品的不同需求。三星也将积极配合运营商业务的发展计划，加快技术和应用的研发。中国3G的移动通信市场前景将是非常 明亮的。&rdquo;</p>','','','',0,1,1241426864,'',0,'http://',''),(8,4,'诺基亚牵手移动 5款热门TD手机机型推荐','<table width=\"100%\" cellspacing=\"0\" cellpadding=\"4\" align=\"center\" class=\"tableborder\">\r\n<tbody>\r\n<tr>\r\n<td width=\"180\" valign=\"top\" class=\"altbg4\">&nbsp;</td>\r\n<td height=\"100%\" valign=\"top\" class=\"altbg3\">\r\n<table cellspacing=\"0\" cellpadding=\"0\" border=\"0\" style=\"padding: 5px; table-layout: fixed; width: 973px; height: 2195px;\">\r\n<tbody>\r\n<tr>\r\n<td valign=\"top\">\r\n<div class=\"bbs_content clearfix\">随着5月17日电信日的来临，自从09年初网民对于3G方面关注越来越多，目前国内3G网络主要有中国移动TD-SCDMA，中国联通WCDMA以及 中国电信的CDMA2000这三种制式。到底是哪一种网络制式能让消费者满意，相信好多消费者都难以判断。<br />\r\n<br />\r\n而作为3G网络最主要的组 成部分-手持终端（手机） ，相信也是好多消费者关注的焦点。目前，中国移动TD-SCDMA手机机型频频爆出，其中不乏亮点产品，像联想联想 Ophone、诺基亚、多普达 Magic等，下面就让笔者与大家一起来了解TD-SCDMA网络制式下的几款强势机型吧。<br />\r\n<br />\r\n诺基亚TD-SCDMA手机　型号：待定　参考报价：尚未上市<br />\r\n<br />\r\n随着国内3G网络发展速度加快及众多手机厂商纷纷跟进，诺基亚终于推出TD-SCDMA手机，这款诺基亚的首台TD-SCDMA测试手机型号目前仍无法 得知，但从键盘及菜单设计来看，我们可以是知道其并没有采用S60操作系统，只是配备了S40系统，机身直板造型与早期热卖的6300有几分相像。<br />\r\n<br />\r\n<p><img width=\"450\" alt=\"\" src=\"http://dstatic.esqimg.com/4812278/1.jpg\" style=\"display: block;\" /></p>\r\n<br />\r\n<br />\r\n图为：诺基亚TD-SCDMA手机<br />\r\n<br />\r\n虽然没有更多的参数资料，但是从曝光的图片我们可以知道这款诺基亚TD-SCDMA手机必定配备了QVGA分辨率的屏幕以及320万像素的摄像头，而标准的MP3以及蓝牙等功能自然不会缺少，在功能方面不会比以往的S40手机逊色。<br />\r\n<br />\r\n<p><img width=\"450\" alt=\"\" src=\"http://dstatic.esqimg.com/4812279/2.jpg\" style=\"display: block;\" /></p>\r\n<br />\r\n<br />\r\n图为：诺基亚TD-SCDMA手机<br />\r\n<br />\r\n这款诺基亚的TD手机最大的卖点便是提供了对TD-HSDPA技术的支持，最大的功能特色便是该技术被看为是TD网络下一步的演进技术，能够同时适用于 WCDMA和TD-SCDMA两种不同的网络支持，能够很好的支持非对称的数据业务，也就是说这款诺基亚手机的用户即便在全球漫游都能够使用到3G网络。 而其机身前置的摄像头也更是证实了其3G手机的身份。<br />\r\n<br />\r\n<p><img width=\"450\" alt=\"\" src=\"http://dstatic.esqimg.com/4812280/3.jpg\" style=\"display: block;\" /></p>\r\n<p><br />\r\n<br />\r\n图为：诺基亚TD-SCDMA手机<br />\r\n<br />\r\n从目前曝光的测试情况来看，通过这款诺基亚TD手机连接网络，其下载速度能够稳定在1.3Mbps左右，不过根据国内有些媒体的报道，诺基亚官方已经证实将于今天下半年配合运营商中国移动对出自己的第一款TD-SCDMA制式的S60手机，大家要拭目以待了。</p>\r\n<p>&nbsp;</p>\r\n图为：诺基亚TD-SCDMA手机<br />\r\n<br />\r\n最后较为耐人寻味的便是目前有业内人士指出目前曝光的的诺基亚TD手机其实是去年夏季就出现过的 TD测试手机，但是随着诺基亚拥有部分股份的TD芯片厂商&ldquo;凯明&rdquo;的倒闭，这款机型也就被取消了。尽管对于目前这款诺基亚的TD测试手机的身份尚无官方的 消息，但是诺基亚将推出TD手机遗失毫无悬念的事情了，相信大家也希望在TD制式下能够有更多的手机可以选择。</div>\r\n</td>\r\n</tr>\r\n</tbody>\r\n</table>\r\n</td>\r\n</tr>\r\n</tbody>\r\n</table>\r\n<p>&nbsp;</p>','','','',0,1,1241427051,'',0,'http://',''),(9,5,'售后流程','','','','',0,1,1242576700,'',0,'http://',''),(10,5,'购物流程','<p><img height=\"4587\" width=\"813\" alt=\"\" src=\"/ec273cn/utf/360buy2013/images/upload/Image/11111.jpg\" /></p>','','','',0,1,1242576717,'',0,'http://',''),(11,5,'订购方式','<p>1、增加用户体验、提高工作效率，高效率就是高收益</p>\r\n<p>2、后台操作时经常迷失在点了哪个分类菜单，现在你不用怕了，选哪个就标注哪个，用了68ecshop模板你还用愁吗？</p>\r\n<p><br />\r\n&nbsp;</p>','','','',0,1,1242576727,'',0,'http://',''),(48,15,'买王裔佳干货满40元送食用油','','','','',0,1,1295598203,'',0,'http://',''),(49,15,'金樱花牌豆豉鲮鱼罐头第二轮促销','','','','',0,1,1295598222,'',0,'http://',''),(50,15,'白酒75折起 买就返50元购物券','','','','',0,1,1295598239,'',0,'http://',''),(51,13,'面部护理满额送157元家','','','','',0,1,1296113247,'',0,'http://',''),(52,13,'买家庭护理用品送宝洁魅力','','','','',0,1,1296113269,'',0,'http://',''),(53,13,'买名品香水送博柏利女士香','','','','',0,1,1296113710,'',0,'http://',''),(54,15,'买婴幼儿防护用品送18元','','','','',0,1,1296113753,'',0,'http://',''),(55,13,'买婴儿服装送价值39元','','','','',0,1,1296113776,'',0,'http://',''),(56,15,'妈妈营养品满就送好礼','','','','',0,1,1296113795,'',0,'http://',''),(57,17,'护理电器特卖','','','','',0,1,1296113830,'',0,'http://',''),(58,17,'三洋新品上线啦！','','','','',0,1,1296113851,'',0,'http://',''),(59,17,'买插座，选公牛！','','','','',0,1,1296113882,'',0,'http://',''),(60,15,'买插座.就买公牛','','','','',0,1,1296114771,'',0,'http://',''),(15,7,'货到付款区域','','','','',0,1,1242577023,'',0,'http://',''),(16,7,'配送支付查询 ','','','','',0,1,1242577032,'',0,'http://',''),(17,7,'支付方式说明','','','','',0,1,1242577041,'',0,'http://',''),(18,10,'常见问题','<p>Q：登录1号店总是无法链接，这是怎么回事？ <br />\r\nA：请您先刷新一下；或者检查一下网络是否正常，能否登录其它网站，如果以上两种方式都无效，还有一种情况是网页正在更新，可能会影响您的浏览，还望能谅解。 <br />\r\nQ：网站上面显示商品已售完请问什么时候可以在到货？ <br />\r\nA：一般补货时间是7-15个工作日，具体还是以网站信息为准。 <br />\r\nQ：此类商品的规格是什么？性能怎样？ <br />\r\nA：具体商品规格参数及性能问题请您关注商品页面信息，也可以联系厂家电话咨询，或者在商品页面下方发表商品咨询，会有专业人员为您解答！ <br />\r\nQ：如何取消订单？ <br />\r\nA：您可以进入&ldquo;我的1号店&mdash;我的订单&rdquo;自行操作订单取消或致电客服中心由客服为您取消订单；如订单已进入配送环节不确保能够拦截成功，配送上门时还请您拒收，感谢您的配合。 <br />\r\nQ：我的积分有什么用途吗？ <br />\r\nA：您可以用积分至1号店&quot;积分商城&quot;频道免费兑换或积分+现金的形式购买特惠专享商品。 <br />\r\n&nbsp;</p>\r\n<p>支付类常见问题&gt;&gt; <br />\r\nQ：如果我选择银行转账，我需要注意什么吗？ <br />\r\nA：如果您选择的是银行转账，请您务必在汇款单的用途栏内注明您的订单号，货款到账时间一般为款汇出后2-5个工作日，收到货款后我们会尽快确认为您发货，9天未付款的订单将被取消，需重新下单。汇款完毕后进入我的订单信息页面填写转账信息。如下图： <br />\r\nQ：我通过网上支付了，为什么订单显示未到款？ <br />\r\nA：请您先查看您的网上银行交易记录（您可以电话联系银行客服、或是通过ATM、银行柜台、登陆个人网上银行等方式查询），确认款项是否成功划出： <br />\r\n●若款项未成功划出，请您在&quot;我的1号店&mdash;&mdash;我的订单&quot;中找到该订单重新支付即可</p>\r\n<p>●若款项已成功划出，请您联系1号店客服处理</p>\r\n<p>Q：为什么我的订单不能选择货到付款？ <br />\r\nA:以下几种情况不支持货到付款的：（1）部分商品属于第三方卖家发货的商品，不支持货到付款；（2）您所在地区不在货到付款配送范围配送类常见问题&gt;&gt; <br />\r\nQ：订单已提交成功，什么时候可以发货？ <br />\r\nA：订单提交成功后我们会尽快发货，详细进度查询，您可进入&ldquo;我的1号店&mdash;我的订单&rdquo;点击&ldquo;跟踪包裹&rdquo;可实时查看订单进度。 <br />\r\nQ：签收时发现商品包装破损，该如何处理？ <br />\r\nA：商品签收时如包装有破损，请您直接拒收；商品签收后如商品本身有问题，请您在&ldquo;我的1号店&mdash;我的订单&rdquo;中提交退换货申请，将有专业售后人员为您解决。 <br />\r\nQ配送费如何收取？ <br />\r\nQ：能否提供配送员的联系电话？ <br />\r\nA：当订单状态显示&ldquo;已发货&rdquo;1号店自配送会在系统中更新配送人员号码；在我的订单----包裹跟踪---包装状态-查询配送员电话。 <br />\r\nQ：订单取消了，还想要，能不能再配送过来？ <br />\r\nA：非常抱歉，订单一旦取消将无法恢复，建议您重新下单购买 <br />\r\nQ：为什么提交订单时系统提示液体无法配送？ <br />\r\nA：液体商品因考虑到运输安全，受公安部门、安检限制，因此无法配送，建议您选择其他途径购买。 <br />\r\n退换货常见问题&gt;&gt; <br />\r\nQ：我想办理退换货如何操作？ <br />\r\nA：1号店为您提供了自助申请退换货的服务，登录后进入&ldquo;我的1号店&mdash;我的订单&rdquo;点击&ldquo;申请退换货&rdquo;自助完成退换货的申请。如下图显示： <br />\r\nQ：我提交了退换货申请想要取消，怎么办？ <br />\r\nA：您可至&ldquo;我的1号店 &mdash; 我的退换货&mdash;我的退换货记录&rdquo;点击&ldquo;取消&rdquo;按钮即可。 <br />\r\nQ：什么样的情况会收取退换货的运费？ <br />\r\nA：因商品质量问题造成的退换货，1号店免费为您提供上门取件或上门换货服务；但因非商品质量问题由客户发起的退换货行为，将由客户承担退换货运费！ <br />\r\n退款类常见问题&gt;&gt; <br />\r\nQ：订单取消成功后多久可以收到退款？ <br />\r\nA：各类型订单退款周期不一样， <br />\r\nQ：礼品卡支付的，款项退到哪里？ <br />\r\nA：礼品卡支付的款项，产生取消、退换货只可退回到您的1号店账户中 <br />\r\n发票类常见问题&gt;&gt; <br />\r\nQ：订单送到了，但没有发票，怎么办？ <br />\r\nA：请您在订单发货后一个月内申请补开发票，可进入&ldquo;我的1号店&mdash;发票管理&rdquo;,点击&rdquo;补开发票&rdquo;进行自助申请，收到您的申请后，我们会通过平信方式寄出。 <br />\r\n账户类常见问题&gt;&gt; <br />\r\nQ：如何增强账户的安全性？ <br />\r\nA：您可以登录1号店账户， 在&ldquo;我的1号店-个人信息管理&rdquo;里，绑定账户手机号码、验证邮箱并及时修改账户密码（高强度密码建议：3种任意组合&mdash;&mdash;字母、数字、标点符号），提高您账户的安全性能。 <br />\r\nQ：如何绑定？ <br />\r\nA：1、验证邮箱：登录1号店&mdash;&mdash;我的1号店&mdash;&mdash;个人信息管理&mdash;&mdash;编辑个人资料&mdash;&mdash;基本信息&mdash;&mdash;验证邮箱&mdash;&mdash;完善个人信息 <br />\r\n2、绑定手机：我的1号店&mdash;&mdash;个人信息管理&mdash;&mdash;手机绑定&mdash;&mdash;绑定手机号码&mdash;&mdash;下一步&mdash;&mdash;输入校验码&mdash;&mdash;完成绑定<br />\r\n&nbsp;<br />\r\n&nbsp;</p>','','','',0,1,1242577127,'',0,'http://',''),(19,10,'交易条款','','','','',0,0,1242577178,'',0,'user.php?act=collection_list',''),(20,10,'订购流程','','','','',0,1,1242577199,'',0,'user.php?act=order_list',''),(21,8,'退换货原则','','','','服务',0,1,1242577293,'',0,'http://',''),(22,8,'售后服务保证 ','','','','售后',0,1,1242577308,'',0,'http://',''),(23,8,'产品质量保证 ','','','','质量',1,0,1242577326,'',0,'http://',''),(24,9,'网站故障报告','','','','',0,1,1242577432,'',0,'http://',''),(25,9,'选机咨询 ','','','','',0,1,1242577448,'',0,'http://',''),(26,9,'投诉与建议 ','','','','',0,1,1242577459,'',0,'http://',''),(27,4,'800万像素超强拍照机 LG Viewty Smart再曝光','','','','',0,1,1242577702,'',0,'http://news.imobile.com.cn/index-a-view-id-66790.html',''),(28,11,'飞利浦9@9促销','<p>&nbsp;</p>\r\n<div class=\"boxCenterList RelaArticle\" id=\"com_v\">\r\n<p align=\"left\">作为一款性价比极高的入门级<font size=\"3\" color=\"#ff0000\"><strong>商务手机</strong></font>，飞利浦<a href=\"mailto:9@9v\">Xenium&nbsp; 9@9v</a>三围大小为105&times;44&times;15.8mm，机身重量仅为<strong><font size=\"3\" color=\"#ff0000\">75g</font></strong>，装配了一块低规格1.75英寸128&times;160像素65000色CSTN显示屏。身正面采用月银色功能键区与屏幕数字键区相分隔，键盘设计较为<font size=\"3\"><strong><font color=\"#ff0000\">别</font><font color=\"#ff0000\">致</font></strong></font>，中部导航键区采用钛金色的&ldquo;腰带&rdquo;彰显出浓郁的商务气息。</p>\r\n<p align=\"left\">&nbsp;</p>\r\n<p align=\"left\">此款手机采用<strong><font size=\"3\" color=\"#ff0000\">触摸屏</font></strong>设计，搭配精致的手写笔，可支持手写中文和英文两个版本。增强的内置系统还能识别潦草字迹，确保在移动中和匆忙时输入文字的识别率。手写指令功能还支持特定图案的瞬间调用，独特的手写记事本功能，可以在触摸屏上随意绘制个性化的图案并进行<strong><font size=\"3\" color=\"#ff0000\">记事提醒</font></strong>，让商务应用更加随意。</p>\r\n<p align=\"left\">&nbsp;</p>\r\n<p align=\"left\">&nbsp;作为入门级为数不多支持<strong><font size=\"3\" color=\"#ff0000\">双卡功能</font></strong>的手机，可以同时插入两张SIM卡，通过菜单随意切换，只需开启漫游自动切换模式，<a href=\"mailto:9@9V\">9@9V</a>在该模式下能够判断网络情况，自动切换适合的手机号。</p>\r\n<p align=\"left\">&nbsp;</p>\r\n<p align=\"left\">&nbsp;</p>\r\n</div>\r\n<p>&nbsp;</p>','','','',0,1,1242578199,'',0,'http://',''),(29,11,'诺基亚5320 促销','<p>&nbsp;</p>\r\n<div id=\"com_v\" class=\"boxCenterList RelaArticle\">\r\n<p>诺基亚5320XpressMusic音乐手机采用XpressMusic系列常见的黑红、黑蓝配色方案，而材质方便则选用的是经过<strong><font size=\"3\" color=\"#ff0000\">抛光处理</font></strong>的工程塑料；三围/体重为，为108&times;46&times;15mm/<strong><font size=\"3\" color=\"#ff0000\">90g</font></strong>，手感舒适。</p>\r\n<p>&nbsp;</p>\r\n<p>诺基亚5320采用的是一块可视面积为2.0英寸的<font size=\"3\" color=\"#ff0000\"><strong>1600万色</strong></font>屏幕，分辨率是常见的240&times;320像素（QVGA）。虽然屏幕不是特别大，但效果非常精细，色彩还原不错。</p>\r\n<p>&nbsp;</p>\r\n<p>手机背面，诺基亚为5320XM配备一颗<strong><font size=\"3\" color=\"#ff0000\">200W像素</font></strong>的摄像头，并且带有<strong><font size=\"3\" color=\"#ff0000\">两个LED的补光灯</font></strong>，可以实现拍照、摄像功能，并能通过彩信、邮件方式发送给朋友。</p>\r\n<p>&nbsp;</p>\r\n</div>\r\n<p>&nbsp;</p>','','','',1,1,1242578676,'',0,'http://',''),(30,11,'促销诺基亚N96','<p>&nbsp;</p>\r\n<div class=\"boxCenterList RelaArticle\" id=\"com_v\">\r\n<p>诺基亚N96采用了<strong><font size=\"3\" color=\"#ff0000\">双向滑盖</font></strong>设计，机身整体呈灰黑色，沉稳、大气，机身材质采用了高强度的塑料材质，手机背面采用了抛光面板的设计风格。N96三维体积103*55*20mm，重量为125g。屏幕方面，诺基亚N96配备一块<strong><font size=\"3\" color=\"#ff0000\">2.8英寸</font></strong>的屏幕，支持<strong><font size=\"3\" color=\"#ff0000\">1670万色</font></strong>显示，分辨率达到QVGA（320&times;240）水准。</p>\r\n<p>&nbsp;<img src=\"http://img2.zol.com.cn/product/21/896/ceN6LBMCid3X6.jpg\" alt=\"\" /></p>\r\n<p>&nbsp;</p>\r\n<p>诺基亚N96设置有专门的<strong><font size=\"3\" color=\"#ff0000\">音乐播放键</font></strong>和标准的3.5毫米音频插口，支持多格式音乐播放。内置了<strong><font size=\"3\" color=\"#ff0000\">多媒体播放器</font></strong>，支持FM调频收音机等娱乐功能。N96手机支持<strong><font size=\"3\" color=\"#ff0000\">N-Gage游戏平台</font></strong>，内置包括<font size=\"3\" color=\"#ff0000\"><strong>《PinBall》完整版</strong></font>在内的四款N-Gage游戏，除了手机本身内置的游戏，还可以从N-Gage的网站下载或者购买最新的游戏，而且可以在论坛里和其他玩家一起讨论。</p>\r\n<p>&nbsp;</p>\r\n</div>\r\n<p>&nbsp;<img src=\"http://img2.zol.com.cn/product/21/898/cekkw57qJjSI.jpg\" alt=\"\" /></p>','','','',1,1,1242578826,'',0,'http://',''),(31,12,'诺基亚6681手机广告欣赏','<object>\n<param value=\"always\" name=\"allowScriptAccess\" />\n<param value=\"transparent\" name=\"wmode\" />\n<param value=\"http://6.cn/player.swf?flag=0&amp;vid=nZNyu3nGNWWYjmtPQDY9nQ\" name=\"movie\" /><embed width=\"480\" height=\"385\" src=\"http://6.cn/player.swf?flag=0&amp;vid=nZNyu3nGNWWYjmtPQDY9nQ\" allowscriptaccess=\"always\" wmode=\"transparent\" type=\"application/x-shockwave-flash\"></embed></object>','','','',0,1,1242579069,'',0,'http://',''),(32,12,'手机游戏下载','<p>三星SGHU308说明书下载，点击相关链接下载</p>','','','',1,1,1242579189,'',0,'http://soft.imobile.com.cn/index-a-list_softs-cid-1.html',''),(33,12,'三星SGHU308说明书下载','<p>三星SGHU308说明书下载</p>','','','',1,1,1242579559,'data/article/1245043292228851198.rar',2,'http://',''),(34,12,'3G知识普及','<p>\n<h2>3G知识普及</h2>\n<div class=\"t_msgfont\" id=\"postmessage_8792145\"><font color=\"black\">3G，全称为3rd Generation，中文含义就是指第三代数字通信。<br />\n</font><br />\n<font color=\"black\">　　1995年问世的第一代<span class=\"t_tag\" onclick=\"tagshow(event)\" href=\"http://mbbs.enet.com.cn/tag.php?name=%C4%A3%C4%E2\">模拟</span>制式<span class=\"t_tag\" onclick=\"tagshow(event)\" href=\"http://mbbs.enet.com.cn/tag.php?name=%CA%D6%BB%FA\">手机</span>（1G）只能进行<span class=\"t_tag\" onclick=\"tagshow(event)\" href=\"http://mbbs.enet.com.cn/tag.php?name=%D3%EF%D2%F4\">语音</span>通话；<br />\n</font><br />\n<font color=\"black\">　　1996到1997年出现的第二代GSM、TDMA等数字制式手机（2G）便增加了接收数据的功能，如接收电子邮件或网页；<br />\n</font><br />\n<font color=\"black\">　　3G不是2009年诞生的，它是上个世纪的产物，而早在2007年国外就已经产生4G了，而<span class=\"t_tag\" onclick=\"tagshow(event)\" href=\"http://mbbs.enet.com.cn/tag.php?name=%D6%D0%B9%FA\">中国</span>也于2008年成功开发出<span class=\"t_tag\" onclick=\"tagshow(event)\" href=\"http://mbbs.enet.com.cn/tag.php?name=%D6%D0%B9%FA\">中国</span>4G，其网络传输的速度可达到每秒钟2G，也就相当于下一部电影只要一秒钟。在上世纪90年末的日韩电影如《我的野蛮女友》中，女主角使用的可以让对方看见自己的视频<span class=\"t_tag\" onclick=\"tagshow(event)\" href=\"http://mbbs.enet.com.cn/tag.php?name=%B5%E7%BB%B0\">电话</span>，就是属于3G技术的重要运用之一。日韩等国3G的运用是上世纪末期的事。而目前国外有些地区已经试运行3.5G甚至4G网络。<br />\n</font><br />\n<font color=\"black\">　 </font><font color=\"black\">（以下为误导）2009年问世的第三代（3G）与 前两代的主要区别是在传输声音和数据的速度上的提升，它能够在全球范围内更好地实现无缝漫游，并处理图像、音乐、视频流等多种媒体形式，提供包括网页浏 览、电话会议、电子商务等多种信息服务，同时也要考虑与已有第二代系统的良好兼容性。为了提供这种服务，无线网络必须能够支持不同的数据传输速度，也就是 说在室内、室外和行车的环境中能够分别支持至少2Mbps（兆比特／每秒）、384kbps（千比特／每秒）以及144kbps的传输速度。（此数值根据 网络环境会发生变化)。<br />\n</font><br />\n<font color=\"black\">　　3G标准，国际电信联盟(ITU)目前一共确定了全球四大3G标准，它们分别是WCDMA、CDMA2000和TD-SCDMA和WiMAX。</font><br />\n<br />\n<font color=\"black\">3G标准　　国际电信联盟（ITU）在2000年5月确定W-CDMA、CDMA2000、TD-SCDMA以 及WiMAX四大主流无线接口标准，写入3G技术指导性文件《2000年国际移动通讯计划》（简称IMT&mdash;2000）。 CDMA是Code Division Multiple Access (码分多址)的缩写，是第三代移动通信系统的技术基础。第一代移动通信系统采用频分多址(FDMA)的模拟调制方式，这种系统的主要缺点是频谱利用率低， 信令干扰话音业务。第二代移动通信系统主要采用时分多址(TDMA)的数字调制方式，提高了系统容量，并采用独立信道传送信令，使系统性能大大改善，但 TDMA的系统容量仍然有限，越区切换性能仍不完善。CDMA系统以其频率规划简单、系统容量大、频率复用系数高、抗多径能力强、通信质量好、软容量、软 切换等特点显示出巨大的发展潜力。下面分别介绍一下3G的几种标准：<br />\n</font><br />\n<br />\n<font color=\"black\">　　 </font><br />\n<font color=\"black\">(1) W-CDMA</font><font color=\"black\"><br />\n</font><br />\n<br />\n<font color=\"black\">　　也称为WCDMA，全称为Wideband CDMA，也称为CDMA Direct Spread，意为宽频分码多重存取，这是基于GSM网发展出来的3G技术规范，是欧洲提出的宽带CDMA技术，它与日本提出的宽带CDMA技术基本相 同，目前正在进一步融合。W-CDMA的支持者主要是以GSM系统为主的欧洲厂商，日本公司也或多或少参与其中，包括欧美的爱立信、阿尔卡特、<span class=\"t_tag\" onclick=\"tagshow(event)\" href=\"http://mbbs.enet.com.cn/tag.php?name=%C5%B5%BB%F9%D1%C7\">诺基亚</span>、 朗讯、北电，以及日本的NTT、富士通、夏普等厂商。 该标准提出了GSM(2G)-GPRS-EDGE-WCDMA(3G)的演进策略。这套系统能够架设在现有的GSM网络上，对于系统提供商而言可以较轻易 地过渡，但是GSM系统相当普及的亚洲对这套新技术的接受度预料会相当高。因此W-CDMA具有先天的市场优势。<br />\n</font><br />\n<br />\n<font color=\"black\">　　 </font><br />\n<font color=\"black\">(2)CDMA2000</font><font color=\"black\"><br />\n</font><br />\n<br />\n<font color=\"black\">　　CDMA2000是由窄带CDMA(CDMA IS95)技术发展而来的宽带CDMA技术，也称为CDMA Multi-Carrier，它是由美国高通北美公司为主导提出，<span class=\"t_tag\" onclick=\"tagshow(event)\" href=\"http://mbbs.enet.com.cn/tag.php?name=%C4%A6%CD%D0%C2%DE%C0%AD\">摩托罗拉</span>、Lucent 和后来加入的韩国三星都有参与，韩国现在成为该标准的主导者。这套系统是从窄频CDMAOne数字标准衍生出来的，可以从原有的CDMAOne结构直接升 级到3G，建设成本低廉。但目前使用CDMA的地区只有日、韩和北美，所以CDMA2000的支持者不如W-CDMA多。不过CDMA2000的研发技术 却是目前各标准中进度最快的，许多3G手机已经率先面世。该标准提出了从CDMA IS95(2G)-CDMA20001x-CDMA20003x(3G)的演进策略。CDMA20001x被称为2.5代移动通信技术。 CDMA20003x与CDMA20001x的主要区别在于应用了多路载波技术，通过采用三载波使带宽提高。目前<span class=\"t_tag\" onclick=\"tagshow(event)\" href=\"http://mbbs.enet.com.cn/tag.php?name=%D6%D0%B9%FA%B5%E7%D0%C5\">中国电信</span>正在采用这一方案向3G过渡，并已建成了CDMA IS95网络。<br />\n</font><br />\n<br />\n<font color=\"black\">　　 </font><br />\n<font color=\"black\">(3)TD-SCDMA</font><font color=\"black\"><br />\n</font><br />\n<br />\n<font color=\"black\">　　全称为Time Division - Synchronous CDMA(时分<span class=\"t_tag\" onclick=\"tagshow(event)\" href=\"http://mbbs.enet.com.cn/tag.php?name=%CD%AC%B2%BD\">同步</span>CDMA)，该标准是由中国大陆独自制定的3G标准，1999年6月29日，中国原邮电部电信科学技术研究院（大唐电信）向ITU提出。该标准将智能无线、<span class=\"t_tag\" onclick=\"tagshow(event)\" href=\"http://mbbs.enet.com.cn/tag.php?name=%CD%AC%B2%BD\">同步</span>CDMA和<span class=\"t_tag\" onclick=\"tagshow(event)\" href=\"http://mbbs.enet.com.cn/tag.php?name=%C8%ED%BC%FE\">软件</span>无 线电等当今国际领先技术融于其中，在频谱利用率、对业务支持具有灵活性、频率灵活性及成本等方面的独特优势。另外，由于中国内的庞大的市场，该标准受到各 大主要电信设备厂商的重视，全球一半以上的设备厂商都宣布可以支持TD&mdash;SCDMA标准。 该标准提出不经过2.5代的中间环节，直接向3G过渡，非常适用于GSM系统向3G升级。<br />\n</font><br />\n<br />\n<font color=\"black\">　　 </font><br />\n<font color=\"black\">(4)WiMAX</font><font color=\"black\"><br />\n</font><br />\n<br />\n<font color=\"black\">　　WiMAX 的全名是微波存取全球互通(Worldwide Interoperability for Microwave Access)，又称为802&middot;16无线城域网，是又一种为企业和家庭用户提供&ldquo;最后一英里&rdquo;的宽带无线连接方案。将此技术与需要授权或免授权的微波设备 相结合之后，由于成本较低，将扩大宽带无线市场，改善企业与服务供应商的认知度。2007年10月19日，国际电信联盟在日内瓦举行的无线通信全体会议 上，经过多数国家投票通过，WiMAX正式被批准成为继WCDMA、CDMA2000和TD-SCDMA之后的第四个全球3G标准。</font></div>\n</p>','','','',0,1,1242580013,'',0,'http://',''),(35,4,'“沃”的世界我做主','<p><strong>导语：<br />\n<br />\n</strong>&nbsp;&nbsp;&nbsp;&nbsp;今年5月17日，是每年一度的世界电信日。同时，也是值得中国人民高兴的日子。昨天，中国联通企业品牌下的全品牌业务&ldquo;沃&rdquo;开始试商用，这也就意味着继中国移动、中国电信之后，国内第三种3G网络将要走入我们的生活，为我们带来更加快速便捷的通信服务。<br />\n<br />\n&nbsp;&nbsp;&nbsp;&nbsp;沃，意味着此品牌将为用户提供一个丰盈的平台，为个人客户、家庭客户、集团客户和企业服务提供全面的支撑，它代表着中国联通全新的服务理念和创新的品牌精神，在3G时代，为客户提供精彩的信息化服务。<br />\n<br />\n&nbsp;&nbsp;&nbsp;&nbsp;下面小编为各位介绍几款各大手机品牌专为&ldquo;沃&rdquo;打造的定制机型，为您迎接&ldquo;沃&rdquo;的到来做好充分准备。</p>\n<p><strong>诺基亚6210si<br />\n<br />\n</strong>&nbsp;&nbsp;&nbsp;&nbsp;诺基亚6210s大家肯定不陌生，经典的滑盖导航手机。其实6210si 与6210s外观、参数、硬件配置几乎完全一样，只不过在6210s的基础上，增加了对WCDMA网络的支持，成为中国联通定制手机。6210si采用诺 基亚经典的滑盖机身设计，机身面板为钢琴烤漆材质，高贵优雅。机身背板则为磨砂外观工程塑料材质，美观的同时增加了手机与手掌间的摩擦系数，防止使用中手 机滑落。</p>\n<p><strong>摩托罗拉A3100<br />\n</strong><br />\n&nbsp;&nbsp;&nbsp;&nbsp;作为摩托罗拉旗下为中国联通定制的A3100，它有着经典的鹅卵石造型， 大气稳重。从最初的U6，到U9再到A3100，鹅卵石的辉煌依旧。A3100有着高贵的血统，钢琴烤漆黑色面板，金属拉丝机身以及 Windows&nbsp;Mobile&nbsp;6.1&nbsp;Professional操作系统，都告诉我们它绝对是一部不可多得的好手机。</p>\n<p><br />\n<strong>三星S7520U<br />\n</strong><br />\n&nbsp;&nbsp;&nbsp;&nbsp;三星S7520U外观造型时尚，镜面设计以及超薄的 98.4&times;55&times;11.6mm金属机身，更适合女性朋友使用。通观机身，最显眼的就要数这3.0英寸的超大触摸屏幕了，400x240的WQGVA级别分 辨率，能够比QVGA级别屏幕显示更为细腻，细节表现力更强。500万像素摄像头说明了该机还是一名拍照能手，捕捉精彩瞬间不在话下。</p>','','','',0,0,1242974613,'',0,'http://',''),(36,13,'什么牌子的蜂胶好','','','','',0,1,1292291460,'',0,'http://www.xxx.com',''),(37,13,'蛋白粉有副作用吗？','','','','',0,1,1292291484,'',0,'http://www.xxx.com',''),(38,13,'维生素C ——春季必须补的维生素','','','','',0,1,1292291503,'',0,'http://www.xxx.com',''),(39,13,'青少年吸烟可导致抑郁症','','','','',0,1,1292291534,'',0,'http://www.xxx.com',''),(40,13,'常吃麻辣火锅影响头发生长容易造成脱发','','','','',0,1,1292291558,'',0,'http://www.xxx.com',''),(41,13,'每周骑车5小时或损害男性生育力','','','','',0,1,1292291583,'',0,'http://',''),(42,8,'换货流程','','','','',0,1,1292315950,'',0,'http://',''),(43,5,'商品评价 ','','','','',0,0,1292315998,'',0,'http://',''),(45,7,'订单状态 ','','','','',0,0,1292316056,'',0,'http://',''),(46,10,'注册新会员','','','','',0,1,1292316080,'',0,'user.php?act=register',''),(47,9,'联系方式','','','','',0,0,1292316101,'',0,'http://',''),(61,12,'买名品香水送博柏利女士香 ','','','','',0,1,1313660801,'',0,'http://',''),(62,12,'买家庭护理用品送宝洁魅力 ','','','','',0,1,1313660809,'',0,'http://',''),(63,12,'面部护理满额送157元家 ','','','','',0,1,1313660816,'',0,'http://',''),(64,18,'尼康D5200单反','','','','',0,1,1357435605,'data/article/1357435605993742665.jpg',1,'http://','性能无语伦比！可翻转LCD屏,2410万像素,39点自动对焦,EXPEED 3图像处理器！'),(65,18,'创高G3防盗报警器','','','','',0,1,1357435648,'data/article/1357435648388434401.jpg',1,'http://','创高CG-G3家庭用GSM手机卡无线红外线电子防盗报警器，带无线门磁、无线红外、无线遥控器，安装方便，轻松布防撤防，插入sim卡报警后短信、电话拨号提示，智能安防，居家必备神器！'),(66,10,'团购/机票','','','','',0,1,1365745215,'',0,'http://',''),(67,10,'大家电','','','','',0,1,1365745227,'',0,'http://',''),(68,10,'联系客服','','','','',0,1,1365745238,'',0,'http://',''),(69,7,'如何送礼','','','','',0,1,1365745248,'',0,'http://',''),(70,7,'Global Shipping','','','','',0,1,1365745257,'',0,'http://',''),(71,5,'在线支付','','','','',0,1,1365745269,'',0,'http://',''),(72,5,'公司转账','','','','',0,1,1365745280,'',0,'http://',''),(73,8,'退款说明','','','','',0,1,1365745287,'',0,'http://',''),(74,8,'返修/退换货','','','','',0,1,1365745299,'',0,'http://',''),(75,8,'取消订单','','','','',0,1,1365745306,'',0,'http://',''),(76,9,'节能补贴','','','','',0,1,1365745313,'',0,'http://',''),(77,9,'京东礼品卡','','','','',0,1,1365745320,'',0,'http://',''),(78,19,'供货商(入驻商文章标题)','','yaso','yaso@yaso.com','供货商,入驻商',0,1,1401371486,'',0,'http://www.baidu.com','');
/*!40000 ALTER TABLE `ecs_article` ENABLE KEYS */;
UNLOCK TABLES;

--
-- Table structure for table `ecs_article_cat`
--

DROP TABLE IF EXISTS `ecs_article_cat`;
/*!40101 SET @saved_cs_client     = @@character_set_client */;
/*!40101 SET character_set_client = utf8 */;
CREATE TABLE `ecs_article_cat` (
  `cat_id` smallint(5) NOT NULL AUTO_INCREMENT,
  `cat_name` varchar(255) NOT NULL DEFAULT '',
  `cat_type` tinyint(1) unsigned NOT NULL DEFAULT '1',
  `keywords` varchar(255) NOT NULL DEFAULT '',
  `cat_desc` varchar(255) NOT NULL DEFAULT '',
  `sort_order` tinyint(3) unsigned NOT NULL DEFAULT '50',
  `show_in_nav` tinyint(1) unsigned NOT NULL DEFAULT '0',
  `parent_id` smallint(5) unsigned NOT NULL DEFAULT '0',
  PRIMARY KEY (`cat_id`),
  KEY `cat_type` (`cat_type`),
  KEY `sort_order` (`sort_order`),
  KEY `parent_id` (`parent_id`)
) ENGINE=MyISAM AUTO_INCREMENT=20 DEFAULT CHARSET=utf8;
/*!40101 SET character_set_client = @saved_cs_client */;

--
-- Dumping data for table `ecs_article_cat`
--

LOCK TABLES `ecs_article_cat` WRITE;
/*!40000 ALTER TABLE `ecs_article_cat` DISABLE KEYS */;
INSERT INTO `ecs_article_cat` VALUES (1,'系统分类',2,'','系统保留分类',50,0,0),(2,'网店信息',3,'','网店信息分类',50,0,1),(3,'网店帮助分类',4,'','网店帮助分类',50,0,1),(4,'3G资讯',1,'','',50,0,0),(5,'新手上路 ',5,'','',50,0,3),(14,'大分类1',1,'','',50,0,0),(7,'配送方式 ',5,'','配送与支付 ',50,0,3),(8,'售后服务',5,'','',50,0,3),(9,'关于我们 ',5,'','联系我们 ',50,0,3),(10,'购物指南',5,'','',50,0,3),(11,'手机促销',1,'','',50,0,0),(12,'站内快讯',1,'','',50,0,0),(13,'生活百科',1,'','',50,0,0),(15,'大分类三',1,'','',50,0,0),(16,'大分类二',1,'','',50,0,0),(17,'大分类六',1,'','',50,0,0),(18,'京东首发',1,'','',50,0,0),(19,'供货商通知文章',99,'','',50,0,0);
/*!40000 ALTER TABLE `ecs_article_cat` ENABLE KEYS */;
UNLOCK TABLES;

--
-- Table structure for table `ecs_attribute`
--

DROP TABLE IF EXISTS `ecs_attribute`;
/*!40101 SET @saved_cs_client     = @@character_set_client */;
/*!40101 SET character_set_client = utf8 */;
CREATE TABLE `ecs_attribute` (
  `attr_id` smallint(5) unsigned NOT NULL AUTO_INCREMENT,
  `cat_id` smallint(5) unsigned NOT NULL DEFAULT '0',
  `attr_name` varchar(60) NOT NULL DEFAULT '',
  `attr_input_type` tinyint(1) unsigned NOT NULL DEFAULT '1',
  `attr_type` tinyint(1) unsigned NOT NULL DEFAULT '1',
  `attr_values` text NOT NULL,
  `attr_index` tinyint(1) unsigned NOT NULL DEFAULT '0',
  `sort_order` tinyint(3) unsigned NOT NULL DEFAULT '0',
  `is_linked` tinyint(1) unsigned NOT NULL DEFAULT '0',
  `attr_group` tinyint(1) unsigned NOT NULL DEFAULT '0',
  `is_attr_gallery` tinyint(1) unsigned NOT NULL,
  PRIMARY KEY (`attr_id`),
  KEY `cat_id` (`cat_id`)
) ENGINE=MyISAM AUTO_INCREMENT=8 DEFAULT CHARSET=utf8;
/*!40101 SET character_set_client = @saved_cs_client */;

--
-- Dumping data for table `ecs_attribute`
--

LOCK TABLES `ecs_attribute` WRITE;
/*!40000 ALTER TABLE `ecs_attribute` DISABLE KEYS */;
INSERT INTO `ecs_attribute` VALUES (1,1,'颜色',1,1,'黑色\r\n白色\r\n灰色\r\n蓝色\r\n黄色\r\n',0,0,0,0,0),(2,1,'版本',1,1,'60G\r\n120G\r\n320G\r\n单核\r\n双核\r\nWIN8\r\nWIN7\r\nWINXP',0,0,0,0,0),(3,2,'颜色',1,1,'红色\r\n蓝色\r\n白色\r\n黑色\r\n灰色\r\n米色\r\n青色',0,0,0,0,1),(4,2,'尺寸',1,1,'M\r\nX\r\nXL\r\nXXL\r\nXXXL',0,0,0,0,0),(5,1,'分辨率',1,0,'1204x1204\r\n960x960\r\n1314x1314',0,0,0,0,0),(6,1,'系统',1,0,'安卓\r\n苹果\r\n微软',0,0,0,0,0),(7,1,'待机时间',1,0,'72小时\r\n24小时\r\n36小时',0,0,0,0,0);
/*!40000 ALTER TABLE `ecs_attribute` ENABLE KEYS */;
UNLOCK TABLES;

--
-- Table structure for table `ecs_auction_log`
--

DROP TABLE IF EXISTS `ecs_auction_log`;
/*!40101 SET @saved_cs_client     = @@character_set_client */;
/*!40101 SET character_set_client = utf8 */;
CREATE TABLE `ecs_auction_log` (
  `log_id` mediumint(8) unsigned NOT NULL AUTO_INCREMENT,
  `act_id` mediumint(8) unsigned NOT NULL,
  `bid_user` mediumint(8) unsigned NOT NULL,
  `bid_price` decimal(10,2) unsigned NOT NULL,
  `bid_time` int(10) unsigned NOT NULL,
  PRIMARY KEY (`log_id`),
  KEY `act_id` (`act_id`)
) ENGINE=MyISAM DEFAULT CHARSET=utf8;
/*!40101 SET character_set_client = @saved_cs_client */;

--
-- Dumping data for table `ecs_auction_log`
--

LOCK TABLES `ecs_auction_log` WRITE;
/*!40000 ALTER TABLE `ecs_auction_log` DISABLE KEYS */;
/*!40000 ALTER TABLE `ecs_auction_log` ENABLE KEYS */;
UNLOCK TABLES;

--
-- Table structure for table `ecs_auto_manage`
--

DROP TABLE IF EXISTS `ecs_auto_manage`;
/*!40101 SET @saved_cs_client     = @@character_set_client */;
/*!40101 SET character_set_client = utf8 */;
CREATE TABLE `ecs_auto_manage` (
  `item_id` mediumint(8) NOT NULL,
  `type` varchar(10) NOT NULL,
  `starttime` int(10) NOT NULL,
  `endtime` int(10) NOT NULL,
  PRIMARY KEY (`item_id`,`type`)
) ENGINE=MyISAM DEFAULT CHARSET=utf8;
/*!40101 SET character_set_client = @saved_cs_client */;

--
-- Dumping data for table `ecs_auto_manage`
--

LOCK TABLES `ecs_auto_manage` WRITE;
/*!40000 ALTER TABLE `ecs_auto_manage` DISABLE KEYS */;
/*!40000 ALTER TABLE `ecs_auto_manage` ENABLE KEYS */;
UNLOCK TABLES;

--
-- Table structure for table `ecs_back_action`
--

DROP TABLE IF EXISTS `ecs_back_action`;
/*!40101 SET @saved_cs_client     = @@character_set_client */;
/*!40101 SET character_set_client = utf8 */;
CREATE TABLE `ecs_back_action` (
  `action_id` mediumint(8) unsigned NOT NULL AUTO_INCREMENT,
  `back_id` mediumint(8) unsigned NOT NULL DEFAULT '0',
  `action_user` varchar(30) NOT NULL DEFAULT '',
  `status_back` tinyint(1) unsigned NOT NULL DEFAULT '0',
  `status_refund` tinyint(1) unsigned NOT NULL DEFAULT '0',
  `action_note` varchar(255) NOT NULL DEFAULT '',
  `log_time` int(11) unsigned NOT NULL DEFAULT '0',
  PRIMARY KEY (`action_id`),
  KEY `back_id` (`back_id`)
) ENGINE=MyISAM AUTO_INCREMENT=16 DEFAULT CHARSET=utf8;
/*!40101 SET character_set_client = @saved_cs_client */;

--
-- Dumping data for table `ecs_back_action`
--

LOCK TABLES `ecs_back_action` WRITE;
/*!40000 ALTER TABLE `ecs_back_action` DISABLE KEYS */;
INSERT INTO `ecs_back_action` VALUES (1,1,'admin',1,0,'asdf',1388624245),(2,1,'admin',1,1,'asdfasdf',1388624262),(3,1,'admin',3,1,'lklklk',1388624274),(4,2,'admin',1,9,'rerer',1388713121),(5,2,'admin',2,9,'434334',1388713139),(6,2,'admin',3,9,'434343',1388713142),(7,4,'admin',1,9,'afds',1389058423),(8,4,'admin',2,9,'asf',1389058426),(9,5,'admin',0,1,'11',1404871704),(10,6,'admin',2,9,'1111111',1404874040),(11,6,'admin',3,9,'',1404874045),(14,8,'admin',3,0,'',1406690677),(15,9,'admin',3,0,'',1406700800);
/*!40000 ALTER TABLE `ecs_back_action` ENABLE KEYS */;
UNLOCK TABLES;

--
-- Table structure for table `ecs_back_goods`
--

DROP TABLE IF EXISTS `ecs_back_goods`;
/*!40101 SET @saved_cs_client     = @@character_set_client */;
/*!40101 SET character_set_client = utf8 */;
CREATE TABLE `ecs_back_goods` (
  `rec_id` mediumint(8) unsigned NOT NULL AUTO_INCREMENT,
  `back_id` mediumint(8) unsigned DEFAULT '0',
  `goods_id` mediumint(8) unsigned NOT NULL DEFAULT '0',
  `product_id` mediumint(8) unsigned NOT NULL DEFAULT '0',
  `product_sn` varchar(60) DEFAULT NULL,
  `goods_name` varchar(120) DEFAULT NULL,
  `brand_name` varchar(60) DEFAULT NULL,
  `goods_sn` varchar(60) DEFAULT NULL,
  `is_real` tinyint(1) unsigned DEFAULT '0',
  `send_number` smallint(5) unsigned DEFAULT '0',
  `goods_attr` text,
  `back_type` tinyint(1) unsigned NOT NULL DEFAULT '0',
  `parent_id` int(10) unsigned NOT NULL,
  `back_goods_price` decimal(10,2) unsigned NOT NULL DEFAULT '0.00',
  `back_goods_number` smallint(5) unsigned NOT NULL,
  `status_back` tinyint(1) NOT NULL DEFAULT '0',
  `status_refund` tinyint(1) NOT NULL DEFAULT '0',
  PRIMARY KEY (`rec_id`),
  KEY `back_id` (`back_id`),
  KEY `goods_id` (`goods_id`)
) ENGINE=MyISAM AUTO_INCREMENT=13 DEFAULT CHARSET=utf8;
/*!40101 SET character_set_client = @saved_cs_client */;

--
-- Dumping data for table `ecs_back_goods`
--

LOCK TABLES `ecs_back_goods` WRITE;
/*!40000 ALTER TABLE `ecs_back_goods` DISABLE KEYS */;
INSERT INTO `ecs_back_goods` VALUES (1,1,1,0,'','测试商品测试商品测试商品测试商品测试商品测试商品测试商品测试商品测试商品','','ECS000000',0,0,'',0,0,777.00,1,3,1),(2,2,11,0,'','测试商品测试商品测试商品测试商品测试商品测试商品测试商品测试商品测试商品','','ECS000011',0,0,'颜色:黑色 \r\n版本:60G \r\n',1,0,0.00,1,3,9),(3,2,11,0,'','测试商品测试商品测试商品测试商品测试商品测试商品测试商品测试商品测试商品','','ECS000011',0,0,'颜色:灰色 \r\n版本:120G \r\n',2,2,0.00,1,3,9),(4,3,1,0,'','测试商品测试商品测试商品测试商品测试商品测试商品测试商品测试商品测试商品','','ECS000000',0,0,'',1,0,0.00,1,0,9),(5,3,1,0,'','测试商品测试商品测试商品测试商品测试商品测试商品测试商品测试商品测试商品','','ECS000000',0,0,'颜色:黑色 \r\n版本:WIN7 \r\n',2,4,0.00,1,0,9),(6,4,1,0,'','测试商品测试商品测试商品测试商品测试商品测试商品测试商品测试商品测试商品','','ECS000000',0,0,'',1,0,0.00,1,2,9),(7,4,1,0,'','测试商品测试商品测试商品测试商品测试商品测试商品测试商品测试商品测试商品','','ECS000000',0,0,'颜色:白色 \r\n版本:WINXP \r\n',2,6,0.00,1,2,9),(8,5,39,0,'','测试商品测试商品测试商品测试商品测试商品测试商品测试商品测试商品测试商品','','ECS000039',0,0,'',0,0,444.00,1,0,1),(9,6,44,0,'','68ecshop供货商测试商品','','ECS000044',0,0,'',3,0,600.00,1,3,0),(10,7,53,0,'','68ecshop测试商品2','','ECS000053',0,0,'',0,0,1000.00,1,3,0),(11,8,34,0,NULL,'Midea/美的 FS406C电饭煲 4L智能定时预约家用电饭锅正品特价包邮',NULL,'ECS000034',0,0,'',0,0,777.00,1,3,0),(12,9,34,0,NULL,'Midea/美的 FS406C电饭煲 4L智能定时预约家用电饭锅正品特价包邮',NULL,'ECS000034',0,0,'',0,0,777.00,1,3,0);
/*!40000 ALTER TABLE `ecs_back_goods` ENABLE KEYS */;
UNLOCK TABLES;

--
-- Table structure for table `ecs_back_order`
--

DROP TABLE IF EXISTS `ecs_back_order`;
/*!40101 SET @saved_cs_client     = @@character_set_client */;
/*!40101 SET character_set_client = utf8 */;
CREATE TABLE `ecs_back_order` (
  `back_id` mediumint(8) unsigned NOT NULL AUTO_INCREMENT,
  `delivery_sn` varchar(20) NOT NULL,
  `order_sn` varchar(20) NOT NULL,
  `order_id` mediumint(8) unsigned NOT NULL DEFAULT '0',
  `invoice_no` varchar(50) DEFAULT NULL,
  `add_time` int(10) unsigned DEFAULT '0',
  `shipping_id` tinyint(3) unsigned DEFAULT '0',
  `shipping_name` varchar(120) DEFAULT NULL,
  `user_id` mediumint(8) unsigned DEFAULT '0',
  `action_user` varchar(30) DEFAULT NULL,
  `consignee` varchar(60) DEFAULT NULL,
  `address` varchar(250) DEFAULT NULL,
  `country` smallint(5) unsigned DEFAULT '0',
  `province` smallint(5) unsigned DEFAULT '0',
  `city` smallint(5) unsigned DEFAULT '0',
  `district` smallint(5) unsigned DEFAULT '0',
  `sign_building` varchar(120) DEFAULT NULL,
  `email` varchar(60) DEFAULT NULL,
  `zipcode` varchar(60) DEFAULT NULL,
  `tel` varchar(60) DEFAULT NULL,
  `mobile` varchar(60) DEFAULT NULL,
  `best_time` varchar(120) DEFAULT NULL,
  `postscript` varchar(255) DEFAULT NULL,
  `how_oos` varchar(120) DEFAULT NULL,
  `insure_fee` decimal(10,2) unsigned DEFAULT '0.00',
  `shipping_fee` decimal(10,2) unsigned DEFAULT '0.00',
  `update_time` int(10) unsigned DEFAULT '0',
  `suppliers_id` smallint(5) DEFAULT '0',
  `status` tinyint(1) unsigned NOT NULL DEFAULT '0',
  `return_time` int(10) unsigned DEFAULT '0',
  `agency_id` smallint(5) unsigned DEFAULT '0',
  `refund_type` tinyint(1) NOT NULL DEFAULT '0',
  `refund_desc` varchar(255) NOT NULL,
  `refund_money_1` decimal(10,2) NOT NULL DEFAULT '0.00',
  `refund_money_2` decimal(10,2) NOT NULL DEFAULT '0.00',
  `back_reason` varchar(255) NOT NULL DEFAULT '',
  `goods_id` int(10) unsigned NOT NULL,
  `goods_name` varchar(255) NOT NULL DEFAULT '',
  `status_back` tinyint(1) NOT NULL DEFAULT '0',
  `status_refund` tinyint(1) NOT NULL DEFAULT '0',
  `imgs` text NOT NULL,
  `back_pay` tinyint(1) NOT NULL DEFAULT '0',
  `back_type` varchar(1) NOT NULL DEFAULT '0',
  `supplier_id` int(10) unsigned NOT NULL DEFAULT '0',
  PRIMARY KEY (`back_id`),
  KEY `user_id` (`user_id`),
  KEY `order_id` (`order_id`),
  KEY `goods_id` (`goods_id`)
) ENGINE=MyISAM AUTO_INCREMENT=10 DEFAULT CHARSET=utf8;
/*!40101 SET character_set_client = @saved_cs_client */;

--
-- Dumping data for table `ecs_back_order`
--

LOCK TABLES `ecs_back_order` WRITE;
/*!40000 ALTER TABLE `ecs_back_order` DISABLE KEYS */;
INSERT INTO `ecs_back_order` VALUES (1,'','2014010237040',25,'',1388624213,0,'',5,'','莹莹','32323322地址地址地址',0,0,0,0,'','','32323232','','','','sdfasdfasdfasdf','',0.00,15.00,0,0,0,0,0,1,'kllk',777.00,777.00,'与照片不符合',1,'测试商品测试商品测试商品测试商品测试商品测试商品测试商品测试商品测试商品',3,1,'',0,'0',0),(2,'','2014010226798',28,'',1389058682,0,'',5,'','4434343','434343',0,0,0,0,'','','43434343','','','','434343','',0.00,15.00,0,0,0,0,0,0,'',0.00,0.00,'aasadf',11,'测试商品测试商品测试商品测试商品测试商品测试商品测试商品测试商品测试商品',3,9,'',0,'0',0),(3,'','2013123140482',24,'23323232232332',1388713284,1,'申通快递',5,'','32323232','322332',0,0,0,0,'','','323232','','','','32233232','',0.00,15.00,0,0,0,0,0,0,'',0.00,0.00,'3232',1,'测试商品测试商品测试商品测试商品测试商品测试商品测试商品测试商品测试商品',0,9,'',0,'0',0),(4,'','2014010775006',30,'',1389058402,0,'',5,'','阿斯多夫','阿斯顿法守法的',0,0,0,0,'','','2332223','','','','3225234324234','',0.00,10.00,0,0,0,0,0,0,'',0.00,0.00,'呵呵哈哈',1,'测试商品测试商品测试商品测试商品测试商品测试商品测试商品测试商品测试商品',2,9,'',0,'0',0),(5,'','2014060735981',63,'123232',1404871508,1,'申通快递',1,'','ww','22222222',1,3,36,398,'','','','','','','请尽快帮忙退货','',0.00,15.00,0,0,0,0,0,1,'',444.00,444.00,'我要退货',39,'测试商品测试商品测试商品测试商品测试商品测试商品测试商品测试商品测试商品',0,1,'/images/upload/image/20140709/20140709020455_52055.jpg,/images/upload/image/20140709/20140709020459_15473.jpg',1,'1',0),(6,'','2014060775450',61,'111111111',1404874003,2,'中通速递',1,'','ww','22222222',1,3,36,398,'','','123456','','1234455','','12234455','',0.00,15.00,0,0,0,0,0,0,'',0.00,0.00,'qqqq',44,'68ecshop供货商测试商品',3,9,'/images/upload/image/20140709/20140709024632_53670.jpg',2,'3',0),(7,'','2014070871976',68,'123456789899',1405040267,1,'申通快递',1,'','ww','22222222',1,3,36,398,'','','','','','','退货','',0.00,15.00,0,0,0,0,0,0,'',1000.00,0.00,'我要退货',53,'68ecshop测试商品2',0,0,'/images/upload/image/20140711/20140711005739_46147.jpg',0,'0',1);
/*!40000 ALTER TABLE `ecs_back_order` ENABLE KEYS */;
UNLOCK TABLES;

--
-- Table structure for table `ecs_back_replay`
--

DROP TABLE IF EXISTS `ecs_back_replay`;
/*!40101 SET @saved_cs_client     = @@character_set_client */;
/*!40101 SET character_set_client = utf8 */;
CREATE TABLE `ecs_back_replay` (
  `id` mediumint(8) NOT NULL AUTO_INCREMENT,
  `back_id` mediumint(8) NOT NULL DEFAULT '0',
  `message` text NOT NULL,
  `add_time` int(10) NOT NULL DEFAULT '0',
  `type` tinyint(1) NOT NULL DEFAULT '0',
  PRIMARY KEY (`id`)
) ENGINE=MyISAM DEFAULT CHARSET=utf8;
/*!40101 SET character_set_client = @saved_cs_client */;

--
-- Dumping data for table `ecs_back_replay`
--

LOCK TABLES `ecs_back_replay` WRITE;
/*!40000 ALTER TABLE `ecs_back_replay` DISABLE KEYS */;
/*!40000 ALTER TABLE `ecs_back_replay` ENABLE KEYS */;
UNLOCK TABLES;

--
-- Table structure for table `ecs_bonus_type`
--

DROP TABLE IF EXISTS `ecs_bonus_type`;
/*!40101 SET @saved_cs_client     = @@character_set_client */;
/*!40101 SET character_set_client = utf8 */;
CREATE TABLE `ecs_bonus_type` (
  `type_id` smallint(5) unsigned NOT NULL AUTO_INCREMENT,
  `type_name` varchar(60) NOT NULL DEFAULT '',
  `type_money` decimal(10,2) NOT NULL DEFAULT '0.00',
  `send_type` tinyint(3) unsigned NOT NULL DEFAULT '0',
  `min_amount` decimal(10,2) unsigned NOT NULL DEFAULT '0.00',
  `max_amount` decimal(10,2) unsigned NOT NULL DEFAULT '0.00',
  `send_start_date` int(11) NOT NULL DEFAULT '0',
  `send_end_date` int(11) NOT NULL DEFAULT '0',
  `use_start_date` int(11) NOT NULL DEFAULT '0',
  `use_end_date` int(11) NOT NULL DEFAULT '0',
  `min_goods_amount` decimal(10,2) unsigned NOT NULL DEFAULT '0.00',
  PRIMARY KEY (`type_id`)
) ENGINE=MyISAM AUTO_INCREMENT=2 DEFAULT CHARSET=utf8;
/*!40101 SET character_set_client = @saved_cs_client */;

--
-- Dumping data for table `ecs_bonus_type`
--

LOCK TABLES `ecs_bonus_type` WRITE;
/*!40000 ALTER TABLE `ecs_bonus_type` DISABLE KEYS */;
/*!40000 ALTER TABLE `ecs_bonus_type` ENABLE KEYS */;
UNLOCK TABLES;

--
-- Table structure for table `ecs_booking_goods`
--

DROP TABLE IF EXISTS `ecs_booking_goods`;
/*!40101 SET @saved_cs_client     = @@character_set_client */;
/*!40101 SET character_set_client = utf8 */;
CREATE TABLE `ecs_booking_goods` (
  `rec_id` mediumint(8) unsigned NOT NULL AUTO_INCREMENT,
  `user_id` mediumint(8) unsigned NOT NULL DEFAULT '0',
  `email` varchar(60) NOT NULL DEFAULT '',
  `link_man` varchar(60) NOT NULL DEFAULT '',
  `tel` varchar(60) NOT NULL DEFAULT '',
  `goods_id` mediumint(8) unsigned NOT NULL DEFAULT '0',
  `goods_desc` varchar(255) NOT NULL DEFAULT '',
  `goods_number` smallint(5) unsigned NOT NULL DEFAULT '0',
  `booking_time` int(10) unsigned NOT NULL DEFAULT '0',
  `is_dispose` tinyint(1) unsigned NOT NULL DEFAULT '0',
  `dispose_user` varchar(30) NOT NULL DEFAULT '',
  `dispose_time` int(10) unsigned NOT NULL DEFAULT '0',
  `dispose_note` varchar(255) NOT NULL DEFAULT '',
  PRIMARY KEY (`rec_id`),
  KEY `user_id` (`user_id`)
) ENGINE=MyISAM DEFAULT CHARSET=utf8;
/*!40101 SET character_set_client = @saved_cs_client */;

--
-- Dumping data for table `ecs_booking_goods`
--

LOCK TABLES `ecs_booking_goods` WRITE;
/*!40000 ALTER TABLE `ecs_booking_goods` DISABLE KEYS */;
/*!40000 ALTER TABLE `ecs_booking_goods` ENABLE KEYS */;
UNLOCK TABLES;

--
-- Table structure for table `ecs_brand`
--

DROP TABLE IF EXISTS `ecs_brand`;
/*!40101 SET @saved_cs_client     = @@character_set_client */;
/*!40101 SET character_set_client = utf8 */;
CREATE TABLE `ecs_brand` (
  `brand_id` smallint(5) unsigned NOT NULL AUTO_INCREMENT,
  `brand_name` varchar(60) NOT NULL DEFAULT '',
  `brand_logo` varchar(80) NOT NULL DEFAULT '',
  `brand_desc` text NOT NULL,
  `site_url` varchar(255) NOT NULL DEFAULT '',
  `sort_order` tinyint(3) unsigned NOT NULL DEFAULT '50',
  `is_show` tinyint(1) unsigned NOT NULL DEFAULT '1',
  PRIMARY KEY (`brand_id`),
  KEY `is_show` (`is_show`)
) ENGINE=MyISAM AUTO_INCREMENT=23 DEFAULT CHARSET=utf8;
/*!40101 SET character_set_client = @saved_cs_client */;

--
-- Dumping data for table `ecs_brand`
--

LOCK TABLES `ecs_brand` WRITE;
/*!40000 ALTER TABLE `ecs_brand` DISABLE KEYS */;
INSERT INTO `ecs_brand` VALUES (1,'诺基亚','1323763536007802029.jpg','公司网站：http://www.xxx.com\r\n\r\n客服电话：400-601-5268','http://www.68echshop.com',50,1),(2,'摩托罗拉','1323763555819485706.jpg','官方咨询电话：4006015268售后网点：http://www.68echshop.com\r\n','http://www.68echshop.com',50,1),(3,'多普达','1323763573234681713.jpg','http://www.68echshop.com\r\n','http://www.68echshop.com',50,1),(4,'飞利浦','1323763586833873247.jpg','http://www.68echshop.com\r\n','http://www.68echshop.com',50,1),(15,'68品牌4','1323763604393098095.jpg','http://www.68echshop.com\r\n','http://www.68echshop.com',50,1),(5,'夏新','1323763624072721274.jpg','http://www.68echshop.com\r\n','http://www.68echshop.com',50,1),(6,'三星','1323763643195652445.jpg','http://www.68echshop.com\r\n','http://www.68echshop.com',50,1),(14,'68品牌3','1323763656940041353.jpg','http://www.68echshop.com\r\n','http://www.68echshop.com',50,1),(7,'索爱','1323763668988271854.jpg','http://www.68echshop.com\r\n','http://www.68echshop.com',50,1),(8,'LG','1323763683528373270.jpg','http://www.68echshop.com\r\n','http://www.68echshop.com',50,1),(13,'68品牌2','1323763694750021657.jpg','http://www.68echshop.com\r\n','http://www.68echshop.com',50,1),(9,'联想','1323763712725383074.jpg','http://www.68echshop.com\r\n','http://www.68echshop.com',50,1),(10,'金立','1323763732002112222.jpg','http://www.68echshop.com\r\n','http://www.68echshop.com',50,1),(11,'  恒基伟业','1323763750768473535.jpg','http://www.68echshop.com\r\n ','http://www.68echshop.com',50,1),(12,'68品牌1','1323763765514489061.jpg','http://www.68echshop.com\r\n','http://www.68echshop.com',50,1),(16,'68品牌5','1323763784581899325.jpg','http://www.68echshop.com\r\n','http://www.68echshop.com',50,1),(17,'68品牌6','1323763802086422936.jpg','http://www.68echshop.com\r\n','http://www.68echshop.com',50,1),(18,'测试品牌1','1323763843343976595.jpg','','http://www.68echshop.com',50,1),(19,'测试品牌2','1323763860576576092.jpg','','http://www.68echshop.com',50,1),(20,'测试品牌3','1323763881198534128.jpg','','http://www.68echshop.com',50,1),(21,'测试品牌4','1323763950423181099.jpg','','http://www.68echshop.com',50,1),(22,'自营品牌','1377502294802087315.gif','','http://',50,1);
/*!40000 ALTER TABLE `ecs_brand` ENABLE KEYS */;
UNLOCK TABLES;

--
-- Table structure for table `ecs_card`
--

DROP TABLE IF EXISTS `ecs_card`;
/*!40101 SET @saved_cs_client     = @@character_set_client */;
/*!40101 SET character_set_client = utf8 */;
CREATE TABLE `ecs_card` (
  `card_id` tinyint(3) unsigned NOT NULL AUTO_INCREMENT,
  `card_name` varchar(120) NOT NULL DEFAULT '',
  `card_img` varchar(255) NOT NULL DEFAULT '',
  `card_fee` decimal(6,2) unsigned NOT NULL DEFAULT '0.00',
  `free_money` decimal(6,2) unsigned NOT NULL DEFAULT '0.00',
  `card_desc` varchar(255) NOT NULL DEFAULT '',
  PRIMARY KEY (`card_id`)
) ENGINE=MyISAM AUTO_INCREMENT=2 DEFAULT CHARSET=utf8;
/*!40101 SET character_set_client = @saved_cs_client */;

--
-- Dumping data for table `ecs_card`
--

LOCK TABLES `ecs_card` WRITE;
/*!40000 ALTER TABLE `ecs_card` DISABLE KEYS */;
/*!40000 ALTER TABLE `ecs_card` ENABLE KEYS */;
UNLOCK TABLES;

--
-- Table structure for table `ecs_cart`
--

DROP TABLE IF EXISTS `ecs_cart`;
/*!40101 SET @saved_cs_client     = @@character_set_client */;
/*!40101 SET character_set_client = utf8 */;
CREATE TABLE `ecs_cart` (
  `rec_id` mediumint(8) unsigned NOT NULL AUTO_INCREMENT,
  `user_id` mediumint(8) unsigned NOT NULL DEFAULT '0',
  `session_id` char(32) CHARACTER SET utf8 COLLATE utf8_bin NOT NULL DEFAULT '',
  `goods_id` mediumint(8) unsigned NOT NULL DEFAULT '0',
  `goods_sn` varchar(60) NOT NULL DEFAULT '',
  `product_id` mediumint(8) unsigned NOT NULL DEFAULT '0',
  `goods_name` varchar(120) NOT NULL DEFAULT '',
  `market_price` decimal(10,2) unsigned NOT NULL DEFAULT '0.00',
  `goods_price` decimal(10,2) NOT NULL DEFAULT '0.00',
  `goods_number` smallint(5) unsigned NOT NULL DEFAULT '0',
  `goods_attr` text NOT NULL,
  `is_real` tinyint(1) unsigned NOT NULL DEFAULT '0',
  `extension_code` varchar(30) NOT NULL DEFAULT '',
  `parent_id` mediumint(8) unsigned NOT NULL DEFAULT '0',
  `rec_type` tinyint(1) unsigned NOT NULL DEFAULT '0',
  `is_gift` smallint(5) unsigned NOT NULL DEFAULT '0',
  `is_shipping` tinyint(1) unsigned NOT NULL DEFAULT '0',
  `can_handsel` tinyint(3) unsigned NOT NULL DEFAULT '0',
  `goods_attr_id` varchar(255) NOT NULL DEFAULT '',
  `add_time` int(10) unsigned NOT NULL,
  PRIMARY KEY (`rec_id`),
  KEY `session_id` (`session_id`)
) ENGINE=MyISAM AUTO_INCREMENT=36 DEFAULT CHARSET=utf8;
/*!40101 SET character_set_client = @saved_cs_client */;

--
-- Dumping data for table `ecs_cart`
--

LOCK TABLES `ecs_cart` WRITE;
/*!40000 ALTER TABLE `ecs_cart` DISABLE KEYS */;
/*!40000 ALTER TABLE `ecs_cart` ENABLE KEYS */;
UNLOCK TABLES;

--
-- Table structure for table `ecs_cat_flashimg`
--

DROP TABLE IF EXISTS `ecs_cat_flashimg`;
/*!40101 SET @saved_cs_client     = @@character_set_client */;
/*!40101 SET character_set_client = utf8 */;
CREATE TABLE `ecs_cat_flashimg` (
  `img_id` smallint(5) unsigned NOT NULL AUTO_INCREMENT,
  `cat_id` smallint(5) NOT NULL,
  `img_title` varchar(255) NOT NULL,
  `img_desc` varchar(255) NOT NULL,
  `img_url` varchar(255) NOT NULL,
  `href_url` varchar(255) NOT NULL,
  `sort_order` tinyint(3) unsigned NOT NULL DEFAULT '50',
  PRIMARY KEY (`img_id`),
  KEY `show_order` (`sort_order`)
) ENGINE=MyISAM AUTO_INCREMENT=7 DEFAULT CHARSET=utf8;
/*!40101 SET character_set_client = @saved_cs_client */;

--
-- Dumping data for table `ecs_cat_flashimg`
--

LOCK TABLES `ecs_cat_flashimg` WRITE;
/*!40000 ALTER TABLE `ecs_cat_flashimg` DISABLE KEYS */;
INSERT INTO `ecs_cat_flashimg` VALUES (1,2,'','','1377564911363899379.jpg','http://www.xxx.com',50),(2,2,'','','1357801640086018297.jpg','http://www.xxx.com',50),(3,2,'','','1357801645477945679.jpg','http://www.xxx.com',50),(4,2,'','','1357801650310879640.jpg','http://www.xxx.com',50),(6,2,'','','1357801659757397876.jpg','http://www.xxx.com',50);
/*!40000 ALTER TABLE `ecs_cat_flashimg` ENABLE KEYS */;
UNLOCK TABLES;

--
-- Table structure for table `ecs_cat_recommend`
--

DROP TABLE IF EXISTS `ecs_cat_recommend`;
/*!40101 SET @saved_cs_client     = @@character_set_client */;
/*!40101 SET character_set_client = utf8 */;
CREATE TABLE `ecs_cat_recommend` (
  `cat_id` smallint(5) NOT NULL,
  `recommend_type` tinyint(1) NOT NULL,
  PRIMARY KEY (`cat_id`,`recommend_type`)
) ENGINE=MyISAM DEFAULT CHARSET=utf8;
/*!40101 SET character_set_client = @saved_cs_client */;

--
-- Dumping data for table `ecs_cat_recommend`
--

LOCK TABLES `ecs_cat_recommend` WRITE;
/*!40000 ALTER TABLE `ecs_cat_recommend` DISABLE KEYS */;
INSERT INTO `ecs_cat_recommend` VALUES (6,2),(7,1),(81,3),(82,3),(84,3),(85,3),(89,3),(90,3),(130,3),(132,3),(135,3),(136,3),(137,3),(139,3),(171,3),(172,3),(173,3),(174,3),(176,3),(200,3),(201,3),(206,3),(208,1),(209,3),(210,3),(211,3),(214,3),(217,3),(224,1),(226,3),(228,1),(247,3),(248,3),(249,3),(250,3),(253,3),(254,3),(256,3),(257,3),(258,3),(259,3),(260,3),(261,3),(262,3),(263,3),(264,3),(265,3),(266,3),(269,3),(271,3),(286,3),(288,3),(289,3),(290,3),(292,3),(293,3),(294,3),(295,3),(296,3),(297,3),(298,3),(299,3),(300,3),(320,3),(322,3),(323,3),(324,3),(325,3);
/*!40000 ALTER TABLE `ecs_cat_recommend` ENABLE KEYS */;
UNLOCK TABLES;

--
-- Table structure for table `ecs_category`
--

DROP TABLE IF EXISTS `ecs_category`;
/*!40101 SET @saved_cs_client     = @@character_set_client */;
/*!40101 SET character_set_client = utf8 */;
CREATE TABLE `ecs_category` (
  `cat_id` smallint(5) unsigned NOT NULL AUTO_INCREMENT,
  `cat_name` varchar(90) NOT NULL DEFAULT '',
  `keywords` varchar(255) NOT NULL DEFAULT '',
  `cat_desc` varchar(255) NOT NULL DEFAULT '',
  `parent_id` smallint(5) unsigned NOT NULL DEFAULT '0',
  `sort_order` tinyint(1) unsigned NOT NULL DEFAULT '50',
  `template_file` varchar(50) NOT NULL DEFAULT '',
  `measure_unit` varchar(15) NOT NULL DEFAULT '',
  `show_in_nav` tinyint(1) NOT NULL DEFAULT '0',
  `style` varchar(150) NOT NULL,
  `is_show` tinyint(1) unsigned NOT NULL DEFAULT '1',
  `grade` tinyint(4) NOT NULL DEFAULT '0',
  `filter_attr` varchar(255) NOT NULL DEFAULT '0',
  `category_index` tinyint(1) unsigned NOT NULL DEFAULT '0',
  `show_in_index` tinyint(1) unsigned NOT NULL DEFAULT '0',
  `cat_index_rightad` varchar(255) NOT NULL,
  `cat_adimg_1` varchar(255) NOT NULL,
  `cat_adurl_1` varchar(255) NOT NULL,
  `cat_adimg_2` varchar(255) NOT NULL,
  `cat_adurl_2` varchar(255) NOT NULL,
  `cat_nameimg` varchar(255) NOT NULL,
  `brand_qq2211707` varchar(255) NOT NULL DEFAULT '',
  `attr_wwwecshop68com` varchar(255) NOT NULL DEFAULT '',
  PRIMARY KEY (`cat_id`),
  KEY `parent_id` (`parent_id`)
) ENGINE=MyISAM AUTO_INCREMENT=336 DEFAULT CHARSET=utf8;
/*!40101 SET character_set_client = @saved_cs_client */;

--
-- Dumping data for table `ecs_category`
--

LOCK TABLES `ecs_category` WRITE;
/*!40000 ALTER TABLE `ecs_category` DISABLE KEYS */;
INSERT INTO `ecs_category` VALUES (1,'图书、电子书刊、音像','','',0,1,'','',0,'',0,0,'',1,0,'','','','','','','',''),(2,'家用电器','','',0,2,'','',0,'',1,6,'2,1',1,0,'category_img/1358753519020652348.jpg','','','','','','',''),(3,'手机数码','','',0,3,'','',1,'',1,5,'4,3',0,0,'','','','','','','',''),(4,'电脑、办公','','',0,4,'','',0,'',1,6,'',0,0,'','','','','','','',''),(5,'家居、家具、厨具','','',0,5,'','',0,'',1,0,'',0,0,'','','','','','','',''),(6,'服饰鞋帽','','',0,6,'','',1,'',1,0,'',0,0,'','','','','','','',''),(7,'个护化妆','','',0,7,'','',0,'',1,0,'',0,0,'','','','','','','',''),(8,'礼品箱包、钟表、珠宝','','',0,8,'','',0,'',1,0,'',0,0,'','','','','','','',''),(9,'运动健康','','',0,9,'','',1,'',1,0,'',0,0,'','','','','','','',''),(10,'母婴、玩具','','',0,10,'','',0,'',1,0,'',0,0,'','','','','','','',''),(11,'食品饮料、保健食品','','',0,11,'','',0,'',1,0,'',0,0,'','','','','','','',''),(12,'彩票、旅行、充值','','',0,12,'','',0,'',1,0,'',0,0,'','','','','','','',''),(13,'电子书刊','','',1,1,'','',0,'',1,0,'',0,0,'','','','','','','',''),(14,'电子书','','',13,1,'','',0,'',1,0,'',0,0,'','','','','','','',''),(15,'网络原创','','',13,2,'','',0,'',1,0,'',0,0,'','','','','','','',''),(16,'数字杂志','','',13,3,'','',0,'',1,0,'',0,0,'','','','','','','',''),(17,'多媒体图书','','',13,4,'','',0,'',1,0,'',0,0,'','','','','','','',''),(18,'音像','','',1,50,'','',0,'',1,0,'',0,0,'','','','','','','',''),(19,'音乐','','',18,50,'','',0,'',1,0,'',0,0,'','','','','','','',''),(20,'影视','','',18,50,'','',0,'',1,0,'',0,0,'','','','','','','',''),(21,'教育音像','','',18,50,'','',0,'',1,0,'',0,0,'','','','','','','',''),(22,'英文原版','','',1,50,'','',0,'',1,0,'',0,0,'','','','','','','',''),(23,'英文原版首页','','',22,50,'','',0,'',1,0,'',0,0,'','','','','','','',''),(24,'少儿','','',22,50,'','',0,'',1,0,'',0,0,'','','','','','','',''),(25,'商业投资','','',22,50,'','',0,'',1,0,'',0,0,'','','','','','','',''),(26,'英语学习与考试','','',22,50,'','',0,'',1,0,'',0,0,'','','','','','','',''),(27,'小说','','',22,50,'','',0,'',1,0,'',0,0,'','','','','','','',''),(28,'文艺','','',1,50,'','',0,'',1,0,'',0,0,'','','','','','','',''),(29,'小说','','',28,50,'','',0,'',1,0,'',0,0,'','','','','','','',''),(30,'文学','','',28,50,'','',0,'',1,0,'',0,0,'','','','','','','',''),(31,'青春文学','','',28,50,'','',0,'',1,0,'',0,0,'','','','','','','',''),(32,'传记','','',28,50,'','',0,'',1,0,'',0,0,'','','','','','','',''),(33,'艺术','','',28,50,'','',0,'',1,0,'',0,0,'','','','','','','',''),(34,'少儿','','',1,55,'','',0,'',1,0,'',0,0,'','','','','','','',''),(35,'少儿','','',34,50,'','',0,'',1,0,'',0,0,'','','','','','','',''),(36,'0-2岁','','',34,50,'','',0,'',1,0,'',0,0,'','','','','','','',''),(37,'3-6岁','','',34,50,'','',0,'',1,0,'',0,0,'','','','','','','',''),(38,'7-10岁','','',34,50,'','',0,'',1,0,'',0,0,'','','','','','','',''),(39,'11-14岁','','',34,50,'','',0,'',1,0,'',0,0,'','','','','','','',''),(40,'人文社科','','',1,50,'','',0,'',1,0,'',0,0,'','','','','','','',''),(41,'历史','','',40,50,'','',0,'',1,0,'',0,0,'','','','','','','',''),(42,'哲学','','',40,50,'','',0,'',1,0,'',0,0,'','','','','','','',''),(43,'国学','','',40,50,'','',0,'',1,0,'',0,0,'','','','','','','',''),(44,'政治/军事','','',40,50,'','',0,'',1,0,'',0,0,'','','','','','','',''),(45,'法律','','',40,50,'','',0,'',1,0,'',0,0,'','','','','','','',''),(46,'宗教','','',40,50,'','',0,'',1,0,'',0,0,'','','','','','','',''),(47,'心理学','','',40,50,'','',0,'',1,0,'',0,0,'','','','','','','',''),(48,'文化','','',40,50,'','',0,'',1,0,'',0,0,'','','','','','','',''),(49,'经管励志','','',1,50,'','',0,'',1,0,'',0,0,'','','','','','','',''),(50,'经济','','',49,50,'','',0,'',1,0,'',0,0,'','','','','','','',''),(51,'金融与投资','','',49,50,'','',0,'',1,0,'',0,0,'','','','','','','',''),(52,'管理','','',49,50,'','',0,'',1,0,'',0,0,'','','','','','','',''),(53,'励志与成功','','',49,50,'','',0,'',1,0,'',0,0,'','','','','','','',''),(54,'生活','','',1,50,'','',0,'',1,0,'',0,0,'','','','','','','',''),(55,'生活','','',54,50,'','',0,'',1,0,'',0,0,'','','','','','','',''),(56,'健身与保健','','',54,50,'','',0,'',1,0,'',0,0,'','','','','','','',''),(57,'家庭与育儿','','',54,50,'','',0,'',1,0,'',0,0,'','','','','','','',''),(58,'旅游','','',54,50,'','',0,'',1,0,'',0,0,'','','','','','','',''),(59,'地图','','',54,50,'','',0,'',1,0,'',0,0,'','','','','','','',''),(60,'动漫/幽默','','',54,50,'','',0,'',1,0,'',0,0,'','','','','','','',''),(61,'科技','','',1,50,'','',0,'',1,0,'',0,0,'','','','','','','',''),(62,'科技','','',61,50,'','',0,'',1,0,'',0,0,'','','','','','','',''),(63,'工程','','',61,50,'','',0,'',1,0,'',0,0,'','','','','','','',''),(64,'建筑','','',61,50,'','',0,'',1,0,'',0,0,'','','','','','','',''),(65,'医学','','',61,50,'','',0,'',1,0,'',0,0,'','','','','','','',''),(66,'科学/自然','','',61,50,'','',0,'',1,0,'',0,0,'','','','','','','',''),(67,'计算机/互联网','','',61,50,'','',0,'',1,0,'',0,0,'','','','','','','',''),(68,'体育/运动','','',61,50,'','',0,'',1,0,'',0,0,'','','','','','','',''),(69,'教育','','',1,50,'','',0,'',1,0,'',0,0,'','','','','','','',''),(70,'教材教辅','','',69,50,'','',0,'',1,0,'',0,0,'','','','','','','',''),(71,'教育与考试','','',69,50,'','',0,'',1,0,'',0,0,'','','','','','','',''),(72,'外语学习','','',69,50,'','',0,'',1,0,'',0,0,'','','','','','','',''),(73,'新闻出版','','',69,50,'','',0,'',1,0,'',0,0,'','','','','','','',''),(74,'语言文字','','',69,50,'','',0,'',1,0,'',0,0,'','','','','','','',''),(75,'其它','','',1,50,'','',0,'',1,0,'',0,0,'','','','','','','',''),(76,'工具书','','',75,50,'','',0,'',1,0,'',0,0,'','','','','','','',''),(77,'影印版','','',75,50,'','',0,'',1,0,'',0,0,'','','','','','','',''),(78,'套装书','','',75,50,'','',0,'',1,0,'',0,0,'','','','','','','',''),(79,'期刊','','',75,50,'','',0,'',1,0,'',0,0,'','','','','','','',''),(80,'大 家 电','','',2,1,'','',0,'',1,0,'1',0,1,'','','','','','','金立,联想,68品牌6,68品牌3,索爱,LG,测试品牌1,测试品牌3','颜色:黑色,白色,蓝色,灰色,黄色'),(81,'平板电视','','',80,1,'','',0,'',1,0,'',0,0,'','','','','','','',''),(82,'洗衣机','','',80,4,'','',0,'',1,0,'',0,0,'','','','','','','',''),(83,'热水器','','',80,9,'','',0,'',1,0,'',0,0,'','','','','','','',''),(84,'冰箱','','',80,3,'','',0,'',1,0,'',0,0,'','','','','','','',''),(85,'空调','','',80,2,'','',0,'',1,0,'',0,0,'','','','','','','',''),(86,'烟机/灶具','','',80,8,'','',0,'',1,0,'',0,0,'','','','','','','',''),(88,'DVD播放机','','',80,6,'','',0,'',1,0,'',0,0,'','','','','','','',''),(89,'家电下乡','','',80,13,'','',0,'',1,0,'',0,0,'','','','','','','',''),(90,'消毒柜/洗碗机','','',80,10,'','',0,'',1,0,'',0,0,'','','','','','','',''),(92,'家电配件','','',80,12,'','',0,'',1,0,'',0,0,'','','','','','','',''),(93,'生活电器','','',2,5,'','',0,'',1,0,'',0,0,'','','','','','','',''),(94,'取暖电器','','',93,50,'','',0,'',1,0,'',0,0,'','','','','','','',''),(95,'加湿器','','',93,50,'','',0,'',1,0,'',0,0,'','','','','','','',''),(96,'净化器','','',93,50,'','',0,'',1,0,'',0,0,'','','','','','','',''),(97,'吸尘器','','',93,50,'','',0,'',1,0,'',0,0,'','','','','','','',''),(98,'净水设备','','',93,50,'','',0,'',1,0,'',0,0,'','','','','','','',''),(99,'电话机','','',93,50,'','',0,'',1,0,'',0,0,'','','','','','','',''),(100,'插座','','',93,50,'','',0,'',1,0,'',0,0,'','','','','','','',''),(101,'收录/音机','','',93,50,'','',0,'',1,0,'',0,0,'','','','','','','',''),(102,'除湿/干衣机','','',93,50,'','',0,'',1,0,'',0,0,'','','','','','','',''),(103,'电熨斗','','',93,50,'','',0,'',1,0,'',0,0,'','','','','','','',''),(104,'清洁机','','',93,50,'','',0,'',1,0,'',0,0,'','','','','','','',''),(105,'饮水机','','',93,50,'','',0,'',1,0,'',0,0,'','','','','','','',''),(106,'厨房电器','','',2,2,'','',0,'',1,0,'',0,1,'','','','','','','',''),(107,'豆浆机','','',106,50,'','',0,'',1,0,'',0,0,'','','','','','','',''),(108,'微波炉','','',106,50,'','',0,'',1,0,'',0,0,'','','','','','','',''),(109,'电水壶/热水瓶','','',106,50,'','',0,'',1,0,'',0,0,'','','','','','','',''),(110,'料理/榨汁机','','',106,50,'','',0,'',1,0,'',0,0,'','','','','','','',''),(111,'面包机','','',106,50,'','',0,'',1,0,'',0,0,'','','','','','','',''),(112,'电压力锅','','',106,50,'','',0,'',1,0,'',0,0,'','','','','','','',''),(113,'电饭煲','','',106,50,'','',0,'',1,0,'',0,0,'','','','','','','',''),(114,'多用途锅','','',106,50,'','',0,'',1,0,'',0,0,'','','','','','','',''),(115,'电磁炉','','',106,50,'','',0,'',1,0,'',0,0,'','','','','','','',''),(116,'电饼铛/煎烤机','','',106,50,'','',0,'',1,0,'',0,0,'','','','','','','',''),(117,'煮蛋器','','',106,50,'','',0,'',1,0,'',0,0,'','','','','','','',''),(118,'酸奶机','','',106,50,'','',0,'',1,0,'',0,0,'','','','','','','',''),(119,'咖啡机','','',106,50,'','',0,'',1,0,'',0,0,'','','','','','','',''),(120,'电烤箱','','',106,50,'','',0,'',1,0,'',0,0,'','','','','','','',''),(121,'果蔬解毒机','','',106,50,'','',0,'',1,0,'',0,0,'','','','','','','',''),(122,'其它厨房电器','','',106,50,'','',0,'',1,0,'',0,0,'','','','','','','',''),(123,'个人护理','','',2,3,'','',0,'',1,0,'',0,0,'','','','','','','',''),(124,'剃须刀','','',123,50,'','',0,'',1,0,'',0,0,'','','','','','','',''),(125,'电吹风','','',123,50,'','',0,'',1,0,'',0,0,'','','','','','','',''),(126,'口腔护理','','',123,50,'','',0,'',1,0,'',0,0,'','','','','','','',''),(127,'美容','','',123,50,'','',0,'',1,0,'',0,0,'','','','','','','',''),(128,'美发','','',123,50,'','',0,'',1,0,'',0,0,'','','','','','','',''),(129,'剃/脱毛器','','',123,50,'','',0,'',1,0,'',0,0,'','','','','','','',''),(130,'健康电器','','',9,50,'','',0,'',1,0,'',0,0,'','','','','','','',''),(131,'按摩器','','',130,50,'','',0,'',1,0,'',0,0,'','','','','','','',''),(132,'按摩椅','','',130,50,'','',0,'',1,0,'',0,0,'','','','','','','',''),(133,'足浴盆','','',130,50,'','',0,'',1,0,'',0,0,'','','','','','','',''),(134,'血压计','','',130,50,'','',0,'',1,0,'',0,0,'','','','','','','',''),(135,'健康秤/厨房秤','','',130,50,'','',0,'',1,0,'',0,0,'','','','','','','',''),(136,'血糖仪','','',130,50,'','',0,'',1,0,'',0,0,'','','','','','','',''),(137,'体温计','','',130,50,'','',0,'',1,0,'',0,0,'','','','','','','',''),(138,'计步器/脂肪检测仪','','',130,50,'','',0,'',1,0,'',0,0,'','','','','','','',''),(139,'其它健康电器','','',130,50,'','',0,'',1,0,'',0,0,'','','','','','','',''),(140,'五金家装','','',2,4,'','',0,'',1,0,'',0,0,'','','','','','','',''),(141,'电动工具','','',140,50,'','',0,'',1,0,'',0,0,'','','','','','','',''),(142,'手动工具','','',140,50,'','',0,'',1,0,'',0,0,'','','','','','','',''),(143,'浴霸/排气扇','','',140,50,'','',0,'',1,0,'',0,0,'','','','','','','',''),(144,'洁身器','','',140,50,'','',0,'',1,0,'',0,0,'','','','','','','',''),(145,'水槽','','',140,50,'','',0,'',1,0,'',0,0,'','','','','','','',''),(146,'龙头','','',140,50,'','',0,'',1,0,'',0,0,'','','','','','','',''),(147,'灯具','','',140,50,'','',0,'',1,0,'',0,0,'','','','','','','',''),(148,'淋浴花洒','','',140,50,'','',0,'',1,0,'',0,0,'','','','','','','',''),(149,'厨卫五金','','',140,50,'','',0,'',1,0,'',0,0,'','','','','','','',''),(150,'家具五金','','',140,50,'','',0,'',1,0,'',0,0,'','','','','','','',''),(151,'开关/插座','','',140,50,'','',0,'',1,0,'',0,0,'','','','','','','',''),(152,'电线/线缆','','',140,50,'','',0,'',1,0,'',0,0,'','','','','','','',''),(153,'门铃','','',140,50,'','',0,'',1,0,'',0,0,'','','','','','','',''),(154,'汽车用品','','',0,50,'','',0,'',1,0,'',0,0,'','','','','','','',''),(155,'GPS','','',154,50,'','',0,'',1,0,'',0,0,'','','','','','','',''),(156,'电子影音','','',154,50,'','',0,'',1,0,'',0,0,'','','','','','','',''),(157,'车载电器','','',154,50,'','',0,'',1,0,'',0,0,'','','','','','','',''),(158,'车载电源','','',154,50,'','',0,'',1,0,'',0,0,'','','','','','','',''),(159,'充气/吸尘','','',154,50,'','',0,'',1,0,'',0,0,'','','','','','','',''),(160,'冷暖箱','','',154,50,'','',0,'',1,0,'',0,0,'','','','','','','',''),(161,'脚垫','','',154,50,'','',0,'',1,0,'',0,0,'','','','','','','',''),(162,'座垫座套','','',154,50,'','',0,'',1,0,'',0,0,'','','','','','','',''),(163,'养护','','',154,50,'','',0,'',1,0,'',0,0,'','','','','','','',''),(164,'美容','','',154,50,'','',0,'',1,0,'',0,0,'','','','','','','',''),(165,'内饰','','',154,50,'','',0,'',1,0,'',0,0,'','','','','','','',''),(166,'配件','','',154,50,'','',0,'',1,0,'',0,0,'','','','','','','',''),(167,'香水/净化','','',154,50,'','',0,'',1,0,'',0,0,'','','','','','','',''),(168,'安全座椅','','',154,50,'','',0,'',1,0,'',0,0,'','','','','','','',''),(169,'自驾装备','','',154,50,'','',0,'',1,0,'',0,0,'','','','','','','',''),(170,'安全/应急','','',154,50,'','',0,'',1,0,'',0,0,'','','','','','','',''),(171,'手机通讯','','',3,50,'','',0,'',1,0,'',0,0,'','','','','','','',''),(172,'手机','','',171,50,'','',0,'',1,0,'',0,0,'','','','','','','',''),(173,'对讲机','','',171,50,'','',0,'',1,0,'',0,0,'','','','','','','',''),(174,'选号入网','','',171,50,'','',0,'',1,0,'',0,0,'','','','','','','',''),(175,'手机配件','','',3,50,'','',0,'',1,0,'',0,0,'','','','','','','',''),(176,'电池','','',175,50,'','',0,'',1,0,'',0,0,'','','','','','','',''),(177,'蓝牙耳机','','',175,50,'','',0,'',1,0,'',0,0,'','','','','','','',''),(178,'充电器','','',175,50,'','',0,'',1,0,'',0,0,'','','','','','','',''),(179,'手机耳机','','',175,50,'','',0,'',1,0,'',0,0,'','','','','','','',''),(180,'贴膜','','',175,50,'','',0,'',1,0,'',0,0,'','','','','','','',''),(181,'存储卡','','',175,50,'','',0,'',1,0,'',0,0,'','','','','','','',''),(182,'保护套','','',175,50,'','',0,'',1,0,'',0,0,'','','','','','','',''),(183,'车载','','',175,50,'','',0,'',1,0,'',0,0,'','','','','','','',''),(184,'iPhone配件','','',175,50,'','',0,'',1,0,'',0,0,'','','','','','','',''),(185,'摄影摄像','','',3,50,'','',0,'',1,0,'',0,0,'','','','','','','',''),(186,'数码相机','','',185,50,'','',0,'',1,0,'',0,0,'','','','','','','',''),(187,'单电/微单相机','','',185,50,'','',0,'',1,0,'',0,0,'','','','','','','',''),(188,'单反相机','','',185,50,'','',0,'',1,0,'',0,0,'','','','','','','',''),(189,'摄像机','','',185,50,'','',0,'',1,0,'',0,0,'','','','','','','',''),(190,'镜头','','',185,50,'','',0,'',1,0,'',0,0,'','','','','','','',''),(191,'滤镜','','',185,50,'','',0,'',1,0,'',0,0,'','','','','','','',''),(192,'闪光灯/手柄','','',185,50,'','',0,'',1,0,'',0,0,'','','','','','','',''),(193,'单反配件','','',185,50,'','',0,'',1,0,'',0,0,'','','','','','','',''),(194,'数码配件','','',3,50,'','',0,'',1,0,'',0,0,'','','','','','','',''),(195,'存储卡','','',194,50,'','',0,'',1,0,'',0,0,'','','','','','','',''),(196,'电池/充电器','','',194,50,'','',0,'',1,0,'',0,0,'','','','','','','',''),(197,'读卡器','','',194,50,'','',0,'',1,0,'',0,0,'','','','','','','',''),(198,'移动电源','','',194,50,'','',0,'',1,0,'',0,0,'','','','','','','',''),(199,'数码包','','',194,50,'','',0,'',1,0,'',0,0,'','','','','','','',''),(200,'时尚影音','','',3,50,'','',0,'',1,0,'',0,0,'','','','','','','',''),(201,'MP3/MP4','','',200,50,'','',0,'',1,0,'',0,0,'','','','','','','',''),(202,'MID','','',200,50,'','',0,'',1,0,'',0,0,'','','','','','','',''),(203,'耳机','','',200,50,'','',0,'',1,0,'',0,0,'','','','','','','',''),(204,'音箱','','',200,50,'','',0,'',1,0,'',0,0,'','','','','','','',''),(205,'高清播放器','','',200,50,'','',0,'',1,0,'',0,0,'','','','','','','',''),(206,'电子书','','',200,50,'','',0,'',1,0,'',0,0,'','','','','','','',''),(207,'电子词典','','',200,50,'','',0,'',1,0,'',0,0,'','','','','','','',''),(208,'笔记本','','',4,1,'','',0,'',1,0,'',0,0,'','','','','','','',''),(209,'笔记本','','',208,50,'','',0,'',1,0,'',0,0,'','','','','','','',''),(210,'超极本','','',208,50,'','',0,'',1,0,'',0,0,'','','','','','','',''),(211,'平板电脑','','',208,50,'','',0,'',1,0,'',0,0,'','','','','','','',''),(212,'电脑配件','','',4,2,'','',0,'',1,0,'',0,0,'','','','','','','',''),(213,'CPU','','',212,50,'','',0,'',1,0,'',0,0,'','','','','','','',''),(214,'台式电脑','','',212,50,'','',0,'',1,0,'',0,0,'','','','','','','',''),(215,'显卡','','',212,50,'','',0,'',1,0,'',0,0,'','','','','','','',''),(216,'外设产品','','',4,50,'','',0,'',1,0,'',0,0,'','','','','','','',''),(217,'鼠标','','',216,50,'','',0,'',1,0,'',0,0,'','','','','','','',''),(218,'键盘','','',216,50,'','',0,'',1,0,'',0,0,'','','','','','','',''),(219,'U盘','','',216,50,'','',0,'',1,0,'',0,0,'','','','','','','',''),(220,'办公打印','','',4,4,'','',0,'',1,0,'',0,0,'','','','','','','',''),(221,'路由器','','',220,50,'','',0,'',1,0,'',0,0,'','','','','','','',''),(222,'网卡','','',220,50,'','',0,'',1,0,'',0,0,'','','','','','','',''),(223,'交换机','','',220,50,'','',0,'',1,0,'',0,0,'','','','','','','',''),(224,'DIY攒机','','',4,3,'','',0,'',1,0,'',0,0,'','','','','','','',''),(225,'打印机','','',224,50,'','',0,'',1,0,'',0,0,'','','','','','','',''),(226,'办公文仪','','',224,50,'','',0,'',1,0,'',0,0,'','','','','','','',''),(227,'移动硬盘','','',224,50,'','',0,'',1,0,'',0,0,'','','','','','','',''),(228,'办公文仪','','',4,50,'','',0,'',1,0,'',0,0,'','','','','','','',''),(229,'计算器','','',228,50,'','',0,'',1,0,'',0,0,'','','','','','','',''),(230,'笔类','','',228,50,'','',0,'',1,0,'',0,0,'','','','','','','',''),(231,'纸类','','',228,50,'','',0,'',1,0,'',0,0,'','','','','','','',''),(232,'厨具','','',5,50,'','',0,'',1,0,'',0,0,'','','','','','','',''),(233,'烹饪锅具','','',232,50,'','',0,'',1,0,'',0,0,'','','','','','','',''),(234,'刀剪砧板','','',232,50,'','',0,'',1,0,'',0,0,'','','','','','','',''),(235,'收纳保鲜','','',232,50,'','',0,'',1,0,'',0,0,'','','','','','','',''),(236,'家纺','','',5,50,'','',0,'',1,0,'',0,0,'','','','','','','',''),(237,'床品件套','','',236,50,'','',0,'',1,0,'',0,0,'','','','','','','',''),(238,'被子','','',236,50,'','',0,'',1,0,'',0,0,'','','','','','','',''),(239,'枕芯枕套','','',236,50,'','',0,'',1,0,'',0,0,'','','','','','','',''),(240,'家具','','',5,50,'','',0,'',1,0,'',0,0,'','','','','','','',''),(241,'灯具','','',5,50,'','',0,'',1,0,'',0,0,'','','','','','','',''),(242,'生活日用','','',5,50,'','',0,'',1,0,'',0,0,'','','','','','','',''),(243,'清洁用品','','',5,50,'','',0,'',1,0,'',0,0,'','','','','','','',''),(244,'宠物用品','','',5,50,'','',0,'',1,0,'',0,0,'','','','','','','',''),(245,'家装建材','','',5,50,'','',0,'',1,0,'',0,0,'','','','','','','',''),(246,'个护化妆','','',6,1,'','',0,'',1,0,'',0,0,'','','','','','','',''),(247,'衬衫','','',246,50,'','',0,'',1,0,'',0,0,'','','','','','','',''),(248,'T恤','','',246,50,'','',0,'',1,0,'',0,0,'','','','','','','',''),(249,'裤子','','',246,50,'','',0,'',1,0,'',0,0,'','','','','','','',''),(250,'鞋靴箱包','','',6,2,'','',0,'',1,0,'',0,0,'','','','','','','',''),(251,'衬衫','','',250,50,'','',0,'',1,0,'',0,0,'','','','','','','',''),(252,'T恤','','',250,50,'','',0,'',1,0,'',0,0,'','','','','','','',''),(253,'连衣裙','','',250,50,'','',0,'',1,0,'',0,0,'','','','','','','',''),(254,'女士健康','','',6,4,'','',0,'',1,0,'',0,0,'','','','','','','',''),(255,'内衣','','',6,50,'','',0,'',1,0,'',0,0,'','','','','','','',''),(256,'配饰','','',6,50,'','',0,'',1,0,'',0,0,'','','','','','','',''),(257,'时尚搭配','','',6,3,'','',0,'',1,0,'',0,0,'','','','','','','',''),(258,'棉服','','',6,50,'','',0,'',1,0,'',0,0,'','','','','','','',''),(259,'营养健康','','',7,50,'','',0,'',1,1,'',0,0,'','','','','','','',''),(260,'洁面乳','','',259,50,'','',0,'',1,0,'',0,0,'','','','','','','',''),(261,'爽肤水','','',259,50,'','',0,'',1,0,'',0,0,'','','','','','','',''),(262,'精华露','','',259,50,'','',0,'',1,0,'',0,0,'','','','','','','',''),(263,'型男搭配','','',7,50,'','',0,'',1,0,'',0,0,'','','','','','','',''),(264,'洗发护发','','',263,50,'','',0,'',1,0,'',0,0,'','','','','','','',''),(265,'沐浴','','',263,50,'','',0,'',1,0,'',0,0,'','','','','','','',''),(266,'香薰精油','','',263,50,'','',0,'',1,0,'',0,0,'','','','','','','',''),(267,'运动户外','','',7,50,'','',0,'',1,0,'',0,0,'','','','','','','',''),(268,'女性护理','','',7,50,'','',0,'',1,2,'',0,0,'','','','','','','',''),(269,'男士护理','','',7,1,'','',0,'',1,0,'',0,0,'','','','','','','',''),(270,'魅力彩妆','','',7,50,'','',0,'',1,0,'',0,0,'','','','','','','',''),(271,'香水SPA','','',7,50,'','',0,'',1,0,'',0,0,'','','','','','','',''),(272,'潮流女包','','',8,50,'','',0,'',1,0,'',0,0,'','','','','','','',''),(273,'钱包/卡包','','',272,50,'','',0,'',1,0,'',0,0,'','','','','','','',''),(274,'手拿包','','',272,50,'','',0,'',1,0,'',0,0,'','','','','','','',''),(275,'单肩包','','',272,50,'','',0,'',1,0,'',0,0,'','','','','','','',''),(276,'时尚男包','','',8,50,'','',0,'',1,0,'',0,0,'','','','','','','',''),(277,'钱包/手包','','',276,50,'','',0,'',1,0,'',0,0,'','','','','','','',''),(278,'男士手包','','',276,50,'','',0,'',1,0,'',0,0,'','','','','','','',''),(279,'功能箱包','','',8,50,'','',0,'',1,0,'',0,0,'','','','','','','',''),(280,'礼品','','',8,50,'','',0,'',1,0,'',0,0,'','','','','','','',''),(281,'奢侈品','','',8,50,'','',0,'',1,0,'',0,0,'','','','','','','',''),(282,'钟表','','',8,50,'','',0,'',1,0,'',0,0,'','','','','','','',''),(283,'珠宝首饰','','',8,50,'','',0,'',1,0,'',0,0,'','','','','','','',''),(284,'户外鞋服','','',9,50,'','',0,'',1,0,'',0,0,'','','','','','','',''),(285,'户外装备','','',9,50,'','',0,'',1,0,'',0,0,'','','','','','','',''),(286,'运动器械','','',9,50,'','',0,'',1,0,'',0,0,'','','','','','','',''),(287,'纤体瑜伽','','',9,50,'','',0,'',1,0,'',0,0,'','','','','','','',''),(288,'体育娱乐','','',9,50,'','',0,'',1,0,'',0,0,'','','','','','','',''),(289,'成人用品','','',9,50,'','',0,'',1,0,'',0,0,'','','','','','','',''),(290,'保健器械','','',9,50,'','',0,'',1,0,'',0,0,'','','','','','','',''),(291,'急救卫生','','',9,50,'','',0,'',1,0,'',0,0,'','','','','','','',''),(292,'奶粉','','',10,50,'','',0,'',1,0,'',0,0,'','','','','','','',''),(293,'营养辅食','','',10,50,'','',0,'',1,0,'',0,0,'','','','','','','',''),(294,'尿裤湿巾','','',10,50,'','',0,'',1,0,'',0,0,'','','','','','','',''),(295,'喂养用品','','',10,50,'','',0,'',1,0,'',0,0,'','','','','','','',''),(296,'洗护用品','','',10,50,'','',0,'',1,0,'',0,0,'','','','','','','',''),(297,'童车童床','','',10,50,'','',0,'',1,0,'',0,0,'','','','','','','',''),(298,'寝具服饰','','',10,50,'','',0,'',1,0,'',0,0,'','','','','','','',''),(299,'妈妈专区','','',10,50,'','',0,'',1,0,'',0,0,'','','','','','','',''),(300,'玩具乐器','','',10,50,'','',0,'',1,0,'',0,0,'','','','','','','',''),(301,'进口食品','','',11,50,'','',0,'',1,0,'',0,0,'','','','','','','',''),(302,'地方特产','','',11,50,'','',0,'',1,0,'',0,0,'','','','','','','',''),(303,'休闲食品','','',11,50,'','',0,'',1,0,'',0,0,'','','','','','','',''),(304,'粮油调味','','',11,50,'','',0,'',1,0,'',0,0,'','','','','','','',''),(305,'酒饮冲调','','',11,50,'','',0,'',1,0,'',0,0,'','','','','','','',''),(306,'营养健康','','',11,50,'','',0,'',1,0,'',0,0,'','','','','','','',''),(307,'亚健康','','',11,50,'','',0,'',1,0,'',0,0,'','','','','','','',''),(308,'健康礼品','','',11,50,'','',0,'',1,0,'',0,0,'','','','','','','',''),(309,'生鲜食品','','',11,50,'','',0,'',1,0,'',0,0,'','','','','','','',''),(310,'彩票','','',12,50,'','',0,'',1,0,'',0,0,'','','','','','','',''),(311,'机票','','',12,50,'','',0,'',1,0,'',0,0,'','','','','','','',''),(312,'酒店','','',12,50,'','',0,'',1,0,'',0,0,'','','','','','','',''),(313,'充值','','',12,50,'','',0,'',1,0,'',0,0,'','','','','','','',''),(314,'票务','','',12,50,'','',0,'',1,0,'',0,0,'','','','','','','',''),(316,'数字音乐','','',1,2,'','',0,'',1,0,'',0,0,'','','','','','','',''),(317,'流行音乐','','',316,50,'','',0,'',1,0,'',0,0,'','','','','','','',''),(318,'古典音乐','','',316,50,'','',0,'',1,0,'',0,0,'','','','','','','',''),(319,'摇滚说唱','','',316,50,'','',0,'',1,0,'',0,0,'','','','','','','',''),(320,'家庭影院','','',80,5,'','',0,'',1,0,'',0,0,'','','','','','','',''),(321,'迷你音响','','',80,7,'','',0,'',1,0,'',0,0,'','','','','','','',''),(322,'酒柜/冰吧/冷柜','','',80,11,'','',0,'',1,0,'',0,0,'','','','','','','',''),(323,'单反相机','','',194,50,'','',0,'',1,0,'',0,0,'','','','','','','',''),(324,'打印机','','',220,50,'','',0,'',1,0,'',0,0,'','','','','','','',''),(325,'数码配件','','',4,50,'','',0,'',1,0,'',0,0,'','','','','','','',''),(328,'保湿霜','','',268,50,'','',0,'',1,0,'',0,0,'','','','','','','',''),(329,'防晒霜','','',268,50,'','',0,'',1,0,'',0,0,'','','','','','','',''),(330,'幼儿','','',13,50,'','',0,'',1,0,'',0,0,'','','','','','','',''),(331,'老年人','','',13,50,'','',0,'',1,0,'',0,0,'','','','','','','',''),(332,'养生','','',13,50,'','',0,'',1,0,'',0,0,'','','','','','','',''),(333,'旅行','','',13,50,'','',0,'',1,0,'',0,0,'','','','','','','',''),(334,'植物','','',13,50,'','',0,'',1,0,'',0,0,'','','','','','','',''),(335,'开发','','',13,50,'','',0,'',1,0,'',0,0,'','','','','','','','');
/*!40000 ALTER TABLE `ecs_category` ENABLE KEYS */;
UNLOCK TABLES;

--
-- Table structure for table `ecs_collect_goods`
--

DROP TABLE IF EXISTS `ecs_collect_goods`;
/*!40101 SET @saved_cs_client     = @@character_set_client */;
/*!40101 SET character_set_client = utf8 */;
CREATE TABLE `ecs_collect_goods` (
  `rec_id` mediumint(8) unsigned NOT NULL AUTO_INCREMENT,
  `user_id` mediumint(8) unsigned NOT NULL DEFAULT '0',
  `goods_id` mediumint(8) unsigned NOT NULL DEFAULT '0',
  `add_time` int(11) unsigned NOT NULL DEFAULT '0',
  `is_attention` tinyint(1) NOT NULL DEFAULT '0',
  PRIMARY KEY (`rec_id`),
  KEY `user_id` (`user_id`),
  KEY `goods_id` (`goods_id`),
  KEY `is_attention` (`is_attention`)
) ENGINE=MyISAM AUTO_INCREMENT=7 DEFAULT CHARSET=utf8;
/*!40101 SET character_set_client = @saved_cs_client */;

--
-- Dumping data for table `ecs_collect_goods`
--

LOCK TABLES `ecs_collect_goods` WRITE;
/*!40000 ALTER TABLE `ecs_collect_goods` DISABLE KEYS */;
INSERT INTO `ecs_collect_goods` VALUES (1,5,33,1366442920,0),(2,5,0,1388481862,0),(3,1,47,1401782003,0),(4,1,45,1402022106,0),(5,1,58,1404891139,1),(6,1,55,1404954818,0);
/*!40000 ALTER TABLE `ecs_collect_goods` ENABLE KEYS */;
UNLOCK TABLES;

--
-- Table structure for table `ecs_comment`
--

DROP TABLE IF EXISTS `ecs_comment`;
/*!40101 SET @saved_cs_client     = @@character_set_client */;
/*!40101 SET character_set_client = utf8 */;
CREATE TABLE `ecs_comment` (
  `comment_id` int(10) unsigned NOT NULL AUTO_INCREMENT,
  `comment_type` tinyint(3) unsigned NOT NULL DEFAULT '0',
  `title` varchar(200) NOT NULL DEFAULT '',
  `id_value` mediumint(8) unsigned NOT NULL DEFAULT '0',
  `email` varchar(60) NOT NULL DEFAULT '',
  `user_name` varchar(60) NOT NULL DEFAULT '',
  `content` text NOT NULL,
  `comment_rank` tinyint(1) unsigned NOT NULL DEFAULT '0',
  `add_time` int(10) unsigned NOT NULL DEFAULT '0',
  `ip_address` varchar(15) NOT NULL DEFAULT '',
  `status` tinyint(3) unsigned NOT NULL DEFAULT '0',
  `parent_id` int(10) unsigned NOT NULL DEFAULT '0',
  `user_id` int(10) unsigned NOT NULL DEFAULT '0',
  `rec_id` mediumint(8) NOT NULL DEFAULT '0',
  `comment_tag` varchar(255) NOT NULL,
  `buy_time` int(10) NOT NULL DEFAULT '0',
  `good_num` mediumint(8) NOT NULL DEFAULT '0',
  `hide_username` tinyint(1) NOT NULL DEFAULT '0',
  PRIMARY KEY (`comment_id`),
  KEY `parent_id` (`parent_id`),
  KEY `id_value` (`id_value`)
) ENGINE=MyISAM AUTO_INCREMENT=185 DEFAULT CHARSET=utf8;
/*!40101 SET character_set_client = @saved_cs_client */;

--
-- Dumping data for table `ecs_comment`
--

LOCK TABLES `ecs_comment` WRITE;
/*!40000 ALTER TABLE `ecs_comment` DISABLE KEYS */;
INSERT INTO `ecs_comment` VALUES (183,0,'',39,'Yasfd@sdf.com','68ecshop','保湿非常好，非常喜欢',5,1405651323,'127.0.0.1',1,0,1,224,'5',1405066104,1,0),(181,0,'',54,'Yasfd@sdf.com','68ecshop','非常好，非常喜欢',5,1405648546,'127.0.0.1',1,0,1,223,'1,4',1405066104,0,0),(182,0,'',54,'3@e.com','admin','感谢您对本店的支持',0,1405648675,'127.0.0.1',0,181,0,0,'',0,0,0),(184,0,'',50,'Yasfd@sdf.com','68ecshop','测试',5,1405677944,'127.0.0.1',1,0,1,198,'10',1405041988,0,0);
/*!40000 ALTER TABLE `ecs_comment` ENABLE KEYS */;
UNLOCK TABLES;

--
-- Table structure for table `ecs_crons`
--

DROP TABLE IF EXISTS `ecs_crons`;
/*!40101 SET @saved_cs_client     = @@character_set_client */;
/*!40101 SET character_set_client = utf8 */;
CREATE TABLE `ecs_crons` (
  `cron_id` tinyint(3) unsigned NOT NULL AUTO_INCREMENT,
  `cron_code` varchar(20) NOT NULL,
  `cron_name` varchar(120) NOT NULL,
  `cron_desc` text,
  `cron_order` tinyint(3) unsigned NOT NULL DEFAULT '0',
  `cron_config` text NOT NULL,
  `thistime` int(10) NOT NULL DEFAULT '0',
  `nextime` int(10) NOT NULL,
  `day` tinyint(2) NOT NULL,
  `week` varchar(1) NOT NULL,
  `hour` varchar(2) NOT NULL,
  `minute` varchar(255) NOT NULL,
  `enable` tinyint(1) NOT NULL DEFAULT '1',
  `run_once` tinyint(1) NOT NULL DEFAULT '0',
  `allow_ip` varchar(100) NOT NULL DEFAULT '',
  `alow_files` varchar(255) NOT NULL,
  PRIMARY KEY (`cron_id`),
  KEY `nextime` (`nextime`),
  KEY `enable` (`enable`),
  KEY `cron_code` (`cron_code`)
) ENGINE=MyISAM AUTO_INCREMENT=3 DEFAULT CHARSET=utf8;
/*!40101 SET character_set_client = @saved_cs_client */;

--
-- Dumping data for table `ecs_crons`
--

LOCK TABLES `ecs_crons` WRITE;
/*!40000 ALTER TABLE `ecs_crons` DISABLE KEYS */;
INSERT INTO `ecs_crons` VALUES (1,'clear_file','定期自动清除缓存','ECSHOP定期自动清除缓存插件',0,'a:0:{}',1404206222,1404144000,0,'','0','',1,1,'',''),(2,'order_del','自动取消未付款订单','ECSHOP自动取消或删除N天前未付款的无效订单',0,'a:2:{i:0;a:3:{s:4:\"name\";s:30:\"order_del_www_ecshop68_com_day\";s:4:\"type\";s:6:\"select\";s:5:\"value\";s:1:\"1\";}i:1;a:3:{s:4:\"name\";s:33:\"order_del_www_ecshop68_com_action\";s:4:\"type\";s:6:\"select\";s:5:\"value\";s:6:\"cancel\";}}',0,1404230400,0,'','0','',1,0,'','');
/*!40000 ALTER TABLE `ecs_crons` ENABLE KEYS */;
UNLOCK TABLES;

--
-- Table structure for table `ecs_delivery_goods`
--

DROP TABLE IF EXISTS `ecs_delivery_goods`;
/*!40101 SET @saved_cs_client     = @@character_set_client */;
/*!40101 SET character_set_client = utf8 */;
CREATE TABLE `ecs_delivery_goods` (
  `rec_id` mediumint(8) unsigned NOT NULL AUTO_INCREMENT,
  `delivery_id` mediumint(8) unsigned NOT NULL DEFAULT '0',
  `goods_id` mediumint(8) unsigned NOT NULL DEFAULT '0',
  `product_id` mediumint(8) unsigned DEFAULT '0',
  `product_sn` varchar(60) DEFAULT NULL,
  `goods_name` varchar(120) DEFAULT NULL,
  `brand_name` varchar(60) DEFAULT NULL,
  `goods_sn` varchar(60) DEFAULT NULL,
  `is_real` tinyint(1) unsigned DEFAULT '0',
  `extension_code` varchar(30) DEFAULT NULL,
  `parent_id` mediumint(8) unsigned DEFAULT '0',
  `send_number` smallint(5) unsigned DEFAULT '0',
  `goods_attr` text,
  PRIMARY KEY (`rec_id`),
  KEY `delivery_id` (`delivery_id`,`goods_id`),
  KEY `goods_id` (`goods_id`)
) ENGINE=MyISAM AUTO_INCREMENT=44 DEFAULT CHARSET=utf8;
/*!40101 SET character_set_client = @saved_cs_client */;

--
-- Dumping data for table `ecs_delivery_goods`
--

LOCK TABLES `ecs_delivery_goods` WRITE;
/*!40000 ALTER TABLE `ecs_delivery_goods` DISABLE KEYS */;
INSERT INTO `ecs_delivery_goods` VALUES (1,1,49,0,'','标题名称标题名称测试商品34','测试品牌2','ECS000049',1,'',0,1,''),(2,1,42,0,'','标题名称标题名称测试商品6','飞利浦','ECS000042',1,'',0,1,''),(3,1,41,0,'','标题名称标题名称测试商品7','多普达','ECS000041',1,'',0,1,''),(4,1,40,0,'','标题名称标题名称测试商品8','LG','ECS000040',1,'',0,1,''),(5,1,38,0,'','标题名称标题名称测试商品10','联想','ECS000038',1,'',0,1,''),(6,1,37,0,'','标题名称标题名称测试商品11','68品牌6','ECS000037',1,'',0,1,''),(7,1,33,0,'','标题名称标题名称测试商品15','金立','ECS000033',1,'',0,1,''),(8,1,34,0,'','标题名称标题名称测试商品14','  恒基伟业','ECS000034',1,'',0,1,''),(12,5,1,0,'','惠普G4-1332TX 14英寸笔记本电脑 （i5-2450M 2G 500G 7450M 1G独显 D刻 无线 摄像头）一流品质，价格公道，放心使用！','诺基亚','ECS000000',1,'',0,1,'颜色:黑色 \n版本:WIN7 \n'),(10,3,37,0,'','标题名称标题名称测试商品11','68品牌6','ECS000037',1,'',0,1,''),(11,4,42,0,'','标题名称标题名称测试商品6','飞利浦','ECS000042',1,'',0,1,''),(13,6,16,0,'','2197劲爆促销！索尼32英寸高清','金立','ECS000016',1,'',0,40,'颜色:黑色 \n版本:60G \n'),(14,6,15,0,'','直降150元！西门子5.6公斤超薄','金立','ECS000015',1,'',0,10,'颜色:黑色 \n'),(15,6,14,0,'','新品上市，真正智能专家！ 下单','68品牌3','ECS000014',1,'',0,8,'颜色:黑色 \n'),(16,6,13,0,'','帅康不锈钢联动套装！厨卫节抢','测试品牌1','ECS000013',1,'',0,6,'颜色:黑色 \n'),(17,6,10,0,'','直降100元！TCL118升冰箱！','68品牌6','ECS000010',1,'',0,4,'颜色:黑色 \n'),(18,6,11,0,'','飞利浦42英寸全高清液晶电视','测试品牌1','ECS000011',1,'',0,5,'颜色:黑色 \n'),(19,6,29,0,'','Giordano佐丹奴 衬衫 男浅纹质感优棉衬衫 01040553 灰色 XL','','ECS000029',1,'',0,12,'颜色:红色 \n尺寸:M \n'),(20,6,6,0,'','惠普Pro3300 SFF QS798AV台式电脑（G630 2G 500G DVD 键鼠 三年上门服务）','三星','ECS000006',1,'',0,12,'颜色:黑色 \n版本:60G \n'),(21,7,10,0,'','直降100元！TCL118升冰箱！','68品牌6','ECS000010',1,'',0,1,'颜色:黑色 \n'),(22,8,1,0,'','测试商品测试商品测试商品测试商品测试商品测试商品测试商品测试商品测试商品','诺基亚','ECS000000',1,'',0,1,''),(23,9,11,0,'','测试商品测试商品测试商品测试商品测试商品测试商品测试商品测试商品测试商品','测试品牌1','ECS000011',1,'',0,2,'颜色:黑色 \n版本:60G \n'),(24,10,1,0,'','测试商品测试商品测试商品测试商品测试商品测试商品测试商品测试商品测试商品','诺基亚','ECS000000',1,'',0,7,''),(25,11,1,0,'','测试商品测试商品测试商品测试商品测试商品测试商品测试商品测试商品测试商品','诺基亚','ECS000000',1,'',0,1,''),(26,12,53,0,'','68ecshop测试商品2','测试品牌3','ECS000053',1,'',0,1,''),(27,13,47,0,'','68ecshop供货商测试商品','三星','ECS000047',1,'',0,1,''),(28,13,50,0,'','68ecshop供货商测试商品','三星','ECS000050',1,'',0,1,''),(29,13,57,0,'','68ecshop测试商品2123','测试品牌3','ECS000057',1,'',0,1,''),(30,13,53,0,'','68ecshop测试商品2','测试品牌3','ECS000053',1,'',0,1,''),(31,14,39,0,'','测试商品测试商品测试商品测试商品测试商品测试商品测试商品测试商品测试商品','索爱','ECS000039',1,'',0,1,''),(32,14,35,0,'','测试商品测试商品测试商品测试商品测试商品测试商品测试商品测试商品测试商品','索爱','ECS000035',1,'',0,1,''),(33,15,44,0,'','68ecshop供货商测试商品','三星','ECS000044',1,'',0,1,''),(34,15,41,0,'','68ecshop供货商测试商品','诺基亚','ECS000041',1,'',0,1,''),(35,16,53,0,'','68ecshop测试商品2','测试品牌3','ECS000053',1,'',0,1,''),(36,17,38,0,'','测试商品测试商品测试商品测试商品测试商品测试商品测试商品测试商品测试商品','索爱','ECS000038',1,'',0,1,'颜色:白色 \n版本:120G \n'),(37,18,54,0,'','68ecshop测试商品3','测试品牌3','ECS000054',1,'',0,1,'颜色:红色 \n尺寸:XL \n'),(38,19,34,0,'','Midea/美的 FS406C电饭煲 4L智能定时预约家用电饭锅正品特价包邮','索爱','ECS000034',1,NULL,0,1,''),(39,20,46,0,'','68ecshop供货商测试商品','三星','ECS000046',1,NULL,0,2,''),(40,21,34,0,'','Midea/美的 FS406C电饭煲 4L智能定时预约家用电饭锅正品特价包邮','索爱','ECS000034',1,NULL,0,1,''),(41,22,13,0,'','【718大牌日】妖精的口袋 桃花桥2014立体宫廷女欧美风印花连衣裙','测试品牌1','ECS000013',1,NULL,0,1,'颜色:黑色 \n'),(42,23,53,0,'','68ecshop测试商品2','测试品牌3','ECS000053',1,NULL,0,1,'颜色:红色 \n尺寸:M \n'),(43,24,50,0,'','68ecshop供货商测试商品','三星','ECS000050',1,NULL,0,1,'');
/*!40000 ALTER TABLE `ecs_delivery_goods` ENABLE KEYS */;
UNLOCK TABLES;

--
-- Table structure for table `ecs_delivery_order`
--

DROP TABLE IF EXISTS `ecs_delivery_order`;
/*!40101 SET @saved_cs_client     = @@character_set_client */;
/*!40101 SET character_set_client = utf8 */;
CREATE TABLE `ecs_delivery_order` (
  `delivery_id` mediumint(8) unsigned NOT NULL AUTO_INCREMENT,
  `delivery_sn` varchar(20) NOT NULL,
  `order_sn` varchar(20) NOT NULL,
  `order_id` mediumint(8) unsigned NOT NULL DEFAULT '0',
  `invoice_no` varchar(50) DEFAULT NULL,
  `add_time` int(10) unsigned DEFAULT '0',
  `shipping_id` tinyint(3) unsigned DEFAULT '0',
  `shipping_name` varchar(120) DEFAULT NULL,
  `user_id` mediumint(8) unsigned DEFAULT '0',
  `action_user` varchar(30) DEFAULT NULL,
  `consignee` varchar(60) DEFAULT NULL,
  `address` varchar(250) DEFAULT NULL,
  `country` smallint(5) unsigned DEFAULT '0',
  `province` smallint(5) unsigned DEFAULT '0',
  `city` smallint(5) unsigned DEFAULT '0',
  `district` smallint(5) unsigned DEFAULT '0',
  `sign_building` varchar(120) DEFAULT NULL,
  `email` varchar(60) DEFAULT NULL,
  `zipcode` varchar(60) DEFAULT NULL,
  `tel` varchar(60) DEFAULT NULL,
  `mobile` varchar(60) DEFAULT NULL,
  `best_time` varchar(120) DEFAULT NULL,
  `postscript` varchar(255) DEFAULT NULL,
  `how_oos` varchar(120) DEFAULT NULL,
  `insure_fee` decimal(10,2) unsigned DEFAULT '0.00',
  `shipping_fee` decimal(10,2) unsigned DEFAULT '0.00',
  `update_time` int(10) unsigned DEFAULT '0',
  `suppliers_id` smallint(5) DEFAULT '0',
  `status` tinyint(1) unsigned NOT NULL DEFAULT '0',
  `agency_id` smallint(5) unsigned DEFAULT '0',
  PRIMARY KEY (`delivery_id`),
  KEY `user_id` (`user_id`),
  KEY `order_id` (`order_id`)
) ENGINE=MyISAM AUTO_INCREMENT=25 DEFAULT CHARSET=utf8;
/*!40101 SET character_set_client = @saved_cs_client */;

--
-- Dumping data for table `ecs_delivery_order`
--

LOCK TABLES `ecs_delivery_order` WRITE;
/*!40000 ALTER TABLE `ecs_delivery_order` DISABLE KEYS */;
INSERT INTO `ecs_delivery_order` VALUES (1,'20130105064237944','2013010554665',1,'20130105064237944',1357368128,1,'申通快递',0,'admin','24232','32233232',1,13,182,1561,'','3232@4343.323232','3232323232','32322332','','','','等待所有商品备齐后再发',0.00,15.00,1357368173,0,0,0),(5,'20130114061690663','2013011423985',5,'20130114061690663',1358144178,1,'申通快递',0,'admin','阿道夫撒旦法','阿斯蒂芬sad',1,24,312,2611,'阿阿斯蒂芬','2232@23.232','232222222','322222222','','','','等待所有商品备齐后再发',0.00,15.00,1358144202,0,0,0),(3,'20130105071113578','2013010530190',3,'20130105071113578',1357369818,1,'申通快递',0,'admin','3222','22322222',1,26,323,2753,'','3222222@233232.3232','2333333333','322222222','','','','等待所有商品备齐后再发',0.00,15.00,1357369905,0,0,0),(4,'20130105071206845','2013010544172',2,'20130105071206845',1357369793,1,'申通快递',0,'admin','阿斯多夫','31231',1,30,367,3102,'','1212@2332.323223','2332323232','21212','','','','等待所有商品备齐后再发',0.00,15.00,1357369934,0,0,0),(6,'20130116085086950','2013011610953',8,'20130116085086950',1358326181,1,'申通快递',0,'admin','23323232','3333223',1,21,276,2297,'','3232@323232.322323','32233232','2323233232','32322323','','','等待所有商品备齐后再发',0.00,15.00,1358326208,0,0,0),(7,'20130118082452612','2013011502498',7,'',1358241642,1,'申通快递',0,'admin','asdfasdf','asdfsadf',1,21,275,2290,'','2333@2332.233232','3232323232','322222222','','','','等待所有商品备齐后再发',0.00,15.00,1358497485,0,2,0),(8,'20140102005105598','2014010237040',25,'20140102005105598',1388623806,1,'申通快递',5,'admin','232332','32232',1,21,275,2291,'','asdf@asd1f.com','','3233232','','','','等待所有商品备齐后再发',0.00,15.00,1388623899,0,0,0),(9,'20140107013758161','2014010226798',28,'20140107013758161',1388626867,1,'申通快递',5,'admin','232332','32232',1,21,275,2291,'','asdf@asd1f.com','','3233232','','','','等待所有商品备齐后再发',0.00,15.00,1389058630,0,0,0),(10,'20140103014041903','2013123140482',24,'20140103014041903',1388481784,1,'申通快递',5,'admin','232332','32232',1,21,275,2291,'','asdf@asd1f.com','','3233232','','','','等待所有商品备齐后再发',0.00,15.00,1388713227,0,0,0),(11,'20140107013124455','2014010775006',30,'20140107013124455',1389058242,2,'中通速递',5,'admin','54544545','5454',1,2,52,500,'','','','5454545454','','','哈哈订单','等待所有商品备齐后再发',0.00,10.00,1389058289,0,0,0),(12,'20140708003318780','2014070871976',68,'20140708003318780',1404779365,1,'申通快递',1,'admin','ww','22222222',1,3,36,398,'','Yasfd@sdf.com','','22222222','','','','等待所有商品备齐后再发',0.00,15.00,1404779595,0,0,0),(13,'20140709015881609','2014070238414',65,'20140709015881609',1404282562,1,'申通快递',1,'admin','ww','22222222',1,3,36,398,'','Yasfd@sdf.com','','22222222','','','','等待所有商品备齐后再发',0.00,0.00,1404871095,0,0,0),(14,'20140702020205359','2014060735981',63,'20140702020205359',1402121165,1,'申通快递',1,'admin','ww','22222222',1,3,36,398,'','Yasfd@sdf.com','','22222222','','','','等待所有商品备齐后再发',0.00,15.00,1404266562,0,0,0),(15,'20140703024568967','2014060775450',61,'20140703024568967',1402121052,1,'申通快递',1,'admin','ww','22222222',1,3,36,398,'','Yasfd@sdf.com','','22222222','','','','等待所有商品备齐后再发',0.00,15.00,1404355510,0,0,0),(16,'20140710020617227','2014071070632',153,'20140710020617227',1404957958,1,'申通快递',1,'admin','ww','22222222',1,3,36,398,'','Yasfd@sdf.com','','22222222','','','','等待所有商品备齐后再发',0.00,15.00,1404958001,0,0,0),(17,'20140701081484372','2014070124467',208,'717978099223929',1404202400,1,'申通快递',1,'admin','李女士','北戴河奥林匹克大道公园',1,10,145,1196,'','Yasfd@sdf.com','','400-663-5268','','','','等待所有商品备齐后再发',0.00,15.00,1404202481,0,0,0),(18,'20140716015258436','2014071108171',204,'668896279127',1405066104,3,'圆通速递',1,'admin','李女士','北戴河奥林匹克大道公园',1,10,145,1196,'','Yasfd@sdf.com','','400-663-5268','','','','等待所有商品备齐后再发',0.00,5.00,1405475559,0,0,0),(19,'20140724063127702','2014072437676',250,'1111111',1406172947,3,'圆通速递',1,'admin','李女士','北戴河奥林匹克大道公园',1,10,145,1196,'','Yasfd@sdf.com','','400-663-5268','','','','等待所有商品备齐后再发',0.00,5.00,1406183504,0,0,0),(20,'20140730030617550','2014060539996',33,'请输入快递单号',1401937278,1,'申通快递',1,'admin','ww','22222222',1,3,36,398,'','Yasfd@sdf.com','','22222222','','','','等待所有商品备齐后再发',0.00,15.00,1406689581,0,0,0),(21,'20140730062699339','2014072437676',250,'请输入快递单号',1406172947,3,'圆通速递',1,'admin','李女士','北戴河奥林匹克大道公园',1,10,145,1196,'','Yasfd@sdf.com','','400-663-5268','','','','等待所有商品备齐后再发',0.00,5.00,1406701600,0,0,0),(22,'20140731015446140','2014073010847',255,'请输入快递单号',1406682136,3,'圆通速递',3,'admin','某某','东城区第三军医院',1,2,52,500,'','asdfsadf@sdf.com','','01012345678','','','','等待所有商品备齐后再发',0.00,5.00,1406771660,0,0,0),(23,'20140731015577010','2014073177175',258,'请输入快递单号',1406771461,3,'圆通速递',5,'admin','232332','32232',1,21,275,2291,'','asdf@asd1f.com','','3233232','','','','等待所有商品备齐后再发',0.00,5.00,1406771737,0,0,0),(24,'20140731030463887','2014060377286',31,'请输入快递单号',1401783101,1,'申通快递',1,'admin','ww','22222222',1,3,36,398,'','Yasfd@sdf.com','','22222222','','','','等待所有商品备齐后再发',0.00,15.00,1406775864,0,0,0);
/*!40000 ALTER TABLE `ecs_delivery_order` ENABLE KEYS */;
UNLOCK TABLES;

--
-- Table structure for table `ecs_email_list`
--

DROP TABLE IF EXISTS `ecs_email_list`;
/*!40101 SET @saved_cs_client     = @@character_set_client */;
/*!40101 SET character_set_client = utf8 */;
CREATE TABLE `ecs_email_list` (
  `id` mediumint(8) NOT NULL AUTO_INCREMENT,
  `email` varchar(60) NOT NULL,
  `stat` tinyint(1) NOT NULL DEFAULT '0',
  `hash` varchar(10) NOT NULL,
  PRIMARY KEY (`id`)
) ENGINE=MyISAM AUTO_INCREMENT=6 DEFAULT CHARSET=utf8;
/*!40101 SET character_set_client = @saved_cs_client */;

--
-- Dumping data for table `ecs_email_list`
--

LOCK TABLES `ecs_email_list` WRITE;
/*!40000 ALTER TABLE `ecs_email_list` DISABLE KEYS */;
INSERT INTO `ecs_email_list` VALUES (1,'sdf@sdf.com',0,'87dd17bc98'),(2,'asdf@asdf.com',0,'118aca7264'),(3,'asdfasdf@asfd.com',0,'2a5fd09df2'),(4,'asdf@asf.com',0,'7237aad2db'),(5,'sdf@zsdf.com',0,'a3811c58f5');
/*!40000 ALTER TABLE `ecs_email_list` ENABLE KEYS */;
UNLOCK TABLES;

--
-- Table structure for table `ecs_email_sendlist`
--

DROP TABLE IF EXISTS `ecs_email_sendlist`;
/*!40101 SET @saved_cs_client     = @@character_set_client */;
/*!40101 SET character_set_client = utf8 */;
CREATE TABLE `ecs_email_sendlist` (
  `id` mediumint(8) NOT NULL AUTO_INCREMENT,
  `email` varchar(100) NOT NULL,
  `template_id` mediumint(8) NOT NULL,
  `email_content` text NOT NULL,
  `error` tinyint(1) NOT NULL DEFAULT '0',
  `pri` tinyint(10) NOT NULL,
  `last_send` int(10) NOT NULL,
  PRIMARY KEY (`id`)
) ENGINE=MyISAM DEFAULT CHARSET=utf8;
/*!40101 SET character_set_client = @saved_cs_client */;

--
-- Dumping data for table `ecs_email_sendlist`
--

LOCK TABLES `ecs_email_sendlist` WRITE;
/*!40000 ALTER TABLE `ecs_email_sendlist` DISABLE KEYS */;
/*!40000 ALTER TABLE `ecs_email_sendlist` ENABLE KEYS */;
UNLOCK TABLES;

--
-- Table structure for table `ecs_error_log`
--

DROP TABLE IF EXISTS `ecs_error_log`;
/*!40101 SET @saved_cs_client     = @@character_set_client */;
/*!40101 SET character_set_client = utf8 */;
CREATE TABLE `ecs_error_log` (
  `id` int(10) NOT NULL AUTO_INCREMENT,
  `info` varchar(255) NOT NULL,
  `file` varchar(100) NOT NULL,
  `time` int(10) NOT NULL,
  PRIMARY KEY (`id`),
  KEY `time` (`time`)
) ENGINE=MyISAM DEFAULT CHARSET=utf8;
/*!40101 SET character_set_client = @saved_cs_client */;

--
-- Dumping data for table `ecs_error_log`
--

LOCK TABLES `ecs_error_log` WRITE;
/*!40000 ALTER TABLE `ecs_error_log` DISABLE KEYS */;
/*!40000 ALTER TABLE `ecs_error_log` ENABLE KEYS */;
UNLOCK TABLES;

--
-- Table structure for table `ecs_exchange_goods`
--

DROP TABLE IF EXISTS `ecs_exchange_goods`;
/*!40101 SET @saved_cs_client     = @@character_set_client */;
/*!40101 SET character_set_client = utf8 */;
CREATE TABLE `ecs_exchange_goods` (
  `goods_id` mediumint(8) unsigned NOT NULL DEFAULT '0',
  `exchange_integral` int(10) unsigned NOT NULL DEFAULT '0',
  `is_exchange` tinyint(1) unsigned NOT NULL DEFAULT '0',
  `is_hot` tinyint(1) unsigned NOT NULL DEFAULT '0',
  PRIMARY KEY (`goods_id`)
) ENGINE=MyISAM DEFAULT CHARSET=utf8;
/*!40101 SET character_set_client = @saved_cs_client */;

--
-- Dumping data for table `ecs_exchange_goods`
--

LOCK TABLES `ecs_exchange_goods` WRITE;
/*!40000 ALTER TABLE `ecs_exchange_goods` DISABLE KEYS */;
INSERT INTO `ecs_exchange_goods` VALUES (3,1000,1,1),(11,111,1,1),(13,12222,1,1);
/*!40000 ALTER TABLE `ecs_exchange_goods` ENABLE KEYS */;
UNLOCK TABLES;

--
-- Table structure for table `ecs_favourable_activity`
--

DROP TABLE IF EXISTS `ecs_favourable_activity`;
/*!40101 SET @saved_cs_client     = @@character_set_client */;
/*!40101 SET character_set_client = utf8 */;
CREATE TABLE `ecs_favourable_activity` (
  `act_id` smallint(5) unsigned NOT NULL AUTO_INCREMENT,
  `act_name` varchar(255) NOT NULL,
  `start_time` int(10) unsigned NOT NULL,
  `end_time` int(10) unsigned NOT NULL,
  `user_rank` varchar(255) NOT NULL,
  `act_range` tinyint(3) unsigned NOT NULL,
  `act_range_ext` varchar(255) NOT NULL,
  `min_amount` decimal(10,2) unsigned NOT NULL,
  `max_amount` decimal(10,2) unsigned NOT NULL,
  `act_type` tinyint(3) unsigned NOT NULL,
  `act_type_ext` decimal(10,2) unsigned NOT NULL,
  `gift` text NOT NULL,
  `sort_order` tinyint(3) unsigned NOT NULL DEFAULT '50',
  PRIMARY KEY (`act_id`),
  KEY `act_name` (`act_name`)
) ENGINE=MyISAM AUTO_INCREMENT=2 DEFAULT CHARSET=utf8;
/*!40101 SET character_set_client = @saved_cs_client */;

--
-- Dumping data for table `ecs_favourable_activity`
--

LOCK TABLES `ecs_favourable_activity` WRITE;
/*!40000 ALTER TABLE `ecs_favourable_activity` DISABLE KEYS */;
INSERT INTO `ecs_favourable_activity` VALUES (1,'注册会员特享优惠',1358784000,1452960000,'1',1,'2',1000.00,10000.00,2,80.00,'a:0:{}',50);
/*!40000 ALTER TABLE `ecs_favourable_activity` ENABLE KEYS */;
UNLOCK TABLES;

--
-- Table structure for table `ecs_feedback`
--

DROP TABLE IF EXISTS `ecs_feedback`;
/*!40101 SET @saved_cs_client     = @@character_set_client */;
/*!40101 SET character_set_client = utf8 */;
CREATE TABLE `ecs_feedback` (
  `msg_id` mediumint(8) unsigned NOT NULL AUTO_INCREMENT,
  `parent_id` mediumint(8) unsigned NOT NULL DEFAULT '0',
  `user_id` mediumint(8) unsigned NOT NULL DEFAULT '0',
  `user_name` varchar(60) NOT NULL DEFAULT '',
  `user_email` varchar(60) NOT NULL DEFAULT '',
  `msg_title` varchar(200) NOT NULL DEFAULT '',
  `msg_type` tinyint(1) unsigned NOT NULL DEFAULT '0',
  `msg_status` tinyint(1) unsigned NOT NULL DEFAULT '0',
  `msg_content` text NOT NULL,
  `msg_time` int(10) unsigned NOT NULL DEFAULT '0',
  `message_img` varchar(255) NOT NULL DEFAULT '0',
  `order_id` int(11) unsigned NOT NULL DEFAULT '0',
  `msg_area` tinyint(1) unsigned NOT NULL DEFAULT '0',
  PRIMARY KEY (`msg_id`),
  KEY `user_id` (`user_id`)
) ENGINE=MyISAM DEFAULT CHARSET=utf8;
/*!40101 SET character_set_client = @saved_cs_client */;

--
-- Dumping data for table `ecs_feedback`
--

LOCK TABLES `ecs_feedback` WRITE;
/*!40000 ALTER TABLE `ecs_feedback` DISABLE KEYS */;
/*!40000 ALTER TABLE `ecs_feedback` ENABLE KEYS */;
UNLOCK TABLES;

--
-- Table structure for table `ecs_friend_link`
--

DROP TABLE IF EXISTS `ecs_friend_link`;
/*!40101 SET @saved_cs_client     = @@character_set_client */;
/*!40101 SET character_set_client = utf8 */;
CREATE TABLE `ecs_friend_link` (
  `link_id` smallint(5) unsigned NOT NULL AUTO_INCREMENT,
  `link_name` varchar(255) NOT NULL DEFAULT '',
  `link_url` varchar(255) NOT NULL DEFAULT '',
  `link_logo` varchar(255) NOT NULL DEFAULT '',
  `show_order` tinyint(3) unsigned NOT NULL DEFAULT '50',
  PRIMARY KEY (`link_id`),
  KEY `show_order` (`show_order`)
) ENGINE=MyISAM DEFAULT CHARSET=utf8;
/*!40101 SET character_set_client = @saved_cs_client */;

--
-- Dumping data for table `ecs_friend_link`
--

LOCK TABLES `ecs_friend_link` WRITE;
/*!40000 ALTER TABLE `ecs_friend_link` DISABLE KEYS */;
/*!40000 ALTER TABLE `ecs_friend_link` ENABLE KEYS */;
UNLOCK TABLES;

--
-- Table structure for table `ecs_goods`
--

DROP TABLE IF EXISTS `ecs_goods`;
/*!40101 SET @saved_cs_client     = @@character_set_client */;
/*!40101 SET character_set_client = utf8 */;
CREATE TABLE `ecs_goods` (
  `goods_id` mediumint(8) unsigned NOT NULL AUTO_INCREMENT,
  `cat_id` smallint(5) unsigned NOT NULL DEFAULT '0',
  `goods_sn` varchar(60) NOT NULL DEFAULT '',
  `goods_name` varchar(120) NOT NULL DEFAULT '',
  `goods_name_style` varchar(60) NOT NULL DEFAULT '+',
  `click_count` int(10) unsigned NOT NULL DEFAULT '0',
  `brand_id` smallint(5) unsigned NOT NULL DEFAULT '0',
  `provider_name` varchar(100) NOT NULL DEFAULT '',
  `goods_number` smallint(5) unsigned NOT NULL DEFAULT '0',
  `goods_weight` decimal(10,3) unsigned NOT NULL DEFAULT '0.000',
  `market_price` decimal(10,2) unsigned NOT NULL DEFAULT '0.00',
  `shop_price` decimal(10,2) unsigned NOT NULL DEFAULT '0.00',
  `promote_price` decimal(10,2) unsigned NOT NULL DEFAULT '0.00',
  `promote_start_date` int(11) unsigned NOT NULL DEFAULT '0',
  `promote_end_date` int(11) unsigned NOT NULL DEFAULT '0',
  `warn_number` tinyint(3) unsigned NOT NULL DEFAULT '1',
  `keywords` varchar(255) NOT NULL DEFAULT '',
  `goods_brief` varchar(255) NOT NULL DEFAULT '',
  `goods_desc` text NOT NULL,
  `goods_thumb` varchar(255) NOT NULL DEFAULT '',
  `goods_img` varchar(255) NOT NULL DEFAULT '',
  `original_img` varchar(255) NOT NULL DEFAULT '',
  `is_real` tinyint(3) unsigned NOT NULL DEFAULT '1',
  `extension_code` varchar(30) NOT NULL DEFAULT '',
  `is_on_sale` tinyint(1) unsigned NOT NULL DEFAULT '1',
  `is_alone_sale` tinyint(1) unsigned NOT NULL DEFAULT '1',
  `is_shipping` tinyint(1) unsigned NOT NULL DEFAULT '0',
  `integral` int(10) unsigned NOT NULL DEFAULT '0',
  `add_time` int(10) unsigned NOT NULL DEFAULT '0',
  `sort_order` smallint(4) unsigned NOT NULL DEFAULT '100',
  `is_delete` tinyint(1) unsigned NOT NULL DEFAULT '0',
  `is_best` tinyint(1) unsigned NOT NULL DEFAULT '0',
  `is_new` tinyint(1) unsigned NOT NULL DEFAULT '0',
  `is_hot` tinyint(1) unsigned NOT NULL DEFAULT '0',
  `is_promote` tinyint(1) unsigned NOT NULL DEFAULT '0',
  `bonus_type_id` tinyint(3) unsigned NOT NULL DEFAULT '0',
  `last_update` int(10) unsigned NOT NULL DEFAULT '0',
  `goods_type` smallint(5) unsigned NOT NULL DEFAULT '0',
  `seller_note` varchar(255) NOT NULL DEFAULT '',
  `give_integral` int(11) NOT NULL DEFAULT '-1',
  `rank_integral` int(11) NOT NULL DEFAULT '-1',
  `suppliers_id` smallint(5) unsigned DEFAULT NULL,
  `supplier_id` smallint(5) unsigned NOT NULL DEFAULT '0',
  `supplier_status` tinyint(1) NOT NULL DEFAULT '0',
  `supplier_status_txt` text NOT NULL,
  `is_check` tinyint(1) unsigned DEFAULT NULL,
  `is_catindex` tinyint(1) unsigned NOT NULL,
  PRIMARY KEY (`goods_id`),
  KEY `goods_sn` (`goods_sn`),
  KEY `cat_id` (`cat_id`),
  KEY `last_update` (`last_update`),
  KEY `brand_id` (`brand_id`),
  KEY `goods_weight` (`goods_weight`),
  KEY `promote_end_date` (`promote_end_date`),
  KEY `promote_start_date` (`promote_start_date`),
  KEY `goods_number` (`goods_number`),
  KEY `sort_order` (`sort_order`),
  KEY `is_catindex` (`is_catindex`)
) ENGINE=MyISAM AUTO_INCREMENT=65 DEFAULT CHARSET=utf8;
/*!40101 SET character_set_client = @saved_cs_client */;

--
-- Dumping data for table `ecs_goods`
--

LOCK TABLES `ecs_goods` WRITE;
/*!40000 ALTER TABLE `ecs_goods` DISABLE KEYS */;
INSERT INTO `ecs_goods` VALUES (1,209,'ECS000000','爱丽缇 2014新款女装夏 韩版甜美修身白色蕾丝雪纺欧根纱连衣裙','+',633,1,'',1980,0.000,999.00,888.00,777.00,1331568000,1625846400,1,'','直降100元！超低价疯','<p>\r\n	主图来源：自主实拍图\r\n</p>\r\n<p>\r\n	货号：1303L051\r\n</p>\r\n<p>\r\n	风格：甜美\r\n</p>\r\n<p>\r\n	甜美：公主\r\n</p>\r\n<p>\r\n	组合形式：单件\r\n</p>\r\n<p>\r\n	裙长：短裙\r\n</p>\r\n<p>\r\n	款式：其他款式\r\n</p>\r\n<p>\r\n	袖长：短袖\r\n</p>\r\n<p>\r\n	领型：圆领\r\n</p>\r\n<p>\r\n	袖型：常规\r\n</p>\r\n<p>\r\n	腰型：中腰\r\n</p>\r\n<p>\r\n	衣门襟：拉链\r\n</p>\r\n<p>\r\n	裙型：公主裙\r\n</p>\r\n<p>\r\n	图案：纯色\r\n</p>\r\n<p>\r\n	流行元素/工艺：绣花,褶皱,拉链,蕾丝\r\n</p>\r\n<p>\r\n	品牌：爱丽缇\r\n</p>\r\n<p>\r\n	面料：蕾丝\r\n</p>\r\n<p>\r\n	成分含量：51%(含)-70%(含)\r\n</p>\r\n<p>\r\n	材质：聚酯纤维\r\n</p>\r\n<p>\r\n	适用年龄：25-29周岁\r\n</p>\r\n<p>\r\n	年份季节：2014年夏季\r\n</p>\r\n<p>\r\n	颜色分类：白色,粉红色\r\n</p>\r\n<p>\r\n	尺码：XS,S,M,L,XL\r\n</p>\r\n<img src=\"http://a.tbcdn.cn/kissy/1.0.0/build/imglazyload/spaceball.gif\" />\r\n<p>\r\n	面料:欧根纱棉蕾丝绣花 颜色:白色工艺:后拉链装置 +三层网纱底 see-through设计，呈现出梦幻而朦胧的质感衣衫上繁花满溢，满满的绣花绽放着浪漫柔情层叠的欧根纱裙摆轻灵舞动，打造精灵般的青春姿态选用高档欧根纱面料，柔韧细腻，轻盈飘逸雪纺内衬裙，舒爽柔软，温柔体贴肌肤亲们，这款衣衣的面辅料都是定制的。衣衣的面料和领圈，都是专业绣花机生产，一般机器都生产不了的。而且产量超低，一天一台机器只能生产30多码（一码=0.9144米）。衣衣的领圈，也是一个一个刺绣出来的，这样使得衣衣的面辅料供应速度远远低于我们的销量速度。为了保证衣衣的仙美，爱丽缇只采用优质的原材料，比如欧根纱就是采用的进口欧根纱，纱质的牢固度是国产欧根纱的几倍，光泽度、柔软度也是国产欧根纱所不能比拟的，当然，价格也要贵出好几元哦。此外，衣衣都是采用100%纯棉线绣出来的，绣出来的花形非常清晰、饱满。面料上那些像满天繁星一样的小花朵，看起来都非常精致漂亮，没有一根线头，亲们，知道么，这都是工友们一剪刀一剪刀剪出来的。正是我们对品质近乎苛刻的要求，亲们拿到手里的衣衣，才一根线头都没有！！！这样的衣衣穿在身上才会感觉舒适、漂亮，才显得高贵大方。一分钱一分货，是市场颠扑不破的道理。爱丽缇不怕货比货，只怕不识货。爱丽缇只给亲们提供最具性价比的物美价优的衣衣！！！梦幻仙女高档欧根纱蕾丝雪纺连衣裙细节描述领口：专业绣花机独立刺绣而成，精致品质源于精工打造。一刀一刀手工裁剪，才能使领花如此精致。袖型：典型公主袖，点到即止，恰好地修饰肩部，甜美减龄。透明网纱，描绘肩部轮廊细腻迷人腰间：特殊的小褶皱工艺，微微褶皱，下裙随之舞动，花儿\r\n</p>\r\n<p>\r\n	散漫，尽显优雅之美裙摆：三层设计，透薄网纱与花边的完美契合，灵动优雅。清透欧根纱，展现迷人曲线，精致优雅，让人着迷。设计亮点质料：选用高档欧根纱，轻、薄、柔，轻巧而灵动，演绎薄翼轻纱般的梦幻之美，给你一个清爽烂漫之夏。工艺：重手工艺的绣花设计工艺，打造高雅气质连衣裙搭配：单件即可，搭配同色系时尚皮包、时尚美鞋，优雅与时尚完美融合，增添柔美雅致之韵味。宝贝描述手工裁剪，精工打造，精致优雅雪纺内衬衫，清爽舒适，轻薄而柔软，亲肤感强欧根纱赋予其灵魂，如天使似仙女，梦幻烂漫。穿上它，走上仙女般梦幻之旅另外特别申明下因面料不是定位裁剪,袖子还有身上的绣花部位我们不能保证和模特穿着的花朵位置完全一致，但是版形是一样的，衣衣穿着一样优雅动人！\r\n</p>\r\n<img src=\"http://gw.alicdn.com/imgextra/i4/760761584/T2aYw7XL0aXXXXXXXX-760761584.jpg\" /><img src=\"http://gw.alicdn.com/imgextra/i4/760761584/T2uA__XFJXXXXXXXXX-760761584.jpg\" /><img src=\"http://gw.alicdn.com/imgextra/i3/760761584/T2RevsXKFXXXXXXXXX-760761584.jpg\" /><img src=\"http://gw.alicdn.com/imgextra/i3/760761584/T2gv.iXIJXXXXXXXXX-760761584.jpg\" /><img src=\"http://gw.alicdn.com/imgextra/i1/760761584/T2oKH.XFdXXXXXXXXX-760761584.jpg\" /><img src=\"http://gw.alicdn.com/imgextra/i1/760761584/T2wmn5XFNaXXXXXXXX-760761584.jpg\" /><img src=\"http://gw.alicdn.com/imgextra/i3/760761584/T2HQz_XHBXXXXXXXXX-760761584.jpg\" /><img src=\"http://gw.alicdn.com/imgextra/i4/760761584/T2sm65XF0aXXXXXXXX-760761584.jpg\" /><img src=\"http://gw.alicdn.com/imgextra/i4/760761584/T2G2T8XUtXXXXXXXXX-760761584.jpg\" /><img src=\"http://gw.alicdn.com/imgextra/i1/760761584/T2F9H5XNNaXXXXXXXX-760761584.jpg\" /><img src=\"http://gw.alicdn.com/imgextra/i1/760761584/T2WUj9XMXXXXXXXXXX-760761584.jpg\" /><img src=\"http://gw.alicdn.com/imgextra/i4/760761584/T26TTpXTFXXXXXXXXX-760761584.jpg\" /><img src=\"http://gw.alicdn.com/imgextra/i4/760761584/T2xor9XNJXXXXXXXXX-760761584.jpg\" /><img src=\"http://gw.alicdn.com/imgextra/i1/760761584/T21TY8XUpXXXXXXXXX-760761584.jpg\" /><img src=\"http://gw.alicdn.com/imgextra/i3/760761584/T2v0r.XHhXXXXXXXXX-760761584.jpg\" /><img src=\"http://gw.alicdn.com/imgextra/i1/760761584/T2reBBXF4XXXXXXXXX-760761584.gif\" /><img src=\"http://gw.alicdn.com/imgextra/i4/760761584/T2Pfj4XfFXXXXXXXXX_!!760761584.jpg\" /><img src=\"http://gw.alicdn.com/imgextra/i3/760761584/T2uAz5XItaXXXXXXXX-760761584.jpg\" /><img src=\"http://gw.alicdn.com/imgextra/i1/760761584/T2JXY9XR4XXXXXXXXX-760761584.jpg\" /><img src=\"http://gw.alicdn.com/imgextra/i2/760761584/T2C6r_XHtXXXXXXXXX-760761584.jpg\" /><img src=\"http://gw.alicdn.com/imgextra/i1/760761584/T2nxb_XI0XXXXXXXXX-760761584.jpg\" /><img src=\"http://gw.alicdn.com/imgextra/i3/760761584/T2NVv9XQtXXXXXXXXX-760761584.jpg\" /><img src=\"http://gw.alicdn.com/imgextra/i2/760761584/T2Xc25XOdaXXXXXXXX-760761584.jpg\" /><img src=\"http://gw.alicdn.com/imgextra/i2/760761584/T2a1T5XKhaXXXXXXXX-760761584.jpg\" /><img src=\"http://gw.alicdn.com/imgextra/i3/760761584/T2Bg6_XIlXXXXXXXXX-760761584.jpg\" /><img src=\"http://gw.alicdn.com/imgextra/i3/760761584/T2iXn8XHFaXXXXXXXX-760761584.jpg\" /><img src=\"http://gw.alicdn.com/imgextra/i4/760761584/T255D9XPXXXXXXXXXX-760761584.jpg\" /><img src=\"http://gw.alicdn.com/imgextra/i3/760761584/T2fD_5XUBXXXXXXXXX-760761584.jpg\" /><img src=\"http://gw.alicdn.com/imgextra/i2/760761584/T2pi_5XIRaXXXXXXXX-760761584.jpg\" /><img src=\"http://gw.alicdn.com/imgextra/i4/760761584/T2y2z5XOlaXXXXXXXX-760761584.jpg\" />','images/taobao/28a55954dfb78ad92fd8550ce1dabf2f.jpg','images/taobao/28a55954dfb78ad92fd8550ce1dabf2f.jpg','images/201301/source_img/1_G_1358480012554.jpg',1,'',1,1,0,38,1331565153,1,0,1,0,1,1,0,1405042714,1,'',-1,-1,0,0,0,'',0,0),(2,209,'ECS000002','【全新原封未激活/包邮】 Apple/苹果 iPhone 4s 8G 苹果4S手机','+',8,2,'',1999,0.000,999.00,888.00,777.00,1365436800,1460736000,1,'','直降100元！超低价疯','<p>\r\n	品牌：Apple/苹果\r\n</p>\r\n<p>\r\n	Apple型号：iPhone 4s\r\n</p>\r\n<p>\r\n	手机价格区间：2001-3000元\r\n</p>\r\n<p>\r\n	上市时间：2013年\r\n</p>\r\n<p>\r\n	网络类型：联通3G GSM/WCDMA(3G),电信3G CDMA/CDMA2000(3G)\r\n</p>\r\n<p>\r\n	款式：直板\r\n</p>\r\n<p>\r\n	尺寸：3.5英寸\r\n</p>\r\n<p>\r\n	机身颜色：白色,黑色\r\n</p>\r\n<p>\r\n	套餐类型：官方标配,套餐二,套餐一,套餐三,套餐四,套餐五,套餐六,套餐七\r\n</p>\r\n<p>\r\n	后置摄像头：800万\r\n</p>\r\n<p>\r\n	操作系统：iOS\r\n</p>\r\n<p>\r\n	附加功能：WIFI上网,GPS导航,高清视频\r\n</p>\r\n<p>\r\n	宝贝成色：全新\r\n</p>\r\n<p>\r\n	售后服务：全国联保\r\n</p>\r\n<p>\r\n	触摸屏类型：电容式\r\n</p>\r\n<p>\r\n	运行内存RAM：512MB\r\n</p>\r\n<p>\r\n	机身内存：8GB\r\n</p>\r\n<p>\r\n	键盘类型：虚拟触屏键盘\r\n</p>\r\n<p>\r\n	厚度：9mm(含)-10mm(含)\r\n</p>\r\n<p>\r\n	分辨率：960x640\r\n</p>\r\n<p>\r\n	手机类型：4G手机,3G手机,音乐手机,拍照手机,商务手机,智能手机,时尚手机\r\n</p>\r\n<p>\r\n	电池类型：不可拆卸式电池\r\n</p>\r\n<p>\r\n	摄像头类型：双摄像头（前后）\r\n</p>\r\n<p>\r\n	视频显示格式：720P(逐行高清D4)\r\n</p>\r\n<p>\r\n	网络模式：单卡双模\r\n</p>\r\n<p>\r\n	核心数：双核心\r\n</p>\r\n<p>\r\n	电池容量：1420mAh\r\n</p>\r\n<p>\r\n	机身厚度：9.3mm\r\n</p>\r\n<p>\r\n	版本类型：中国大陆\r\n</p>\r\n<img src=\"http://gw.alicdn.com/imgextra/i1/263726286/TB2zXIaXVXXXXbsXpXXXXXXXXXX-263726286.png\" /><img src=\"http://gw.alicdn.com/imgextra/i2/263726286/T2GVH9XgFaXXXXXXXX_!!263726286.jpg\" /><img src=\"http://gw.alicdn.com/imgextra/i4/263726286/T2gkNnXzFXXXXXXXXX_!!263726286.jpg\" /><img src=\"http://gw.alicdn.com/imgextra/i4/263726286/T2rlf8XltaXXXXXXXX_!!263726286.gif\" /><img src=\"http://gw.alicdn.com/imgextra/i2/263726286/T2hKTHXctbXXXXXXXX_!!263726286.gif\" /><img src=\"http://gw.alicdn.com/imgextra/i4/263726286/T2eOKqXK0aXXXXXXXX-263726286.jpg\" /><img src=\"http://gw.alicdn.com/imgextra/i3/263726286/T289qiXd4cXXXXXXXX_!!263726286.gif\" /><img src=\"http://gw.alicdn.com/imgextra/i2/263726286/T2UkyJXbtcXXXXXXXX_!!263726286.gif\" /><img src=\"http://gw.alicdn.com/imgextra/i4/263726286/T2dDJsXAVXXXXXXXXX_!!263726286.jpg\" /><img src=\"http://gw.alicdn.com/imgextra/i2/263726286/T2QQ4pXttaXXXXXXXX_!!263726286.jpg\" /><img src=\"http://gw.alicdn.com/imgextra/i3/263726286/T2hZxoXzVaXXXXXXXX_!!263726286.jpg\" />','images/taobao/85f9254d2ccaae652af1c15c4ea04053.jpg','images/taobao/85f9254d2ccaae652af1c15c4ea04053.jpg','images/201203/source_img/2_G_1331565268497.jpg',1,'',1,1,0,41,1331565268,100,0,1,0,1,1,0,1405043133,1,'',-1,-1,0,0,0,'',0,0),(3,209,'ECS000003','测试商品测试商品测试商品测试商品测试商品测试商品测试商品测试商品测试商品','+',37,3,'',1998,0.000,999.00,888.00,777.00,1376409600,1472140800,1,'','直降100元！超低价疯','','images/201406/thumb_img/3_thumb_G_1402622429339.jpg','images/201406/goods_img/3_G_1402622429890.jpg','images/201406/source_img/3_G_1402622429614.jpg',1,'',1,1,0,27,1331565433,100,0,1,0,1,1,0,1402622429,1,'',-1,-1,0,0,1,'',0,0),(4,209,'ECS000004','泉润三层补水套装 正品专柜 保湿美白护肤爽肤水 乳液 洁面乳','+',89,4,'',2000,0.000,999.00,888.00,0.00,0,0,1,'','直降100元！超低价疯','<p>\r\n	上市时间：2004年\r\n</p>\r\n<p>\r\n	颜色分类：白,白色\r\n</p>\r\n<p>\r\n	功效：补水,保湿,滋润\r\n</p>\r\n<p>\r\n	规格类型：正常规格\r\n</p>\r\n<p>\r\n	品牌：泉润\r\n</p>\r\n<p>\r\n	面部护理套装单品：三层渗透补水保湿洁面乳、三层渗透补水嫩白乳液、三层渗透保湿柔\r\n</p>\r\n<p>\r\n	适合肤质：任何肤质\r\n</p>\r\n<p>\r\n	产地：中国\r\n</p>\r\n<p>\r\n	保质期：3年\r\n</p>\r\n<img src=\"http://gw.alicdn.com/imgextra/i1/1129753762/TB2.VbcXVXXXXceXpXXXXXXXXXX_!!1129753762.jpg\" /><img src=\"http://gw.alicdn.com/imgextra/i1/1129753762/TB2VF8yXpXXXXagXFXXXXXXXXXX_!!1129753762.jpg\" /><img src=\"http://gw.alicdn.com/imgextra/i1/1129753762/TB265LiXXXXXXXHXVXXXXXXXXXX_!!1129753762.jpg\" /><img src=\"http://gw.alicdn.com/imgextra/i1/1129753762/TB2moCnXFXXXXbvXpXXXXXXXXXX_!!1129753762.jpg\" /><img src=\"http://gw.alicdn.com/imgextra/i2/1129753762/TB20YzpXFXXXXbhXpXXXXXXXXXX_!!1129753762.jpg\" /><img src=\"http://gw.alicdn.com/imgextra/i3/1129753762/TB2a7tyXpXXXXaDXFXXXXXXXXXX_!!1129753762.jpg\" /><img src=\"http://gw.alicdn.com/imgextra/i2/1129753762/TB2cMmkXVXXXXbYXXXXXXXXXXXX_!!1129753762.jpg\" /><img src=\"http://gw.alicdn.com/imgextra/i3/1129753762/TB2uw8oXpXXXXcOXFXXXXXXXXXX_!!1129753762.jpg\" /><img src=\"http://gw.alicdn.com/imgextra/i4/1129753762/TB2aCAaXFXXXXbGXpXXXXXXXXXX_!!1129753762.jpg\" /><img src=\"http://gw.alicdn.com/imgextra/i3/1129753762/TB2zZLvXFXXXXbuXpXXXXXXXXXX_!!1129753762.jpg\" />','images/taobao/23bc095c262e9cfdac67ee07e9987a29.jpg','images/taobao/23bc095c262e9cfdac67ee07e9987a29.jpg','images/201203/source_img/4_G_1331565521927.jpg',1,'',1,1,0,46,1331565521,100,0,1,0,1,0,0,1405043866,1,'',-1,-1,0,0,0,'',0,0),(5,214,'ECS000005','测试商品测试商品测试商品测试商品测试商品测试商品测试商品测试商品测试商品','+',12,5,'',2000,0.000,999.00,888.00,777.00,1325606400,1422028800,1,'','直降100元！超低价疯','','images/201203/thumb_img/5_thumb_G_1331565609696.jpg','images/201203/goods_img/5_G_1331565609500.jpg','images/201203/source_img/5_G_1331565609261.jpg',1,'',1,1,0,47,1331565609,100,0,1,0,1,1,0,1326941561,1,'',-1,-1,0,0,0,'',0,0),(6,208,'ECS000006','小米官方旗舰店正品 MIUI/小米 小米手机3 米3大屏四核现货包邮','+',203,6,'',0,0.000,999.00,888.00,777.00,1365609600,1434124800,1,'','补贴价3249（下单立减200+节能补贴再减250）+返250元京券,超窄边,直下式LED,USB,MHL,BE3引擎!','<p>\r\n	品牌：MIUI/小米\r\n</p>\r\n<p>\r\n	型号：小米手机3\r\n</p>\r\n<p>\r\n	手机价格区间：2001-3000元\r\n</p>\r\n<p>\r\n	上市时间：2013年\r\n</p>\r\n<p>\r\n	13年上市月份：2013年10月\r\n</p>\r\n<p>\r\n	网络类型：移动3G GSM/TD-SCDMA(3G),联通3G GSM/WCDMA(3G),电信3G CDMA/CDMA2000(3G)\r\n</p>\r\n<p>\r\n	款式：直板\r\n</p>\r\n<p>\r\n	尺寸：5.0英寸\r\n</p>\r\n<p>\r\n	机身颜色：红色,白,粉,粉红色,褐色,黑\r\n</p>\r\n<p>\r\n	套餐类型：官方标配,套餐一,套餐二\r\n</p>\r\n<p>\r\n	后置摄像头：1300万\r\n</p>\r\n<p>\r\n	操作系统：MIUI\r\n</p>\r\n<p>\r\n	附加功能：WIFI上网,GPS导航,高清视频,GPRS上网\r\n</p>\r\n<p>\r\n	宝贝成色：全新\r\n</p>\r\n<p>\r\n	售后服务：全国联保\r\n</p>\r\n<p>\r\n	触摸屏类型：电容式\r\n</p>\r\n<p>\r\n	运行内存RAM：2GB\r\n</p>\r\n<p>\r\n	机身内存：16GB,64GB\r\n</p>\r\n<p>\r\n	键盘类型：虚拟触屏键盘\r\n</p>\r\n<p>\r\n	厚度：9mm以下\r\n</p>\r\n<p>\r\n	分辨率：1920x1080\r\n</p>\r\n<p>\r\n	手机类型：商务手机,3G手机,时尚手机,智能手机,拍照手机,音乐手机\r\n</p>\r\n<p>\r\n	电池类型：不可拆卸式电池\r\n</p>\r\n<p>\r\n	摄像头类型：双摄像头（前后）\r\n</p>\r\n<p>\r\n	视频显示格式：1080P(全高清D5)\r\n</p>\r\n<p>\r\n	网络模式：单卡双模\r\n</p>\r\n<p>\r\n	核心数：四核心\r\n</p>\r\n<p>\r\n	四核cpu频率：1.7GHz及以上\r\n</p>\r\n<p>\r\n	电池容量：3050MAH\r\n</p>\r\n<p>\r\n	机身厚度：8.1mm\r\n</p>\r\n<p>\r\n	版本类型：中国大陆\r\n</p>\r\n<p>\r\n	主摄像头像素：1300-1600万像素\r\n</p>\r\n<p>\r\n	屏幕尺寸：5.0-5.5英寸\r\n</p>\r\n<img src=\"http://gw.alicdn.com/imgextra/i4/1714128138/TB2dgThXVXXXXaeXXXXXXXXXXXX-1714128138.jpg\" />\r\n<p>\r\n	小米手机3移动版 纯白色（16G）套餐说明小米手机3移动版 银灰色（16G）套餐说明小米手机3联通版 星空灰（16G）套餐说明小米手机3联通版 银灰色（16G）套餐说明小米手机3电信版 银灰色（16G）套餐说明小米手机3电信版纯白色（16G）套餐说明\r\n</p>\r\n<img src=\"http://gw.alicdn.com/imgextra/i2/1714128138/T2UxtOXDFXXXXXXXXX-1714128138.jpg\" /><img src=\"http://gw.alicdn.com/imgextra/i4/1714128138/T2cVtNXutaXXXXXXXX-1714128138.jpg\" /><img src=\"http://gw.alicdn.com/imgextra/i4/1714128138/TB2UaOoXVXXXXbvXXXXXXXXXXXX-1714128138.jpg\" /><img src=\"http://gw.alicdn.com/imgextra/i3/1714128138/TB2jwaqXVXXXXbrXXXXXXXXXXXX-1714128138.jpg\" /><img src=\"http://gw.alicdn.com/imgextra/i4/1714128138/T2BfNMXBJXXXXXXXXX-1714128138.jpg\" /><img src=\"http://gw.alicdn.com/imgextra/i4/1714128138/T2i04LXvVaXXXXXXXX-1714128138.jpg\" /><img src=\"http://gw.alicdn.com/imgextra/i3/1714128138/T2_LtLXt0aXXXXXXXX-1714128138.jpg\" /><img src=\"http://gw.alicdn.com/imgextra/i2/1714128138/T2dy8SXqJXXXXXXXXX-1714128138.jpg\" /><img src=\"http://gw.alicdn.com/imgextra/i3/1714128138/T2B30PXzJXXXXXXXXX-1714128138.jpg\" /><img src=\"http://gw.alicdn.com/imgextra/i2/1714128138/T2MPxOXw4XXXXXXXXX-1714128138.jpg\" /><img src=\"http://gw.alicdn.com/imgextra/i4/1714128138/T2SctQXwdXXXXXXXXX-1714128138.jpg\" /><img src=\"http://gw.alicdn.com/imgextra/i1/1714128138/T20ytQXtXXXXXXXXXX-1714128138.jpg\" /><img src=\"http://gw.alicdn.com/imgextra/i1/1714128138/T27StNXy0XXXXXXXXX-1714128138.jpg\" /><img src=\"http://gw.alicdn.com/imgextra/i4/1714128138/T2yp8TXqtXXXXXXXXX-1714128138.jpg\" /><img src=\"http://gw.alicdn.com/imgextra/i1/1714128138/T2iIXQXw8XXXXXXXXX-1714128138.jpg\" /><img src=\"http://gw.alicdn.com/imgextra/i2/1714128138/T28bx6Xh4bXXXXXXXX-1714128138.jpg\" /><img src=\"http://gw.alicdn.com/imgextra/i1/1714128138/T2BNpPXzVXXXXXXXXX-1714128138.jpg\" /><img src=\"http://gw.alicdn.com/imgextra/i2/1714128138/T29GNTXqtXXXXXXXXX-1714128138.jpg\" /><img src=\"http://gw.alicdn.com/imgextra/i3/1714128138/TB200MsXFXXXXbkXXXXXXXXXXXX-1714128138.png\" /><img src=\"http://gw.alicdn.com/imgextra/i2/1714128138/T2KUwqXOdXXXXXXXXX-1714128138.png\" /><img src=\"http://gw.alicdn.com/imgextra/i2/1714128138/T2wuZrXS0XXXXXXXXX-1714128138.png\" /><img src=\"http://gw.alicdn.com/imgextra/i3/1714128138/T2c1AoXLtaXXXXXXXX-1714128138.png\" /><img src=\"http://gw.alicdn.com/imgextra/i1/1714128138/T24mQoXKdaXXXXXXXX-1714128138.png\" /><img src=\"http://gw.alicdn.com/imgextra/i3/1714128138/TB2WQknXFXXXXbcXpXXXXXXXXXX-1714128138.png\" /><img src=\"http://gw.alicdn.com/imgextra/i4/1714128138/T2Qz7sXKJXXXXXXXXX-1714128138.jpg\" /><img src=\"http://gw.alicdn.com/imgextra/i4/1714128138/T201ktXIVXXXXXXXXX-1714128138.jpg\" /><img src=\"http://gw.alicdn.com/imgextra/i1/1714128138/TB2q6ArXFXXXXb6XXXXXXXXXXXX-1714128138.jpg\" /><img src=\"http://gw.alicdn.com/imgextra/i4/1714128138/T2LvZoXLhaXXXXXXXX-1714128138.jpg\" /><img src=\"http://gw.alicdn.com/imgextra/i1/1714128138/T2x3kpXGXaXXXXXXXX-1714128138.jpg\" /><img src=\"http://gw.alicdn.com/imgextra/i3/1714128138/T2eBUrXQxXXXXXXXXX-1714128138.jpg\" /><img src=\"http://gw.alicdn.com/imgextra/i4/1714128138/T2Fh.pXGxaXXXXXXXX-1714128138.jpg\" /><img src=\"http://gw.alicdn.com/imgextra/i2/1714128138/T2Kj7oXJdaXXXXXXXX-1714128138.jpg\" /><img src=\"http://gw.alicdn.com/imgextra/i1/1714128138/T2N9woXGBaXXXXXXXX-1714128138.jpg\" /><img src=\"http://gw.alicdn.com/imgextra/i2/1714128138/T28cQtXJlXXXXXXXXX-1714128138.jpg\" /><img src=\"http://gw.alicdn.com/imgextra/i2/1714128138/T2EHwtXJJXXXXXXXXX-1714128138.jpg\" /><img src=\"http://gw.alicdn.com/imgextra/i3/1714128138/T2JBAoXG8aXXXXXXXX-1714128138.jpg\" /><img src=\"http://gw.alicdn.com/imgextra/i2/1714128138/TB2QjktXFXXXXXEXXXXXXXXXXXX-1714128138.jpg\" /><img src=\"http://gw.alicdn.com/imgextra/i3/1714128138/T21QicXilcXXXXXXXX_!!1714128138.jpg\" /><img src=\"http://gw.alicdn.com/imgextra/i2/1714128138/T2nKoKXlRaXXXXXXXX_!!1714128138.jpg\" />','images/taobao/51abe8262f49cc36c90ecb0919a1ccbd.jpg','images/taobao/51abe8262f49cc36c90ecb0919a1ccbd.jpg','images/201203/source_img/6_G_1331565721069.jpg',1,'',1,1,0,29,1331565721,100,0,1,0,1,1,0,1405043053,1,'',-1,-1,0,0,0,'',0,0),(7,209,'ECS000007','ROTA/润唐DJ22B-2128豆腐机家用智能全自动多功能豆浆机特价包邮','+',27,7,'',2000,0.000,999.00,888.00,777.00,1364832000,1492704000,1,'','直降100元！超低价疯','<p>\r\n	品牌：ROTA/润唐\r\n</p>\r\n<p>\r\n	型号：DJ22B-2128\r\n</p>\r\n<p>\r\n	颜色分类：红色,黑色\r\n</p>\r\n<p>\r\n	容积：1.5L以上\r\n</p>\r\n<p>\r\n	功能：豆腐,干豆,湿豆,五谷,米糊\r\n</p>\r\n<p>\r\n	杯体材质：不锈钢\r\n</p>\r\n<p>\r\n	是否有网：有网研磨\r\n</p>\r\n<p>\r\n	功率：1201W(含)-1500W(含)\r\n</p>\r\n<p>\r\n	豆浆/榨汁/搅拌/料理机售后服务：全国联保\r\n</p>\r\n<p>\r\n	加热方式：底盘加热\r\n</p>\r\n<p>\r\n	是否有自动清洗功能：无\r\n</p>\r\n<p>\r\n	是否有保温功能：无\r\n</p>\r\n<p>\r\n	上市时间：1月\r\n</p>\r\n<p>\r\n	适用人数：2~4人\r\n</p>\r\n<p>\r\n	豆浆机功率（值）：1500W\r\n</p>\r\n<p>\r\n	容积（值）：2.2L\r\n</p>\r\n<p>\r\n	官方标配：机器、 豆腐盒、量杯、豆腐布、2个过滤网、过滤网架、3合1豆腐王额外赠送：卤水豆腐王1包、内脂豆腐王1包、石膏豆腐王1包、豆腐布2张、过滤网1张、滤水架1个、百洁擦1个、勺子1个\r\n</p>\r\n<img src=\"http://gw.alicdn.com/imgextra/i4/843197481/T2AVh2XD4aXXXXXXXX_!!843197481.jpg\" /><img src=\"http://gw.alicdn.com/imgextra/i3/843197481/T247jQXadcXXXXXXXX_!!843197481.jpg\" /><img src=\"http://gw.alicdn.com/imgextra/i1/843197481/TB21bkhXVXXXXboXXXXXXXXXXXX_!!843197481.jpg\" /><img src=\"http://gw.alicdn.com/imgextra/i2/843197481/T2slLpXyxaXXXXXXXX_!!843197481.jpg\" /><img src=\"http://gw.alicdn.com/imgextra/i4/843197481/T2MnbuXFVXXXXXXXXX_!!843197481.gif\" /><img src=\"http://gw.alicdn.com/imgextra/i3/843197481/TB2S.S1XVXXXXbzXpXXXXXXXXXX_!!843197481.jpg\" /><img src=\"http://gw.alicdn.com/imgextra/i3/843197481/T2kO4.XkxcXXXXXXXX_!!843197481.jpg\" /><img src=\"http://gw.alicdn.com/imgextra/i1/843197481/T2ka2gXz8aXXXXXXXX_!!843197481.jpg\" /><img src=\"http://gw.alicdn.com/imgextra/i2/843197481/TB2mO52XVXXXXa4XXXXXXXXXXXX_!!843197481.jpg\" /><img src=\"http://gw.alicdn.com/imgextra/i2/843197481/T2J._eXzRaXXXXXXXX_!!843197481.jpg\" /><img src=\"http://gw.alicdn.com/imgextra/i1/843197481/T253OQXUhXXXXXXXXX_!!843197481.jpg\" /><img src=\"http://gw.alicdn.com/imgextra/i2/843197481/T2NCUyXoNaXXXXXXXX_!!843197481.jpg\" /><img src=\"http://gw.alicdn.com/imgextra/i1/843197481/T2LXuSXPBXXXXXXXXX_!!843197481.jpg\" />','images/taobao/1051ca66782bd9c800e7e20bfd73787f.jpg','images/taobao/1051ca66782bd9c800e7e20bfd73787f.jpg','images/201301/source_img/7_G_1358486752880.jpg',1,'',1,1,0,29,1331565819,100,0,1,0,1,1,0,1405043352,1,'',-1,-1,0,0,0,'',0,0),(8,209,'ECS000008','Sunpentown/尚朋堂YS-IC2325AD凹面电磁炉双圈陶瓷板送锅正品家用','+',29,8,'',2000,0.000,999.00,888.00,777.00,1365436800,1491494400,1,'','直降100元！超低价疯','<p>\r\n	电磁炉品牌：Sunpentown/尚朋堂\r\n</p>\r\n<p>\r\n	型号：YS-IC2325AD\r\n</p>\r\n<p>\r\n	货号：YS-IC2325AD\r\n</p>\r\n<p>\r\n	颜色分类：褐色\r\n</p>\r\n<p>\r\n	电磁炉炉头：1个\r\n</p>\r\n<p>\r\n	功能：爆炒,火锅,定时,煮粥,炖奶,武火,定温,煎炸,蒸煮,烧水,煲汤,文火煲,炒菜\r\n</p>\r\n<p>\r\n	电磁炉面板类型：陶瓷面板\r\n</p>\r\n<p>\r\n	功率：2001-3000W\r\n</p>\r\n<p>\r\n	售后服务：全国联保\r\n</p>\r\n<p>\r\n	操作方式：按键式\r\n</p>\r\n<p>\r\n	能效等级：三级\r\n</p>\r\n<p>\r\n	火力档位：5档\r\n</p>\r\n<p>\r\n	是否有预约功能：无\r\n</p>\r\n<p>\r\n	是否防水：否\r\n</p>\r\n<p>\r\n	磁炉功率（值）：2300W\r\n</p>\r\n<img src=\"http://gw.alicdn.com/imgextra/i1/1884348771/T2i6eeXQ4XXXXXXXXX_!!1884348771.gif\" /><img src=\"http://gw.alicdn.com/imgextra/i2/1884348771/T2XNi.XkxbXXXXXXXX_!!1884348771.jpg\" /><img src=\"http://gw.alicdn.com/imgextra/i3/1884348771/T2GJdPXzpaXXXXXXXX_!!1884348771.jpg_q90.jpg\" /><img src=\"http://gw.alicdn.com/imgextra/i1/1884348771/T2Nq7SXolaXXXXXXXX_!!1884348771.jpg_q90.jpg\" /><img src=\"http://gw.alicdn.com/imgextra/i1/1884348771/T2A2JmXrtbXXXXXXXX_!!1884348771.jpg\" /><img src=\"http://gw.alicdn.com/imgextra/i3/1884348771/T2doc7XdlbXXXXXXXX_!!1884348771.jpg\" /><img src=\"http://gw.alicdn.com/imgextra/i3/1884348771/T2eRNaXEhaXXXXXXXX_!!1884348771.jpg\" /><img src=\"http://gw.alicdn.com/imgextra/i1/1884348771/T2YbsLXfFbXXXXXXXX_!!1884348771.jpg_q90.jpg\" /><img src=\"http://gw.alicdn.com/imgextra/i2/1884348771/T24jNCXs8bXXXXXXXX_!!1884348771.jpg\" /><img src=\"http://gw.alicdn.com/imgextra/i4/1884348771/T2FkFiXpRbXXXXXXXX_!!1884348771.jpg\" /><img src=\"http://gw.alicdn.com/imgextra/i2/1884348771/T2aZXfXD4aXXXXXXXX_!!1884348771.jpg\" /><img src=\"http://gw.alicdn.com/imgextra/i4/1884348771/T2taWxXApaXXXXXXXX_!!1884348771.jpg\" /><img src=\"http://gw.alicdn.com/imgextra/i2/1884348771/T2VR9IXAVaXXXXXXXX_!!1884348771.jpg\" /><img src=\"http://gw.alicdn.com/imgextra/i4/1884348771/T2_O8.XyFaXXXXXXXX_!!1884348771.jpg\" /><img src=\"http://gw.alicdn.com/imgextra/i2/1884348771/T2UpycXAtaXXXXXXXX_!!1884348771.jpg_q90.jpg\" /><img src=\"http://gw.alicdn.com/imgextra/i2/1884348771/T27y73XbhbXXXXXXXX_!!1884348771.jpg_q90.jpg\" />','images/taobao/2801440be4c0ab02a54cd794fec97ae4.jpg','images/taobao/2801440be4c0ab02a54cd794fec97ae4.jpg','images/201203/source_img/8_G_1331964666205.jpg',1,'',1,1,0,23,1331565932,100,0,1,1,1,1,0,1405043351,1,'',-1,-1,0,0,0,'',0,0),(9,225,'ECS000009','测试商品测试商品测试商品测试商品测试商品测试商品测试商品测试商品测试商品','+',12,9,'',2000,0.000,999.00,888.00,555.00,1365436800,1492185600,1,'','直降100元！超低价疯','','images/201203/thumb_img/9_thumb_G_1331566046239.jpg','images/201203/goods_img/9_G_1331566046373.jpg','images/201203/source_img/9_G_1331566046339.jpg',1,'',1,1,0,11,1331566045,100,0,1,0,1,1,0,1365574544,1,'',-1,-1,0,0,0,'',0,0),(10,84,'ECS000010','芳丹薄罗 韩国蜗牛化妆品护肤套装 美白补水保湿水乳霜 正品女','+',183,17,'',1993,0.000,999.00,999.00,0.00,0,0,1,'','直降100元！超低价疯','<p>\r\n	颜色分类：红色,绿色,浅绿色,透明,粉\r\n</p>\r\n<p>\r\n	功效：补水,保湿,滋润,干性肤质,所有肤质,中性肤质,任何肤质,中性及干性肤质\r\n</p>\r\n<p>\r\n	规格类型：正常规格\r\n</p>\r\n<p>\r\n	品牌：FOUTAINEBLEAU/芳丹薄罗\r\n</p>\r\n<p>\r\n	面部护理套装单品：红参蜗牛霜护肤套装\r\n</p>\r\n<p>\r\n	适合肤质：任何肤质\r\n</p>\r\n<p>\r\n	保质期：3年\r\n</p>\r\n<img src=\"http://gw.alicdn.com/imgextra/i1/860213372/T2HKmxXU4XXXXXXXXX_!!860213372.jpg\" /><img src=\"http://gw.alicdn.com/imgextra/i3/860213372/T2mHuxXGlaXXXXXXXX_!!860213372.jpg\" /><img src=\"http://gw.alicdn.com/imgextra/i1/860213372/T2r9yyXGRXXXXXXXXX_!!860213372.jpg\" /><img src=\"http://gw.alicdn.com/imgextra/i2/860213372/T2a4WyXJtXXXXXXXXX_!!860213372.jpg\" /><img src=\"http://gw.alicdn.com/imgextra/i1/860213372/T2pCOwXIFaXXXXXXXX_!!860213372.jpg\" /><img src=\"http://gw.alicdn.com/imgextra/i1/860213372/T2w9ayXIJXXXXXXXXX_!!860213372.jpg\" /><img src=\"http://gw.alicdn.com/imgextra/i3/860213372/T27lWwXI8aXXXXXXXX_!!860213372.jpg\" /><img src=\"http://gw.alicdn.com/imgextra/i2/860213372/T2gTywXHpaXXXXXXXX_!!860213372.jpg\" /><img src=\"http://gw.alicdn.com/imgextra/i1/860213372/T26MOxXTJXXXXXXXXX_!!860213372.jpg\" /><img src=\"http://gw.alicdn.com/imgextra/i2/860213372/T2RZ9xXFBaXXXXXXXX_!!860213372.jpg\" /><img src=\"http://gw.alicdn.com/imgextra/i1/860213372/T2w2WxXUhXXXXXXXXX_!!860213372.jpg\" /><img src=\"http://gw.alicdn.com/imgextra/i1/860213372/T2bp5yXOFXXXXXXXXX_!!860213372.jpg\" /><img src=\"http://gw.alicdn.com/imgextra/i1/860213372/T2Ag1xXSlXXXXXXXXX_!!860213372.jpg\" />','images/taobao/cfbf52837e6f98cf2f48ae30126119ab.jpg','images/taobao/cfbf52837e6f98cf2f48ae30126119ab.jpg','images/201308/source_img/10_G_1377507347366.jpg',1,'',0,1,0,9,1331960399,1,0,1,0,1,0,0,1405044194,1,'',-1,-1,0,0,0,'',0,0),(11,84,'ECS000011','测试商品测试商品测试商品测试商品测试商品测试商品测试商品测试商品测试商品','+',24,18,'',1994,0.000,999.00,999.00,555.00,1325606400,1390579200,1,'','直降100元！超低价疯','','images/201301/thumb_img/11_thumb_G_1358488028086.jpg','images/201301/goods_img/11_G_1358488028416.jpg','images/201301/source_img/11_G_1358488028344.jpg',1,'',1,1,0,34,1331960446,2,0,1,0,1,1,0,1377504940,1,'',-1,-1,0,0,0,'',0,0),(12,84,'ECS000012','测试商品测试商品测试商品测试商品测试商品测试商品测试商品测试商品测试商品','+',13,17,'',1998,0.000,999.00,999.00,0.00,0,0,1,'','直降100元！超低价疯','','images/201203/thumb_img/12_thumb_G_1331960493964.jpg','images/201203/goods_img/12_G_1331960493529.jpg','images/201203/source_img/12_G_1331960493529.jpg',1,'',1,1,0,18,1331960493,4,0,1,0,1,0,0,1377504918,1,'',-1,-1,0,0,0,'',0,1),(13,84,'ECS000013','【718大牌日】妖精的口袋 桃花桥2014立体宫廷女欧美风印花连衣裙','+',101,18,'',1997,0.000,999.00,999.00,777.00,1331913600,1625846400,1,'','直降100元！超低价疯','<p>\r\n	主图来源：自主实拍图\r\n</p>\r\n<p>\r\n	货号：1347030\r\n</p>\r\n<p>\r\n	风格：街头\r\n</p>\r\n<p>\r\n	街头：欧美\r\n</p>\r\n<p>\r\n	组合形式：单件\r\n</p>\r\n<p>\r\n	裙长：短裙\r\n</p>\r\n<p>\r\n	款式：其他款式\r\n</p>\r\n<p>\r\n	袖长：无袖\r\n</p>\r\n<p>\r\n	领型：圆领\r\n</p>\r\n<p>\r\n	袖型：其他\r\n</p>\r\n<p>\r\n	腰型：中腰\r\n</p>\r\n<p>\r\n	衣门襟：拉链\r\n</p>\r\n<p>\r\n	裙型：其他\r\n</p>\r\n<p>\r\n	图案：其他\r\n</p>\r\n<p>\r\n	流行元素/工艺：拼接,印花\r\n</p>\r\n<p>\r\n	品牌：妖精的口袋\r\n</p>\r\n<p>\r\n	面料：其他\r\n</p>\r\n<p>\r\n	成分含量：51%(含)-70%(含)\r\n</p>\r\n<p>\r\n	材质：涤纶\r\n</p>\r\n<p>\r\n	适用年龄：25-29周岁\r\n</p>\r\n<p>\r\n	年份季节：2014春季\r\n</p>\r\n<p>\r\n	颜色分类：绿色\r\n</p>\r\n<p>\r\n	尺码：S,M,L,XL,XXL\r\n</p>\r\n<img src=\"http://a.tbcdn.cn/kissy/1.0.0/build/imglazyload/spaceball.gif\" /><img src=\"http://gw.alicdn.com/imgextra/i2/362409818/TB2zSZzXFXXXXbfXpXXXXXXXXXX-362409818.jpg\" /><img src=\"http://gw.alicdn.com/imgextra/i4/362409818/T2gn1VXD0XXXXXXXXX-362409818.jpg\" /><img src=\"http://gw.alicdn.com/imgextra/i2/362409818/T2GO1WXrFXXXXXXXXX-362409818.jpg\" /><img src=\"http://gw.alicdn.com/imgextra/i1/362409818/T23POWXsRXXXXXXXXX-362409818.jpg\" /><img src=\"http://gw.alicdn.com/imgextra/i4/362409818/T2YbuTXsdaXXXXXXXX-362409818.jpg\" /><img src=\"http://gw.alicdn.com/imgextra/i1/362409818/T2E1GTXqBaXXXXXXXX-362409818.jpg\" /><img src=\"http://gw.alicdn.com/imgextra/i3/362409818/T2qDqVXsVXXXXXXXXX-362409818.jpg\" /><img src=\"http://gw.alicdn.com/imgextra/i4/362409818/T2pDaSXpBaXXXXXXXX-362409818.jpg\" /><img src=\"http://gw.alicdn.com/imgextra/i4/362409818/T2d5KWXudXXXXXXXXX-362409818.jpg\" /><img src=\"http://gw.alicdn.com/imgextra/i2/362409818/T2zHWVXApXXXXXXXXX-362409818.jpg\" /><img src=\"http://gw.alicdn.com/imgextra/i1/362409818/T25rrUXiNbXXXXXXXX-362409818.jpg\" /><img src=\"http://gw.alicdn.com/imgextra/i2/362409818/T2W.wNXhXaXXXXXXXX-362409818.jpg\" /><img src=\"http://gw.alicdn.com/imgextra/i4/362409818/T2jXOUXptaXXXXXXXX-362409818.jpg\" /><img src=\"http://gw.alicdn.com/imgextra/i4/362409818/T2799UXuNaXXXXXXXX-362409818.jpg\" /><img src=\"http://gw.alicdn.com/imgextra/i2/362409818/T2AVCWXBBXXXXXXXXX-362409818.jpg\" /><img src=\"http://gw.alicdn.com/imgextra/i2/362409818/T2SEuUXABXXXXXXXXX-362409818.jpg\" /><img src=\"http://gw.alicdn.com/imgextra/i1/362409818/T2JKH5XlJbXXXXXXXX-362409818.jpg\" /><img src=\"http://gw.alicdn.com/imgextra/i2/362409818/T2ivaCXAdXXXXXXXXX-362409818.jpg\" /><img src=\"http://gw.alicdn.com/imgextra/i4/362409818/T2mNYTXdJbXXXXXXXX-362409818.jpg\" /><img src=\"http://gw.alicdn.com/imgextra/i2/362409818/T28UXLXwRaXXXXXXXX-362409818.jpg\" /><img src=\"http://gw.alicdn.com/imgextra/i2/362409818/T2P_wYXeNbXXXXXXXX-362409818.jpg\" /><img src=\"http://gw.alicdn.com/imgextra/i3/362409818/T2eUvyXjNbXXXXXXXX-362409818.jpg\" /><img src=\"http://gw.alicdn.com/imgextra/i2/362409818/T2iQgXXfBbXXXXXXXX-362409818.jpg\" /><img src=\"http://gw.alicdn.com/imgextra/i3/362409818/T2_3GWXwpaXXXXXXXX-362409818.jpg\" /><img src=\"http://gw.alicdn.com/imgextra/i2/362409818/T2U1iVXv0aXXXXXXXX-362409818.jpg\" />\r\n<p>\r\n	2014.1.6z\r\n</p>','images/taobao/7d5ecbf6f5fe836eebb4cf5e73685572.jpg','images/taobao/7d5ecbf6f5fe836eebb4cf5e73685572.jpg','images/201301/source_img/13_G_1358486812151.jpg',1,'',1,1,0,32,1331960541,3,0,1,1,1,1,0,1405042915,1,'',-1,-1,0,0,0,'',0,1),(14,84,'ECS000014','艺元素2014春夏新款 淑女五分袖蕾丝连衣裙蓬蓬裙公主裙韩版','+',36,14,'',1998,0.000,999.00,999.00,0.00,0,0,1,'','直降100元！超低价疯','<p>\r\n	主图来源：自主实拍图\r\n</p>\r\n<p>\r\n	货号：E4CED016\r\n</p>\r\n<p>\r\n	风格：通勤\r\n</p>\r\n<p>\r\n	通勤：淑女\r\n</p>\r\n<p>\r\n	组合形式：单件\r\n</p>\r\n<p>\r\n	裙长：中长款\r\n</p>\r\n<p>\r\n	款式：其他款式\r\n</p>\r\n<p>\r\n	袖长：五分袖\r\n</p>\r\n<p>\r\n	领型：圆领\r\n</p>\r\n<p>\r\n	袖型：常规\r\n</p>\r\n<p>\r\n	腰型：中腰\r\n</p>\r\n<p>\r\n	衣门襟：套头\r\n</p>\r\n<p>\r\n	裙型：公主裙\r\n</p>\r\n<p>\r\n	图案：抽象图案\r\n</p>\r\n<p>\r\n	流行元素/工艺：蕾丝\r\n</p>\r\n<p>\r\n	品牌：LEVU’SU/艺元素\r\n</p>\r\n<p>\r\n	面料：其他\r\n</p>\r\n<p>\r\n	成分含量：31%(含)-50%(含)\r\n</p>\r\n<p>\r\n	材质：棉\r\n</p>\r\n<p>\r\n	适用年龄：25-29周岁\r\n</p>\r\n<p>\r\n	年份季节：2014年夏季\r\n</p>\r\n<p>\r\n	颜色分类：蓝色,黑色,粉红色\r\n</p>\r\n<p>\r\n	尺码：S,M,L,XL\r\n</p>\r\n<img src=\"http://a.tbcdn.cn/kissy/1.0.0/build/imglazyload/spaceball.gif\" /><img src=\"http://gw.alicdn.com/imgextra/i1/360514459/T28CC.XsBaXXXXXXXX-360514459.jpg\" /><img src=\"http://gw.alicdn.com/imgextra/i2/360514459/T2LIa9XulXXXXXXXXX-360514459.jpg\" /><img src=\"http://gw.alicdn.com/imgextra/i2/360514459/T2ASHsXp0aXXXXXXXX-360514459.jpg\" /><img src=\"http://gw.alicdn.com/imgextra/i4/360514459/T2gOK7XztaXXXXXXXX-360514459.jpg\" /><img src=\"http://gw.alicdn.com/imgextra/i1/360514459/T2F3K8XqpaXXXXXXXX-360514459.jpg\" /><img src=\"http://gw.alicdn.com/imgextra/i1/360514459/T2jLK9XutXXXXXXXXX-360514459.jpg\" /><img src=\"http://gw.alicdn.com/imgextra/i2/360514459/T2UEi8Xz8XXXXXXXXX-360514459.jpg\" /><img src=\"http://gw.alicdn.com/imgextra/i3/360514459/T2AuC_XpBXXXXXXXXX-360514459.jpg\" /><img src=\"http://gw.alicdn.com/imgextra/i4/360514459/T2dpO_XslXXXXXXXXX-360514459.jpg\" /><img src=\"http://gw.alicdn.com/imgextra/i3/360514459/T2a399XtFXXXXXXXXX-360514459.jpg\" /><img src=\"http://gw.alicdn.com/imgextra/i3/360514459/T2c.m7XwRaXXXXXXXX-360514459.jpg\" /><img src=\"http://gw.alicdn.com/imgextra/i2/360514459/T2ejm9XspXXXXXXXXX-360514459.jpg\" /><img src=\"http://gw.alicdn.com/imgextra/i4/360514459/T2Zya9XsVXXXXXXXXX-360514459.jpg\" /><img src=\"http://gw.alicdn.com/imgextra/i4/360514459/T2Zae9XyhXXXXXXXXX-360514459.jpg\" /><img src=\"http://gw.alicdn.com/imgextra/i4/360514459/T27cG9XwpXXXXXXXXX-360514459.jpg\" /><img src=\"http://gw.alicdn.com/imgextra/i1/360514459/T2yfy9XuBXXXXXXXXX-360514459.jpg\" /><img src=\"http://gw.alicdn.com/imgextra/i3/360514459/T2jf98XDNXXXXXXXXX-360514459.jpg\" /><img src=\"http://gw.alicdn.com/imgextra/i3/360514459/T23GW8Xu0aXXXXXXXX-360514459.jpg\" /><img src=\"http://gw.alicdn.com/imgextra/i1/360514459/T26sO8XsFaXXXXXXXX-360514459.jpg\" /><img src=\"http://gw.alicdn.com/imgextra/i4/360514459/T25R18XBXXXXXXXXXX-360514459.jpg\" /><img src=\"http://gw.alicdn.com/imgextra/i3/360514459/T2jLS8Xp4aXXXXXXXX-360514459.jpg\" /><img src=\"http://gw.alicdn.com/imgextra/i4/360514459/T2n.a9XpNXXXXXXXXX-360514459.jpg\" /><img src=\"http://gw.alicdn.com/imgextra/i4/360514459/T2bNy9XthXXXXXXXXX-360514459.jpg\" /><img src=\"http://gw.alicdn.com/imgextra/i1/360514459/T2w8y_XplaXXXXXXXX-360514459.jpg\" /><img src=\"http://gw.alicdn.com/imgextra/i3/360514459/T2M059XvxXXXXXXXXX-360514459.jpg\" /><img src=\"http://gw.alicdn.com/imgextra/i4/360514459/T2BZm9XulXXXXXXXXX-360514459.jpg\" /><img src=\"http://gw.alicdn.com/imgextra/i1/360514459/T2Q1y9XvXXXXXXXXXX-360514459.jpg\" /><img src=\"http://gw.alicdn.com/imgextra/i3/360514459/T2dAu9XrtXXXXXXXXX-360514459.jpg\" /><img src=\"http://gw.alicdn.com/imgextra/i2/360514459/T2HXW9XyBXXXXXXXXX-360514459.jpg\" /><img src=\"http://gw.alicdn.com/imgextra/i4/360514459/T29IC9XuRXXXXXXXXX-360514459.jpg\" /><img src=\"http://gw.alicdn.com/imgextra/i3/360514459/T2kvm9XulXXXXXXXXX-360514459.jpg\" /><img src=\"http://gw.alicdn.com/imgextra/i3/360514459/T2y7a8XDdXXXXXXXXX-360514459.jpg\" /><img src=\"http://gw.alicdn.com/imgextra/i1/360514459/T2x7O8XCJXXXXXXXXX-360514459.jpg\" /><img src=\"http://gw.alicdn.com/imgextra/i3/360514459/T2rWK9XxFXXXXXXXXX-360514459.jpg\" />','images/taobao/ac0f72f52853a019c26245b96bd54a89.jpg','images/taobao/ac0f72f52853a019c26245b96bd54a89.jpg','images/201203/source_img/14_G_1331960576800.jpg',1,'',1,1,0,20,1331960576,5,0,1,1,1,0,0,1405042917,1,'',-1,-1,0,0,0,'',0,1),(15,84,'ECS000015','【718大牌日】妖精的口袋 桃花桥2014立体宫廷女欧美风印花连衣裙','+',20,10,'',1998,0.000,999.00,999.00,0.00,0,0,1,'','直降100元！超低价疯','<p>\r\n	主图来源：自主实拍图\r\n</p>\r\n<p>\r\n	货号：1347030\r\n</p>\r\n<p>\r\n	风格：街头\r\n</p>\r\n<p>\r\n	街头：欧美\r\n</p>\r\n<p>\r\n	组合形式：单件\r\n</p>\r\n<p>\r\n	裙长：短裙\r\n</p>\r\n<p>\r\n	款式：其他款式\r\n</p>\r\n<p>\r\n	袖长：无袖\r\n</p>\r\n<p>\r\n	领型：圆领\r\n</p>\r\n<p>\r\n	袖型：其他\r\n</p>\r\n<p>\r\n	腰型：中腰\r\n</p>\r\n<p>\r\n	衣门襟：拉链\r\n</p>\r\n<p>\r\n	裙型：其他\r\n</p>\r\n<p>\r\n	图案：其他\r\n</p>\r\n<p>\r\n	流行元素/工艺：拼接,印花\r\n</p>\r\n<p>\r\n	品牌：妖精的口袋\r\n</p>\r\n<p>\r\n	面料：其他\r\n</p>\r\n<p>\r\n	成分含量：51%(含)-70%(含)\r\n</p>\r\n<p>\r\n	材质：涤纶\r\n</p>\r\n<p>\r\n	适用年龄：25-29周岁\r\n</p>\r\n<p>\r\n	年份季节：2014春季\r\n</p>\r\n<p>\r\n	颜色分类：绿色\r\n</p>\r\n<p>\r\n	尺码：S,M,L,XL,XXL\r\n</p>\r\n<img src=\"http://a.tbcdn.cn/kissy/1.0.0/build/imglazyload/spaceball.gif\" /><img src=\"http://gw.alicdn.com/imgextra/i2/362409818/TB2zSZzXFXXXXbfXpXXXXXXXXXX-362409818.jpg\" /><img src=\"http://gw.alicdn.com/imgextra/i4/362409818/T2gn1VXD0XXXXXXXXX-362409818.jpg\" /><img src=\"http://gw.alicdn.com/imgextra/i2/362409818/T2GO1WXrFXXXXXXXXX-362409818.jpg\" /><img src=\"http://gw.alicdn.com/imgextra/i1/362409818/T23POWXsRXXXXXXXXX-362409818.jpg\" /><img src=\"http://gw.alicdn.com/imgextra/i4/362409818/T2YbuTXsdaXXXXXXXX-362409818.jpg\" /><img src=\"http://gw.alicdn.com/imgextra/i1/362409818/T2E1GTXqBaXXXXXXXX-362409818.jpg\" /><img src=\"http://gw.alicdn.com/imgextra/i3/362409818/T2qDqVXsVXXXXXXXXX-362409818.jpg\" /><img src=\"http://gw.alicdn.com/imgextra/i4/362409818/T2pDaSXpBaXXXXXXXX-362409818.jpg\" /><img src=\"http://gw.alicdn.com/imgextra/i4/362409818/T2d5KWXudXXXXXXXXX-362409818.jpg\" /><img src=\"http://gw.alicdn.com/imgextra/i2/362409818/T2zHWVXApXXXXXXXXX-362409818.jpg\" /><img src=\"http://gw.alicdn.com/imgextra/i1/362409818/T25rrUXiNbXXXXXXXX-362409818.jpg\" /><img src=\"http://gw.alicdn.com/imgextra/i2/362409818/T2W.wNXhXaXXXXXXXX-362409818.jpg\" /><img src=\"http://gw.alicdn.com/imgextra/i4/362409818/T2jXOUXptaXXXXXXXX-362409818.jpg\" /><img src=\"http://gw.alicdn.com/imgextra/i4/362409818/T2799UXuNaXXXXXXXX-362409818.jpg\" /><img src=\"http://gw.alicdn.com/imgextra/i2/362409818/T2AVCWXBBXXXXXXXXX-362409818.jpg\" /><img src=\"http://gw.alicdn.com/imgextra/i2/362409818/T2SEuUXABXXXXXXXXX-362409818.jpg\" /><img src=\"http://gw.alicdn.com/imgextra/i1/362409818/T2JKH5XlJbXXXXXXXX-362409818.jpg\" /><img src=\"http://gw.alicdn.com/imgextra/i2/362409818/T2ivaCXAdXXXXXXXXX-362409818.jpg\" /><img src=\"http://gw.alicdn.com/imgextra/i4/362409818/T2mNYTXdJbXXXXXXXX-362409818.jpg\" /><img src=\"http://gw.alicdn.com/imgextra/i2/362409818/T28UXLXwRaXXXXXXXX-362409818.jpg\" /><img src=\"http://gw.alicdn.com/imgextra/i2/362409818/T2P_wYXeNbXXXXXXXX-362409818.jpg\" /><img src=\"http://gw.alicdn.com/imgextra/i3/362409818/T2eUvyXjNbXXXXXXXX-362409818.jpg\" /><img src=\"http://gw.alicdn.com/imgextra/i2/362409818/T2iQgXXfBbXXXXXXXX-362409818.jpg\" /><img src=\"http://gw.alicdn.com/imgextra/i3/362409818/T2_3GWXwpaXXXXXXXX-362409818.jpg\" /><img src=\"http://gw.alicdn.com/imgextra/i2/362409818/T2U1iVXv0aXXXXXXXX-362409818.jpg\" />\r\n<p>\r\n	2014.1.6z\r\n</p>','images/taobao/7d5ecbf6f5fe836eebb4cf5e73685572.jpg','images/taobao/7d5ecbf6f5fe836eebb4cf5e73685572.jpg','images/201301/source_img/15_G_1358486673136.jpg',1,'',1,1,0,36,1331960610,6,0,1,1,1,0,0,1405042917,1,'',-1,-1,0,0,0,'',0,1),(16,95,'ECS000016','测试商品测试商品测试商品测试商品测试商品测试商品测试商品测试商品测试商品','+',42,10,'',0,0.000,999.00,888.00,777.00,1357142400,1377878400,1,'','直降100元！超低价疯','','images/201301/thumb_img/16_thumb_G_1358487996910.jpg','images/201301/goods_img/16_G_1358487996491.jpg','images/201301/source_img/16_G_1358487996141.jpg',1,'',1,1,0,25,1331960656,7,0,1,1,1,1,0,1377564167,1,'',-1,-1,0,0,0,'',0,0),(17,116,'ECS000017','测试商品测试商品测试商品测试商品测试商品测试商品测试商品测试商品测试商品','+',103,11,'',2000,0.000,999.00,888.00,777.00,1331913600,1371657600,1,'','直降100元！超低价疯','','images/201301/thumb_img/17_thumb_G_1358480114050.jpg','images/201301/goods_img/17_G_1358480114269.jpg','images/201301/source_img/17_G_1358480114442.jpg',1,'',1,1,0,20,1331960702,8,0,1,1,1,1,0,1377048262,0,'',-1,-1,0,0,0,'',0,1),(18,262,'ECS000018','欧诗漫专柜正品营养美肤系列套装补水保湿珍珠美白护肤化妆品女士','+',14,21,'',2000,0.000,999.00,888.00,777.00,1325433600,1420732800,1,'','直降100元！超低价疯','<p>\r\n	上市时间：2011年\r\n</p>\r\n<p>\r\n	月份：10月\r\n</p>\r\n<p>\r\n	颜色分类：白,白色,黄色\r\n</p>\r\n<p>\r\n	功效：补水,保湿\r\n</p>\r\n<p>\r\n	品牌：OSM/欧诗漫\r\n</p>\r\n<p>\r\n	面部护理套装：营养美肤晶采靓颜礼盒\r\n</p>\r\n<p>\r\n	适合肤质：任何肤质\r\n</p>\r\n<p>\r\n	产地：中国\r\n</p>\r\n<p>\r\n	保质期：5年\r\n</p>\r\n<img src=\"http://gw.alicdn.com/imgextra/i4/441622457/TB25LrQXVXXXXXuXpXXXXXXXXXX-441622457.jpg\" /><img src=\"http://gw.alicdn.com/imgextra/i1/441622457/TB2DpnRXVXXXXXeXpXXXXXXXXXX-441622457.jpg\" /><img src=\"http://gw.alicdn.com/imgextra/i2/441622457/TB2QWYRXVXXXXc_XXXXXXXXXXXX-441622457.jpg\" /><img src=\"http://gw.alicdn.com/imgextra/i3/441622457/TB2Wy2RXVXXXXcAXXXXXXXXXXXX-441622457.jpg\" /><img src=\"http://gw.alicdn.com/imgextra/i4/441622457/TB20TYRXVXXXXcpXXXXXXXXXXXX-441622457.jpg\" /><img src=\"http://gw.alicdn.com/imgextra/i3/441622457/TB2sKbTXVXXXXaWXXXXXXXXXXXX-441622457.jpg\" /><img src=\"http://gw.alicdn.com/imgextra/i1/441622457/TB2_PHTXVXXXXayXXXXXXXXXXXX-441622457.jpg\" /><img src=\"http://gw.alicdn.com/imgextra/i3/441622457/TB2bBLSXVXXXXX.XXXXXXXXXXXX-441622457.jpg\" /><img src=\"http://gw.alicdn.com/imgextra/i3/441622457/TB2r6rSXVXXXXbjXXXXXXXXXXXX-441622457.jpg\" /><img src=\"http://gw.alicdn.com/imgextra/i2/441622457/TB2dTvTXVXXXXXZXXXXXXXXXXXX-441622457.jpg\" /><img src=\"http://gw.alicdn.com/imgextra/i2/441622457/TB2bh6NXVXXXXbUXXXXXXXXXXXX-441622457.jpg\" />\r\n<p>\r\n	http://detail.tmall.com/item.htm?id=14391207834&amp;spm=0.0.0.0.mwzj2w\r\n</p>','images/taobao/3d6cb12465873abffeae338729532e55.jpg','images/taobao/3d6cb12465873abffeae338729532e55.jpg','images/201301/source_img/18_G_1358488480942.jpg',1,'',1,1,0,5,1331965421,100,0,1,0,1,1,0,1405043442,2,'',-1,-1,0,0,0,'',0,0),(19,262,'ECS000019','梵洁诗正品玫瑰系列保湿套装 补水美白护肤女 夏季夏天整套化妆品','+',12,0,'',2000,0.000,999.00,888.00,777.00,1325606400,1422115200,1,'','直降100元！超低价疯','<p>\r\n	上市时间：2012年\r\n</p>\r\n<p>\r\n	月份：6月\r\n</p>\r\n<p>\r\n	颜色分类：蓝,黑,白\r\n</p>\r\n<p>\r\n	功效：美白,补水,保湿,提拉紧致,提亮肤色,滋润,舒缓肌肤,遮瑕\r\n</p>\r\n<p>\r\n	规格类型：正常规格\r\n</p>\r\n<p>\r\n	品牌：FANJEIS/梵洁诗\r\n</p>\r\n<p>\r\n	面部护理套装单品：玫瑰水份源水嫩4件套\r\n</p>\r\n<p>\r\n	适合肤质：任何肤质\r\n</p>\r\n<p>\r\n	产地：中国\r\n</p>\r\n<p>\r\n	保质期：5年\r\n</p>\r\n<p>\r\n	拍前需知：套装里的玫瑰水份源保湿洁面乳（原价38元）被亲们抢断了，现在发货时统一换成更高价值的弹力丝滑双效洁面膏120ml（原价55元），以表歉意， 功效：深层清洁，保湿紧致，拍下视为接受！\r\n</p>\r\n<p>\r\n	注：套餐一、套餐二不含防晒产品。套餐三是把套装里的玫瑰水份源bb霜30ml换成玫瑰水份源防晒隔离乳50ml ，如仍有疑问请咨询客服解答。\r\n</p>\r\n<img src=\"http://gw.alicdn.com/imgextra/i3/902149089/TB2Ip_kXVXXXXbFXXXXXXXXXXXX-902149089.jpg\" />\r\n<p>\r\n	套餐一赠品：五合一电动美容洁面仪、韩版时尚化妆包、全日霜15g 1瓶、化妆棉100片 1盒、蚕丝面膜贴2片、试用装3包\r\n</p>\r\n<img src=\"http://gw.alicdn.com/imgextra/i4/902149089/TB28p6kXVXXXXXQXXXXXXXXXXXX-902149089.jpg\" />\r\n<p>\r\n	套餐二赠品：韩版时尚化妆包、全日霜15g 2瓶、绿茶冰露15g 1瓶、蚕丝面膜贴 3片、试用装3包\r\n</p>\r\n<img src=\"http://gw.alicdn.com/imgextra/i2/902149089/TB2nk2.XVXXXXasXXXXXXXXXXXX_!!902149089.jpg\" />\r\n<p>\r\n	套餐三赠品：五合一电动美容洁面仪、韩版时尚化妆包、全日霜15g 1瓶、冰露15g 1瓶、化妆棉100片 1盒、蚕丝面膜贴3片、试用装3包\r\n</p>\r\n<img src=\"http://gw.alicdn.com/imgextra/i2/902149089/TB2vYC.XVXXXXawXpXXXXXXXXXX-902149089.jpg\" /><img src=\"http://gw.alicdn.com/imgextra/i2/902149089/TB29HG.XVXXXXa0XpXXXXXXXXXX-902149089.jpg\" /><img src=\"http://gw.alicdn.com/imgextra/i1/902149089/TB2bzq.XVXXXXXwXXXXXXXXXXXX-902149089.jpg\" /><img src=\"http://gw.alicdn.com/imgextra/i4/902149089/TB2Mr5.XVXXXXaJXpXXXXXXXXXX-902149089.jpg\" /><img src=\"http://gw.alicdn.com/imgextra/i4/902149089/TB2_Z5.XVXXXXamXpXXXXXXXXXX-902149089.jpg\" /><img src=\"http://gw.alicdn.com/imgextra/i2/902149089/TB2gGO.XVXXXXbVXpXXXXXXXXXX-902149089.jpg\" />','images/taobao/181a85b8e63e9b1c46616418ab2a1979.jpg','images/taobao/181a85b8e63e9b1c46616418ab2a1979.jpg','images/201301/source_img/19_G_1358488561150.jpg',1,'',1,1,0,1,1331965459,100,0,1,0,0,1,0,1405043656,0,'',-1,-1,0,0,0,'',0,0),(20,262,'ECS000020','草木之心抹茶龙井原生菁萃 控油补水4件套装美白紧致 护肤化妆品','+',1,0,'',2000,0.000,999.00,888.00,777.00,1325692800,1421337600,1,'','直降100元！超低价疯','<p>\r\n	功效：美白,补水,保湿,抗痘,控油,收缩毛孔,中性肤质,油性肤质,混合型肤质\r\n</p>\r\n<p>\r\n	品牌：草木之心\r\n</p>\r\n<p>\r\n	单品：抹茶古皂+衡肌水+菁露+凝露\r\n</p>\r\n<p>\r\n	适合肤质：油性及混合性肤质\r\n</p>\r\n<p>\r\n	产地：中国\r\n</p>\r\n<p>\r\n	保质期：3年\r\n</p>\r\n<img src=\"http://a.tbcdn.cn/kissy/1.0.0/build/imglazyload/spaceball.gif\" />\r\n<p>\r\n	抹茶4件套 抹茶4件套\r\n</p>\r\n<img src=\"http://gw.alicdn.com/imgextra/i3/506773730/TB2xVzbXVXXXXagXpXXXXXXXXXX-506773730.jpg\" /><img src=\"http://gw.alicdn.com/imgextra/i3/506773730/T24UITXT4XXXXXXXXX-506773730.jpg\" /><img src=\"http://gw.alicdn.com/imgextra/i4/506773730/T2ZcsZXIpXXXXXXXXX-506773730.jpg\" /><img src=\"http://gw.alicdn.com/imgextra/i4/506773730/T2f1MWXMXXXXXXXXXX-506773730.jpg\" /><img src=\"http://gw.alicdn.com/imgextra/i2/506773730/T25J3TXGFaXXXXXXXX-506773730.jpg\" /><img src=\"http://gw.alicdn.com/imgextra/i2/506773730/T2EpwTXFNXXXXXXXXX-506773730.jpg\" /><img src=\"http://gw.alicdn.com/imgextra/i2/506773730/T2saEWXRXXXXXXXXXX-506773730.jpg\" /><img src=\"http://gw.alicdn.com/imgextra/i2/506773730/T2ZEQSXK8XXXXXXXXX-506773730.jpg\" /><img src=\"http://gw.alicdn.com/imgextra/i2/506773730/T2EedaXW0aXXXXXXXX-506773730.jpg\" /><img src=\"http://gw.alicdn.com/imgextra/i4/506773730/T2FxsVXP0XXXXXXXXX-506773730.jpg\" /><img src=\"http://gw.alicdn.com/imgextra/i1/506773730/T2hLhdXV8XXXXXXXXX-506773730.jpg\" /><img src=\"http://gw.alicdn.com/imgextra/i1/506773730/T27AwRXIhaXXXXXXXX-506773730.jpg\" /><img src=\"http://gw.alicdn.com/imgextra/i4/506773730/T2ySAQXLRXXXXXXXXX-506773730.jpg\" /><img src=\"http://gw.alicdn.com/imgextra/i1/506773730/T2nMETXFhaXXXXXXXX-506773730.jpg\" /><img src=\"http://gw.alicdn.com/imgextra/i3/506773730/T2xDwUXQBXXXXXXXXX-506773730.jpg\" /><img src=\"http://gw.alicdn.com/imgextra/i1/506773730/T22EgVXPNXXXXXXXXX-506773730.jpg\" /><img src=\"http://gw.alicdn.com/imgextra/i3/506773730/T27IkWXNtXXXXXXXXX-506773730.jpg\" /><img src=\"http://gw.alicdn.com/imgextra/i2/506773730/T2jYcVXQhXXXXXXXXX-506773730.jpg\" /><img src=\"http://gw.alicdn.com/imgextra/i2/506773730/T2.j.TXK8XXXXXXXXX-506773730.jpg\" /><img src=\"http://gw.alicdn.com/imgextra/i3/506773730/T2cMZTXFdaXXXXXXXX-506773730.jpg\" />','images/taobao/9c50430df96c0047fe635787787550e6.jpg','images/taobao/9c50430df96c0047fe635787787550e6.jpg','images/201301/source_img/20_G_1358486616211.jpg',1,'',1,1,0,1,1331965497,100,0,1,0,0,1,0,1405043591,2,'',-1,-1,0,0,0,'',0,0),(21,262,'ECS000021','测试商品测试商品测试商品测试商品测试商品测试商品测试商品测试商品测试商品','+',1,0,'',2000,0.000,999.00,888.00,777.00,0,0,1,'','直降100元！超低价疯','','images/201301/thumb_img/21_thumb_G_1358488602347.jpg','images/201301/goods_img/21_G_1358488602056.jpg','images/201301/source_img/21_G_1358488602115.jpg',1,'',1,1,0,0,1331965531,100,0,1,0,0,0,0,1358488602,0,'',-1,-1,0,0,0,'',0,0),(22,268,'ECS000022','泉润三层补水套装 正品专柜 保湿美白护肤爽肤水 乳液 洁面乳','+',6,20,'',2000,0.000,999.00,888.00,777.00,1358179200,1625846400,1,'','直降100元！超低价疯','<p>\r\n	上市时间：2004年\r\n</p>\r\n<p>\r\n	颜色分类：白,白色\r\n</p>\r\n<p>\r\n	功效：补水,保湿,滋润\r\n</p>\r\n<p>\r\n	规格类型：正常规格\r\n</p>\r\n<p>\r\n	品牌：泉润\r\n</p>\r\n<p>\r\n	面部护理套装单品：三层渗透补水保湿洁面乳、三层渗透补水嫩白乳液、三层渗透保湿柔\r\n</p>\r\n<p>\r\n	适合肤质：任何肤质\r\n</p>\r\n<p>\r\n	产地：中国\r\n</p>\r\n<p>\r\n	保质期：3年\r\n</p>\r\n<img src=\"http://gw.alicdn.com/imgextra/i1/1129753762/TB2.VbcXVXXXXceXpXXXXXXXXXX_!!1129753762.jpg\" /><img src=\"http://gw.alicdn.com/imgextra/i1/1129753762/TB2VF8yXpXXXXagXFXXXXXXXXXX_!!1129753762.jpg\" /><img src=\"http://gw.alicdn.com/imgextra/i1/1129753762/TB265LiXXXXXXXHXVXXXXXXXXXX_!!1129753762.jpg\" /><img src=\"http://gw.alicdn.com/imgextra/i1/1129753762/TB2moCnXFXXXXbvXpXXXXXXXXXX_!!1129753762.jpg\" /><img src=\"http://gw.alicdn.com/imgextra/i2/1129753762/TB20YzpXFXXXXbhXpXXXXXXXXXX_!!1129753762.jpg\" /><img src=\"http://gw.alicdn.com/imgextra/i3/1129753762/TB2a7tyXpXXXXaDXFXXXXXXXXXX_!!1129753762.jpg\" /><img src=\"http://gw.alicdn.com/imgextra/i2/1129753762/TB2cMmkXVXXXXbYXXXXXXXXXXXX_!!1129753762.jpg\" /><img src=\"http://gw.alicdn.com/imgextra/i3/1129753762/TB2uw8oXpXXXXcOXFXXXXXXXXXX_!!1129753762.jpg\" /><img src=\"http://gw.alicdn.com/imgextra/i4/1129753762/TB2aCAaXFXXXXbGXpXXXXXXXXXX_!!1129753762.jpg\" /><img src=\"http://gw.alicdn.com/imgextra/i3/1129753762/TB2zZLvXFXXXXbuXpXXXXXXXXXX_!!1129753762.jpg\" />','images/taobao/23bc095c262e9cfdac67ee07e9987a29.jpg','images/taobao/23bc095c262e9cfdac67ee07e9987a29.jpg','images/201301/source_img/22_G_1358480153200.jpg',1,'',1,1,0,1,1331965608,100,0,1,0,0,1,0,1405043721,2,'',-1,-1,0,0,0,'',0,0),(23,268,'ECS000023','【包邮】The Face Shop 面部护肤套装 金盏花水乳 敏感肌肤 进口','+',0,0,'',2000,0.000,999.00,888.00,777.00,1326902400,1452096000,1,'','直降100元！超低价疯','<p>\r\n	上市时间：2013年\r\n</p>\r\n<p>\r\n	月份：12月\r\n</p>\r\n<p>\r\n	功效：补水,保湿,抗敏感,抗痘,控油,收缩毛孔,提拉紧致,抗氧化,舒缓/抗敏感,滋润,舒缓肌肤,镇静,其他/other\r\n</p>\r\n<p>\r\n	规格类型：正常规格\r\n</p>\r\n<p>\r\n	品牌：The Face Shop/菲诗小铺\r\n</p>\r\n<p>\r\n	面部护理套装：金盏花水乳护肤套装\r\n</p>\r\n<p>\r\n	适合肤质：任何肤质\r\n</p>\r\n<p>\r\n	产地：韩国\r\n</p>\r\n<p>\r\n	保质期：3年\r\n</p>\r\n<img src=\"http://a.tbcdn.cn/kissy/1.0.0/build/imglazyload/spaceball.gif\" />\r\n<p>\r\n	通告：亲们，请注意，金盏花进口调理水，原中文标签名称为：金盏花水润精华水，原条形码：8809173271932 ，新到货的名称已更改为：金盏花润泽精华水，新条形码：8806364077915，现在仓库发货是随机发货哦。\r\n</p>\r\n<img src=\"http://gw.alicdn.com/imgextra/i4/435876330/T2hYSyXsJXXXXXXXXX-435876330.jpg\" /><img src=\"http://gw.alicdn.com/imgextra/i3/435876330/T2D4GdXwxaXXXXXXXX-435876330.jpg\" /><img src=\"http://gw.alicdn.com/imgextra/i2/435876330/T2SwVcXmrQTJJXXXXX-435876330.jpg\" /><img src=\"http://gw.alicdn.com/imgextra/i4/435876330/T2uLesXAXaXXXXXXXX-435876330.jpg\" /><img src=\"http://gw.alicdn.com/imgextra/i2/435876330/T2mnqsXA4XXXXXXXXX-435876330.jpg\" /><img src=\"http://gw.alicdn.com/imgextra/i4/435876330/T2AwKoXCJXXXXXXXXX-435876330.jpg\" /><img src=\"http://gw.alicdn.com/imgextra/i4/435876330/T2WnmeXupaXXXXXXXX-435876330.jpg\" /><img src=\"http://gw.alicdn.com/imgextra/i1/435876330/T2m2WuXBNXXXXXXXXX-435876330.jpg\" /><img src=\"http://gw.alicdn.com/imgextra/i4/435876330/T26kSuXxRXXXXXXXXX-435876330.jpg\" /><img src=\"http://gw.alicdn.com/imgextra/i2/435876330/T2k_qrXpXaXXXXXXXX-435876330.jpg\" /><img src=\"http://gw.alicdn.com/imgextra/i1/435876330/T29ierXtNaXXXXXXXX-435876330.jpg\" /><img src=\"http://gw.alicdn.com/imgextra/i1/435876330/T2ZByaXz8aXXXXXXXX-435876330.jpg\" /><img src=\"http://gw.alicdn.com/imgextra/i4/435876330/T22NysXCXXXXXXXXXX-435876330.jpg\" /><img src=\"http://gw.alicdn.com/imgextra/i2/435876330/T2wLKuXqXaXXXXXXXX-435876330.jpg\" /><img src=\"http://gw.alicdn.com/imgextra/i1/435876330/T2YParXAXXXXXXXXXX-435876330.jpg\" /><img src=\"http://gw.alicdn.com/imgextra/i2/435876330/T2EJWuXDhXXXXXXXXX-435876330.jpg\" /><img src=\"http://gw.alicdn.com/imgextra/i1/435876330/T2CqGyXs0XXXXXXXXX-435876330.jpg\" /><img src=\"http://gw.alicdn.com/imgextra/i1/435876330/T2niCeXs4aXXXXXXXX-435876330.jpg\" /><img src=\"http://gw.alicdn.com/imgextra/i4/435876330/T2xxKvXA8XXXXXXXXX-435876330.jpg\" /><img src=\"http://gw.alicdn.com/imgextra/i2/435876330/T2CEesXA4XXXXXXXXX-435876330.jpg\" /><img src=\"http://gw.alicdn.com/imgextra/i4/435876330/T2TOKmXxXXXXXXXXXX-435876330.jpg\" /><img src=\"http://gw.alicdn.com/imgextra/i2/435876330/T2RzusXttaXXXXXXXX-435876330.jpg\" /><img src=\"http://gw.alicdn.com/imgextra/i2/435876330/T2FOusXyXaXXXXXXXX-435876330.jpg\" /><img src=\"http://gw.alicdn.com/imgextra/i2/435876330/T29tmUXn4bXXXXXXXX-435876330.jpg\" /><img src=\"http://gw.alicdn.com/imgextra/i3/435876330/T25e0YXANaXXXXXXXX-435876330.jpg\" /><img src=\"http://gw.alicdn.com/imgextra/i4/435876330/T2.narXA0XXXXXXXXX-435876330.jpg\" /><img src=\"http://gw.alicdn.com/imgextra/i1/435876330/T2Ew1sXEpXXXXXXXXX-435876330.jpg\" /><img src=\"http://gw.alicdn.com/imgextra/i2/435876330/T2oj9uXpBaXXXXXXXX-435876330.jpg\" /><img src=\"http://gw.alicdn.com/imgextra/i1/435876330/T2BrGtXDJXXXXXXXXX-435876330.jpg\" /><img src=\"http://gw.alicdn.com/imgextra/i4/435876330/T27KohXa0bXXXXXXXX-435876330.jpg\" /><img src=\"http://gw.alicdn.com/imgextra/i3/435876330/T24D9rXppaXXXXXXXX-435876330.jpg\" /><img src=\"http://gw.alicdn.com/imgextra/i3/435876330/T2ib8lXsBbXXXXXXXX-435876330.jpg\" />','images/taobao/cd0b0be473f587da37c4e5eca499fd32.jpg','images/taobao/cd0b0be473f587da37c4e5eca499fd32.jpg','images/201301/source_img/23_G_1358486573610.jpg',1,'',1,1,0,4,1331965658,100,0,1,0,1,1,0,1405043610,2,'',-1,-1,0,0,0,'',0,0),(24,268,'ECS000024','测试商品测试商品测试商品测试商品测试商品测试商品测试商品测试商品测试商品','+',27,0,'',2000,0.000,999.00,888.00,777.00,1364918400,1371744000,1,'','直降100元！超低价疯','','images/201304/thumb_img/24_thumb_G_1365745047742.jpg','images/201304/goods_img/24_G_1365745047359.jpg','images/201304/source_img/24_G_1365745047787.jpg',1,'',1,1,0,18,1331965686,100,0,1,0,0,1,0,1365745629,0,'',-1,-1,0,0,0,'',0,0),(25,268,'ECS000025','御泥坊美白嫩肤蚕丝面膜贴20片补水保湿提亮肤色去黄气护肤品套装','+',3,0,'',2000,0.000,999.00,888.00,777.00,1325520000,1420732800,1,'','直降100元！超低价疯','<p>\r\n	面膜分类：贴片式\r\n</p>\r\n<p>\r\n	规格类型：正常规格\r\n</p>\r\n<p>\r\n	功效：美白提亮肤色,提亮肤色,美白,保湿,补水,美白滋润\r\n</p>\r\n<p>\r\n	原料成分：其他/other\r\n</p>\r\n<p>\r\n	适合肤质：任何肤质\r\n</p>\r\n<p>\r\n	化妆品净含量：600ml\r\n</p>\r\n<p>\r\n	品牌：御泥坊\r\n</p>\r\n<p>\r\n	面膜单品：美白嫩肤矿物蚕丝面膜\r\n</p>\r\n<p>\r\n	批准文号：无\r\n</p>\r\n<p>\r\n	产地：中国\r\n</p>\r\n<p>\r\n	保质期：3年\r\n</p>\r\n<img src=\"http://a.tbcdn.cn/kissy/1.0.0/build/imglazyload/spaceball.gif\" /><img src=\"http://gw.alicdn.com/imgextra/i4/94298837/TB29o63XVXXXXXgXpXXXXXXXXXX-94298837.jpg\" /><img src=\"http://gw.alicdn.com/imgextra/i3/94298837/T23TNWX50XXXXXXXXX-94298837.jpg\" /><img src=\"http://gw.alicdn.com/imgextra/i4/94298837/T2408YX4JXXXXXXXXX-94298837.jpg\" /><img src=\"http://gw.alicdn.com/imgextra/i2/94298837/T2jiRUX3XaXXXXXXXX-94298837.jpg\" /><img src=\"http://gw.alicdn.com/imgextra/i4/94298837/T2jF7pXIRXXXXXXXXX-94298837.jpg\" /><img src=\"http://gw.alicdn.com/imgextra/i4/94298837/T2bIUpXJNXXXXXXXXX-94298837.jpg\" /><img src=\"http://gw.alicdn.com/imgextra/i3/94298837/T20STFXRBXXXXXXXXX-94298837.jpg\" /><img src=\"http://gw.alicdn.com/imgextra/i4/94298837/T2gaYJXHFXXXXXXXXX-94298837.jpg\" /><img src=\"http://gw.alicdn.com/imgextra/i2/94298837/T2Ez2IXJxXXXXXXXXX-94298837.jpg\" /><img src=\"http://gw.alicdn.com/imgextra/i1/94298837/T2bDjCXNNaXXXXXXXX-94298837.jpg\" /><img src=\"http://gw.alicdn.com/imgextra/i2/94298837/T2M8jDXK8aXXXXXXXX-94298837.jpg\" /><img src=\"http://gw.alicdn.com/imgextra/i2/94298837/T2rMIpXFtXXXXXXXXX-94298837.jpg\" /><img src=\"http://gw.alicdn.com/imgextra/i3/94298837/T2EhjIXL8XXXXXXXXX-94298837.jpg\" /><img src=\"http://gw.alicdn.com/imgextra/i1/94298837/T2ZAvDXLpaXXXXXXXX-94298837.jpg\" /><img src=\"http://gw.alicdn.com/imgextra/i3/94298837/T2lCj8XH0aXXXXXXXX-94298837.jpg\" /><img src=\"http://gw.alicdn.com/imgextra/i2/94298837/T2i72EXRJXXXXXXXXX-94298837.jpg\" /><img src=\"http://gw.alicdn.com/imgextra/i1/94298837/T2Dr6EXJdaXXXXXXXX-94298837.jpg\" /><img src=\"http://gw.alicdn.com/imgextra/i2/94298837/T2p7nJXGJXXXXXXXXX-94298837.jpg\" /><img src=\"http://gw.alicdn.com/imgextra/i3/94298837/T2Vc6FXTJXXXXXXXXX-94298837.jpg\" /><img src=\"http://gw.alicdn.com/imgextra/i1/94298837/T26iLHXKNXXXXXXXXX-94298837.jpg\" /><img src=\"http://gw.alicdn.com/imgextra/i1/94298837/T2yerJXIlXXXXXXXXX-94298837.jpg\" /><img src=\"http://gw.alicdn.com/imgextra/i1/94298837/T2CW4SX4BXXXXXXXXX-94298837.jpg\" /><img src=\"http://gw.alicdn.com/imgextra/i2/94298837/T2lbHDXMRaXXXXXXXX-94298837.jpg\" /><img src=\"http://gw.alicdn.com/imgextra/i2/94298837/T22BrEXFRaXXXXXXXX-94298837.jpg\" /><img src=\"http://gw.alicdn.com/imgextra/i3/94298837/T2dtYFXRxXXXXXXXXX-94298837.jpg\" /><img src=\"http://gw.alicdn.com/imgextra/i2/94298837/T2oqvEXJ8aXXXXXXXX-94298837.jpg\" /><img src=\"http://gw.alicdn.com/imgextra/i3/94298837/T2TSr5XHJaXXXXXXXX-94298837.jpg\" /><img src=\"http://gw.alicdn.com/imgextra/i4/94298837/T2ebcmXTtXXXXXXXXX-94298837.jpg\" /><img src=\"http://gw.alicdn.com/imgextra/i4/94298837/T2Q2vEXItaXXXXXXXX-94298837.jpg\" /><img src=\"http://gw.alicdn.com/imgextra/i3/94298837/T2_LzDXMtaXXXXXXXX-94298837.jpg\" /><img src=\"http://gw.alicdn.com/imgextra/i2/94298837/T2Jkn5XMhaXXXXXXXX-94298837.jpg\" />','images/taobao/11fe4f1c0af9c16bea4106145bf09133.jpg','images/taobao/11fe4f1c0af9c16bea4106145bf09133.jpg','images/201301/source_img/25_G_1358488438468.jpg',1,'',1,1,0,2,1331965709,100,0,1,0,0,1,0,1405043548,2,'',-1,-1,0,0,0,'',0,0),(26,247,'ECS000026','测试商品测试商品测试商品测试商品测试商品测试商品测试商品测试商品测试商品','+',1,12,'',2000,0.000,999.00,888.00,0.00,0,0,1,'','直降100元！超低价疯','','images/201406/thumb_img/26_thumb_G_1402622198739.jpg','images/201406/goods_img/26_G_1402622198625.jpg','images/201406/source_img/26_G_1402622198123.jpg',1,'',1,1,0,2,1331966057,100,0,1,0,1,0,0,1402622310,2,'',-1,-1,0,0,1,'',0,0),(27,247,'ECS000027','测试商品测试商品测试商品测试商品测试商品测试商品测试商品测试商品测试商品','+',5,1,'',1999,0.000,999.00,888.00,777.00,1326124800,1372435200,1,'','直降100元！超低价疯','','images/201406/thumb_img/27_thumb_G_1402622208955.jpg','images/201406/goods_img/27_G_1402622208583.jpg','images/201406/source_img/27_G_1402622208466.jpg',1,'',1,1,0,2,1331966164,100,0,1,0,1,1,0,1402622317,2,'',-1,-1,0,0,1,'',0,0),(28,247,'ECS000028','测试商品测试商品测试商品测试商品测试商品测试商品测试商品测试商品测试商品','+',4,0,'',2000,0.000,999.00,888.00,777.00,1326211200,1371225600,1,'','直降100元！超低价疯','','images/201406/thumb_img/28_thumb_G_1402622190930.jpg','images/201406/goods_img/28_G_1402622190870.jpg','images/201406/source_img/28_G_1402622189420.jpg',1,'',1,1,0,1,1331966251,100,0,1,1,0,1,0,1402622323,2,'',-1,-1,0,0,1,'',0,0),(29,247,'ECS000029','测试商品测试商品测试商品测试商品测试商品测试商品测试商品测试商品测试商品','+',36,0,'',1995,0.000,999.00,888.00,777.00,1358179200,1625846400,1,'','直降100元！超低价疯','','images/201406/thumb_img/29_thumb_G_1402622371273.jpg','images/201406/goods_img/29_G_1402622371033.jpg','images/201406/source_img/29_G_1402622371894.jpg',1,'',1,1,0,1,1331966357,100,0,1,0,0,1,0,1402622371,2,'',-1,-1,0,0,1,'',0,0),(30,247,'ECS000030','测试商品测试商品测试商品测试商品测试商品测试商品测试商品测试商品测试商品','+',7,0,'',1998,0.000,999.00,888.00,777.00,1325520000,1421510400,1,'','直降100元！超低价疯','','images/201406/thumb_img/30_thumb_G_1402622178339.jpg','images/201406/goods_img/30_G_1402622178252.jpg','images/201406/source_img/30_G_1402622178989.jpg',1,'',1,1,0,1,1331966483,100,0,1,1,0,1,0,1402622343,2,'',-1,-1,0,0,1,'',0,0),(31,257,'ECS000031','测试商品测试商品测试商品测试商品测试商品测试商品测试商品测试商品测试商品','+',1,19,'',2000,0.000,999.00,888.00,777.00,1326211200,1371744000,1,'','直降100元！超低价疯','','images/201406/thumb_img/31_thumb_G_1402622167210.jpg','images/201406/goods_img/31_G_1402622167210.jpg','images/201406/source_img/31_G_1402622167991.jpg',1,'',1,1,0,2,1331966578,100,0,1,0,0,1,0,1402622284,2,'',-1,-1,0,0,1,'',0,0),(32,257,'ECS000032','ddd','+',15,13,'',1999,0.000,999.00,888.00,777.00,1326124800,1421337600,1,'','直降100元！超低价疯','','images/201406/thumb_img/32_thumb_G_1402622157599.jpg','images/201406/goods_img/32_G_1402622157812.jpg','images/201406/source_img/32_G_1402622157809.jpg',1,'',1,1,0,4,1331966698,100,0,1,0,0,1,0,1402622277,2,'',-1,-1,0,0,1,'',0,0),(33,257,'ECS000033','测试商品测试商品测试商品测试商品测试商品测试商品测试商品测试商品测试商品','+',459,13,'',65531,0.000,933.60,778.00,0.00,0,0,1,'','抢疯了！套餐购买更实惠！','','images/201406/thumb_img/33_thumb_G_1402622148673.jpg','images/201406/goods_img/33_G_1402622148251.jpg','images/201406/source_img/33_G_1402622148702.jpg',1,'',1,1,0,1,1331966806,100,0,1,0,1,0,0,1402622271,2,'',-1,-1,0,0,1,'',0,0),(34,81,'ECS000034','Midea/美的 FS406C电饭煲 4L智能定时预约家用电饭锅正品特价包邮','+',37,7,'',974,0.000,1065.60,1065.60,777.00,1376323200,1474646400,1,'','','<p>品牌：Midea/美的</p><p>型号：FS406C</p><p>颜色分类：粉红色</p><p>控制方式：微电脑式</p><p>电饭煲多功能：定时,煮饭,预约</p><p>内胆材质：黄金内胆</p><p>售后服务：全国联保</p><p>形状：方形</p><p>加热方式：底盘加热</p><p>液晶显示：有</p><p>适用人数：4人-6人</p><p>电锅煲功率（值）：900W</p><p>锅煲容量（值）：4L</p><img src=http://gw.alicdn.com/imgextra/i4/201749140/T2v6b3XD0XXXXXXXXX_!!201749140.jpg><img src=http://gw.alicdn.com/imgextra/i2/201749140/T2E5v3XBpXXXXXXXXX_!!201749140.jpg><img src=http://gw.alicdn.com/imgextra/i1/201749140/T2KbH4XABXXXXXXXXX_!!201749140.jpg><img src=http://gw.alicdn.com/imgextra/i1/201749140/T2AEL4XwXXXXXXXXXX_!!201749140.jpg><img src=http://gw.alicdn.com/imgextra/i3/201749140/T2Sx23XE4XXXXXXXXX_!!201749140.gif><img src=http://gw.alicdn.com/imgextra/i4/201749140/T23r_3XBhXXXXXXXXX_!!201749140.gif><img src=http://gw.alicdn.com/imgextra/i3/201749140/T25eoZXHJXXXXXXXXX_!!201749140.jpg><img src=http://gw.alicdn.com/imgextra/i1/201749140/T2WPD5Xr0XXXXXXXXX_!!201749140.gif><img src=http://gw.alicdn.com/imgextra/i2/201749140/T239H2XqNaXXXXXXXX_!!201749140.jpg><img src=http://gw.alicdn.com/imgextra/i4/201749140/T27l_4XxXXXXXXXXXX_!!201749140.jpg><img src=http://gw.alicdn.com/imgextra/i2/201749140/T2Bdb5XutXXXXXXXXX_!!201749140.jpg><img src=http://gw.alicdn.com/imgextra/i1/201749140/T2RML5Xq0XXXXXXXXX_!!201749140.jpg><img src=http://gw.alicdn.com/imgextra/i2/201749140/T2uwz3XshaXXXXXXXX_!!201749140.gif><img src=http://gw.alicdn.com/imgextra/i4/201749140/T2EwH3XBhXXXXXXXXX_!!201749140.jpg><img src=http://gw.alicdn.com/imgextra/i4/201749140/T26pr5Xv4XXXXXXXXX_!!201749140.jpg><img src=http://gw.alicdn.com/imgextra/i2/201749140/T2Hu25Xq8XXXXXXXXX_!!201749140.jpg><img src=http://gw.alicdn.com/imgextra/i4/201749140/T2lPz3XDhXXXXXXXXX_!!201749140.jpg><img src=http://gw.alicdn.com/imgextra/i2/201749140/T2FWr5XvJXXXXXXXXX_!!201749140.jpg><img src=http://gw.alicdn.com/imgextra/i4/201749140/T2CQ_4XxtXXXXXXXXX_!!201749140.jpg><img src=http://gw.alicdn.com/imgextra/i4/201749140/T26mz3XB0XXXXXXXXX_!!201749140.gif><img src=http://gw.alicdn.com/imgextra/i3/201749140/T28nL3XzNXXXXXXXXX_!!201749140.jpg><img src=http://gw.alicdn.com/imgextra/i2/201749140/T2Z_23XBFXXXXXXXXX_!!201749140.jpg><img src=http://gw.alicdn.com/imgextra/i1/201749140/T2Qaf3XD8XXXXXXXXX_!!201749140.jpg><img src=http://gw.alicdn.com/imgextra/i4/201749140/T2r4L3XD8XXXXXXXXX_!!201749140.jpg><img src=http://gw.alicdn.com/imgextra/i3/201749140/T25QD3XDdXXXXXXXXX_!!201749140.jpg><img src=http://gw.alicdn.com/imgextra/i4/201749140/T21aj4XA0XXXXXXXXX_!!201749140.jpg><img src=http://gw.alicdn.com/imgextra/i4/201749140/T20DP4XwFXXXXXXXXX_!!201749140.jpg><img src=http://gw.alicdn.com/imgextra/i1/201749140/T26uv3XvRaXXXXXXXX_!!201749140.jpg><img src=http://gw.alicdn.com/imgextra/i2/201749140/T27GL3XpRaXXXXXXXX_!!201749140.jpg><img src=http://gw.alicdn.com/imgextra/i1/201749140/T2ZRn4XxpXXXXXXXXX_!!201749140.jpg><img src=http://gw.alicdn.com/imgextra/i2/201749140/T2Evn3XAFXXXXXXXXX_!!201749140.jpg><img src=http://gw.alicdn.com/imgextra/i2/201749140/T2fVL4XBXXXXXXXXXX_!!201749140.jpg><img src=http://gw.alicdn.com/imgextra/i4/201749140/T2gi_3XEXXXXXXXXXX_!!201749140.jpg><img src=http://gw.alicdn.com/imgextra/i2/201749140/T2kFv4XBdXXXXXXXXX_!!201749140.jpg><img src=http://gw.alicdn.com/imgextra/i1/201749140/T2KtY5XuhXXXXXXXXX_!!201749140.jpg><img src=http://gw.alicdn.com/imgextra/i3/201749140/T2idP3XDlXXXXXXXXX_!!201749140.jpg><img src=http://gw.alicdn.com/imgextra/i2/201749140/T2XLP4XzlXXXXXXXXX_!!201749140.jpg><img src=http://gw.alicdn.com/imgextra/i3/201749140/T2XXv5XvXXXXXXXXXX_!!201749140.jpg><img src=http://gw.alicdn.com/imgextra/i4/201749140/T2VoD3XBxXXXXXXXXX_!!201749140.jpg>','images/taobao/5a2ee184222e8cfec649771971ec2659.jpg','images/taobao/5a2ee184222e8cfec649771971ec2659.jpg','images/201308/source_img/34_G_1377501204471.jpg',1,'',1,1,0,8,1377501204,100,0,1,0,1,1,0,1377505120,0,'',-1,-1,0,0,0,'',0,1),(35,119,'ECS000035','艺元素2014春夏新款 淑女五分袖蕾丝连衣裙蓬蓬裙公主裙韩版','+',2,7,'',998,0.000,799.19,666.00,555.00,1377446400,1442505600,1,'','','<p>\r\n	主图来源：自主实拍图\r\n</p>\r\n<p>\r\n	货号：E4CED016\r\n</p>\r\n<p>\r\n	风格：通勤\r\n</p>\r\n<p>\r\n	通勤：淑女\r\n</p>\r\n<p>\r\n	组合形式：单件\r\n</p>\r\n<p>\r\n	裙长：中长款\r\n</p>\r\n<p>\r\n	款式：其他款式\r\n</p>\r\n<p>\r\n	袖长：五分袖\r\n</p>\r\n<p>\r\n	领型：圆领\r\n</p>\r\n<p>\r\n	袖型：常规\r\n</p>\r\n<p>\r\n	腰型：中腰\r\n</p>\r\n<p>\r\n	衣门襟：套头\r\n</p>\r\n<p>\r\n	裙型：公主裙\r\n</p>\r\n<p>\r\n	图案：抽象图案\r\n</p>\r\n<p>\r\n	流行元素/工艺：蕾丝\r\n</p>\r\n<p>\r\n	品牌：LEVU’SU/艺元素\r\n</p>\r\n<p>\r\n	面料：其他\r\n</p>\r\n<p>\r\n	成分含量：31%(含)-50%(含)\r\n</p>\r\n<p>\r\n	材质：棉\r\n</p>\r\n<p>\r\n	适用年龄：25-29周岁\r\n</p>\r\n<p>\r\n	年份季节：2014年夏季\r\n</p>\r\n<p>\r\n	颜色分类：蓝色,黑色,粉红色\r\n</p>\r\n<p>\r\n	尺码：S,M,L,XL\r\n</p>\r\n<img src=\"http://a.tbcdn.cn/kissy/1.0.0/build/imglazyload/spaceball.gif\" /><img src=\"http://gw.alicdn.com/imgextra/i1/360514459/T28CC.XsBaXXXXXXXX-360514459.jpg\" /><img src=\"http://gw.alicdn.com/imgextra/i2/360514459/T2LIa9XulXXXXXXXXX-360514459.jpg\" /><img src=\"http://gw.alicdn.com/imgextra/i2/360514459/T2ASHsXp0aXXXXXXXX-360514459.jpg\" /><img src=\"http://gw.alicdn.com/imgextra/i4/360514459/T2gOK7XztaXXXXXXXX-360514459.jpg\" /><img src=\"http://gw.alicdn.com/imgextra/i1/360514459/T2F3K8XqpaXXXXXXXX-360514459.jpg\" /><img src=\"http://gw.alicdn.com/imgextra/i1/360514459/T2jLK9XutXXXXXXXXX-360514459.jpg\" /><img src=\"http://gw.alicdn.com/imgextra/i2/360514459/T2UEi8Xz8XXXXXXXXX-360514459.jpg\" /><img src=\"http://gw.alicdn.com/imgextra/i3/360514459/T2AuC_XpBXXXXXXXXX-360514459.jpg\" /><img src=\"http://gw.alicdn.com/imgextra/i4/360514459/T2dpO_XslXXXXXXXXX-360514459.jpg\" /><img src=\"http://gw.alicdn.com/imgextra/i3/360514459/T2a399XtFXXXXXXXXX-360514459.jpg\" /><img src=\"http://gw.alicdn.com/imgextra/i3/360514459/T2c.m7XwRaXXXXXXXX-360514459.jpg\" /><img src=\"http://gw.alicdn.com/imgextra/i2/360514459/T2ejm9XspXXXXXXXXX-360514459.jpg\" /><img src=\"http://gw.alicdn.com/imgextra/i4/360514459/T2Zya9XsVXXXXXXXXX-360514459.jpg\" /><img src=\"http://gw.alicdn.com/imgextra/i4/360514459/T2Zae9XyhXXXXXXXXX-360514459.jpg\" /><img src=\"http://gw.alicdn.com/imgextra/i4/360514459/T27cG9XwpXXXXXXXXX-360514459.jpg\" /><img src=\"http://gw.alicdn.com/imgextra/i1/360514459/T2yfy9XuBXXXXXXXXX-360514459.jpg\" /><img src=\"http://gw.alicdn.com/imgextra/i3/360514459/T2jf98XDNXXXXXXXXX-360514459.jpg\" /><img src=\"http://gw.alicdn.com/imgextra/i3/360514459/T23GW8Xu0aXXXXXXXX-360514459.jpg\" /><img src=\"http://gw.alicdn.com/imgextra/i1/360514459/T26sO8XsFaXXXXXXXX-360514459.jpg\" /><img src=\"http://gw.alicdn.com/imgextra/i4/360514459/T25R18XBXXXXXXXXXX-360514459.jpg\" /><img src=\"http://gw.alicdn.com/imgextra/i3/360514459/T2jLS8Xp4aXXXXXXXX-360514459.jpg\" /><img src=\"http://gw.alicdn.com/imgextra/i4/360514459/T2n.a9XpNXXXXXXXXX-360514459.jpg\" /><img src=\"http://gw.alicdn.com/imgextra/i4/360514459/T2bNy9XthXXXXXXXXX-360514459.jpg\" /><img src=\"http://gw.alicdn.com/imgextra/i1/360514459/T2w8y_XplaXXXXXXXX-360514459.jpg\" /><img src=\"http://gw.alicdn.com/imgextra/i3/360514459/T2M059XvxXXXXXXXXX-360514459.jpg\" /><img src=\"http://gw.alicdn.com/imgextra/i4/360514459/T2BZm9XulXXXXXXXXX-360514459.jpg\" /><img src=\"http://gw.alicdn.com/imgextra/i1/360514459/T2Q1y9XvXXXXXXXXXX-360514459.jpg\" /><img src=\"http://gw.alicdn.com/imgextra/i3/360514459/T2dAu9XrtXXXXXXXXX-360514459.jpg\" /><img src=\"http://gw.alicdn.com/imgextra/i2/360514459/T2HXW9XyBXXXXXXXXX-360514459.jpg\" /><img src=\"http://gw.alicdn.com/imgextra/i4/360514459/T29IC9XuRXXXXXXXXX-360514459.jpg\" /><img src=\"http://gw.alicdn.com/imgextra/i3/360514459/T2kvm9XulXXXXXXXXX-360514459.jpg\" /><img src=\"http://gw.alicdn.com/imgextra/i3/360514459/T2y7a8XDdXXXXXXXXX-360514459.jpg\" /><img src=\"http://gw.alicdn.com/imgextra/i1/360514459/T2x7O8XCJXXXXXXXXX-360514459.jpg\" /><img src=\"http://gw.alicdn.com/imgextra/i3/360514459/T2rWK9XxFXXXXXXXXX-360514459.jpg\" />','images/taobao/ac0f72f52853a019c26245b96bd54a89.jpg','images/taobao/ac0f72f52853a019c26245b96bd54a89.jpg','images/201308/source_img/35_G_1377501280082.jpg',1,'',1,1,0,6,1377501280,100,0,1,0,1,1,0,1405042968,2,'',-1,-1,0,0,0,'',0,1),(36,209,'ECS000036','测试商品测试商品测试商品测试商品测试商品测试商品测试商品测试商品测试商品','+',4,7,'',999,0.000,799.19,666.00,555.00,1377446400,1442592000,1,'','','','images/201406/thumb_img/36_thumb_G_1402622416314.jpg','images/201406/goods_img/36_G_1402622416031.jpg','images/201406/source_img/36_G_1402622416360.jpg',1,'',1,1,0,6,1377501387,100,0,1,0,0,1,0,1402627601,1,'',-1,-1,0,0,1,'',0,0),(37,209,'ECS000037','测试商品测试商品测试商品测试商品测试商品测试商品测试商品测试商品测试商品','+',8,22,'',999,0.000,666.00,555.00,545.00,1377446400,1411228800,1,'','','','images/201406/thumb_img/37_thumb_G_1402622406125.jpg','images/201406/goods_img/37_G_1402622406296.jpg','images/201406/source_img/37_G_1402622406144.jpg',1,'',1,1,0,5,1377501609,100,0,1,0,0,1,0,1402627619,1,'',-1,-1,0,0,1,'',0,0),(38,248,'ECS000038','测试商品测试商品测试商品测试商品测试商品测试商品测试商品测试商品测试商品','+',3,7,'',99,0.000,0.00,0.00,777.00,1377446400,1443196800,1,'','','','images/201406/thumb_img/38_thumb_G_1402622132559.jpg','images/201406/goods_img/38_G_1402622132887.jpg','images/201406/source_img/38_G_1402622131830.jpg',1,'',1,1,0,0,1377501856,100,0,1,0,0,1,0,1402627683,1,'',-1,-1,0,0,1,'',0,0),(39,290,'ECS000039','测试商品测试商品测试商品测试商品测试商品测试商品测试商品测试商品测试商品','+',36,7,'',92,0.000,586.80,489.00,200.00,1377446400,1442505600,1,'','','','images/201406/thumb_img/39_thumb_G_1401939347506.jpg','images/201406/goods_img/39_G_1401939347357.jpg','images/201406/source_img/39_G_1401939347547.jpg',1,'',0,1,0,5,1377501931,100,0,1,0,0,1,0,1405501425,0,'',-1,-1,0,0,0,'',0,1),(40,293,'ECS000040','泉润三层补水套装 正品专柜 保湿美白护肤爽肤水 乳液 洁面乳','+',56,7,'',99,0.000,6.24,5.20,4.30,1377446400,1442592000,1,'','','<p>\r\n	上市时间：2004年\r\n</p>\r\n<p>\r\n	颜色分类：白,白色\r\n</p>\r\n<p>\r\n	功效：补水,保湿,滋润\r\n</p>\r\n<p>\r\n	规格类型：正常规格\r\n</p>\r\n<p>\r\n	品牌：泉润\r\n</p>\r\n<p>\r\n	面部护理套装单品：三层渗透补水保湿洁面乳、三层渗透补水嫩白乳液、三层渗透保湿柔\r\n</p>\r\n<p>\r\n	适合肤质：任何肤质\r\n</p>\r\n<p>\r\n	产地：中国\r\n</p>\r\n<p>\r\n	保质期：3年\r\n</p>\r\n<img src=\"http://gw.alicdn.com/imgextra/i1/1129753762/TB2.VbcXVXXXXceXpXXXXXXXXXX_!!1129753762.jpg\" /><img src=\"http://gw.alicdn.com/imgextra/i1/1129753762/TB2VF8yXpXXXXagXFXXXXXXXXXX_!!1129753762.jpg\" /><img src=\"http://gw.alicdn.com/imgextra/i1/1129753762/TB265LiXXXXXXXHXVXXXXXXXXXX_!!1129753762.jpg\" /><img src=\"http://gw.alicdn.com/imgextra/i1/1129753762/TB2moCnXFXXXXbvXpXXXXXXXXXX_!!1129753762.jpg\" /><img src=\"http://gw.alicdn.com/imgextra/i2/1129753762/TB20YzpXFXXXXbhXpXXXXXXXXXX_!!1129753762.jpg\" /><img src=\"http://gw.alicdn.com/imgextra/i3/1129753762/TB2a7tyXpXXXXaDXFXXXXXXXXXX_!!1129753762.jpg\" /><img src=\"http://gw.alicdn.com/imgextra/i2/1129753762/TB2cMmkXVXXXXbYXXXXXXXXXXXX_!!1129753762.jpg\" /><img src=\"http://gw.alicdn.com/imgextra/i3/1129753762/TB2uw8oXpXXXXcOXFXXXXXXXXXX_!!1129753762.jpg\" /><img src=\"http://gw.alicdn.com/imgextra/i4/1129753762/TB2aCAaXFXXXXbGXpXXXXXXXXXX_!!1129753762.jpg\" /><img src=\"http://gw.alicdn.com/imgextra/i3/1129753762/TB2zZLvXFXXXXbuXpXXXXXXXXXX_!!1129753762.jpg\" />','images/taobao/23bc095c262e9cfdac67ee07e9987a29.jpg','images/taobao/23bc095c262e9cfdac67ee07e9987a29.jpg','images/201308/source_img/40_G_1377502219585.jpg',1,'',1,1,0,5,1377502219,100,0,1,0,0,1,0,1405043806,1,'',-1,-1,0,0,0,'',0,0),(41,2,'ECS000041','68ecshop供货商测试商品','+',12,1,'',98,0.000,240.00,200.00,0.00,0,0,1,'','','','images/201406/thumb_img/41_thumb_G_1401779917409.jpg','images/201406/goods_img/41_G_1401779917434.jpg','images/201406/source_img/41_G_1401779917170.jpg',1,'',1,1,0,2,1401374680,100,0,0,0,0,0,0,1401786358,0,'',-1,-1,0,1,1,'',0,0),(42,3,'ECS000042','68ecshop供货商测试商品','+',18,10,'',99,0.000,480.00,400.00,0.00,0,0,1,'','','','images/201406/thumb_img/42_thumb_G_1401779908246.jpg','images/201406/goods_img/42_G_1401779908404.jpg','images/201406/source_img/42_G_1401779908264.jpg',1,'',1,1,0,4,1401374697,100,0,0,0,0,0,0,1401786356,0,'',-1,-1,0,1,1,'',0,0),(43,4,'ECS000043','68ecshop供货商测试商品','+',56,16,'',100,0.000,720.00,600.00,0.00,0,0,1,'','','','images/201406/thumb_img/43_thumb_G_1401779895512.jpg','images/201406/goods_img/43_G_1401779895682.jpg','images/201406/source_img/43_G_1401779895686.jpg',1,'',1,1,0,6,1401374722,100,0,0,0,0,0,0,1401786353,0,'',-1,-1,0,1,1,'',0,0),(44,2,'ECS000044','68ecshop供货商测试商品','+',100,6,'',97,0.000,720.00,600.00,0.00,0,0,1,'','','','images/201406/thumb_img/44_thumb_G_1401779877390.jpg','images/201406/goods_img/44_G_1401779877095.jpg','images/201406/source_img/44_G_1401779877982.jpg',1,'',1,1,0,6,1401374741,100,0,0,0,0,0,0,1401786350,0,'',-1,-1,0,1,1,'',0,0),(45,328,'ECS000045','68ecshop供货商测试商品','+',0,0,'',99,0.000,1000.00,0.00,0.00,0,0,1,'','','','images/201406/thumb_img/45_thumb_G_1401779858790.jpg','images/201406/goods_img/45_G_1401779858135.jpg','images/201406/source_img/45_G_1401779858666.jpg',1,'',1,1,0,0,1401779858,100,0,0,0,0,0,0,1401786346,0,'',-1,-1,0,1,1,'',0,0),(46,2,'ECS000046','68ecshop供货商测试商品','+',1,6,'',98,0.000,720.00,600.00,0.00,0,0,1,'','','','images/201406/thumb_img/46_thumb_G_1401779954281.jpg','images/201406/goods_img/46_G_1401779954524.jpg','images/201406/source_img/46_G_1401779954848.jpg',1,'',1,1,0,6,1401779954,100,0,0,0,0,0,0,1401786343,0,'',-1,-1,0,1,1,'',0,0),(47,2,'ECS000047','68ecshop供货商测试商品','+',8,6,'',96,0.000,720.00,600.00,0.00,0,0,1,'','','','images/201406/thumb_img/47_thumb_G_1401779967634.jpg','images/201406/goods_img/47_G_1401779967854.jpg','images/201406/source_img/47_G_1401779967903.jpg',1,'',1,1,0,6,1401779967,100,0,0,0,0,0,0,1401786339,0,'',-1,-1,0,1,1,'',0,0),(48,2,'ECS000048','68ecshop供货商测试商品','+',5,6,'',99,0.000,720.00,600.00,0.00,0,0,1,'','','','images/201406/thumb_img/48_thumb_G_1401779989341.jpg','images/201406/goods_img/48_G_1401779989440.jpg','images/201406/source_img/48_G_1401779989264.jpg',1,'',1,1,0,6,1401779989,100,0,0,0,0,0,0,1403681788,0,'',-1,-1,0,1,1,'',0,0),(49,2,'ECS000049','68ecshop供货商测试商品','+',2,6,'',100,0.000,720.00,600.00,0.00,0,0,1,'','','','images/201406/thumb_img/49_thumb_G_1401780080162.jpg','images/201406/goods_img/49_G_1401780080125.jpg','images/201406/source_img/49_G_1401780080745.jpg',1,'',1,1,0,6,1401780080,100,0,0,0,0,0,0,1403681782,0,'',-1,-1,0,1,1,'',0,0),(50,2,'ECS000050','68ecshop供货商测试商品','+',15,6,'',98,0.000,720.00,600.00,0.00,0,0,1,'','','','images/201406/thumb_img/50_thumb_G_1401780164369.jpg','images/201406/goods_img/50_G_1401780164249.jpg','images/201406/source_img/50_G_1401780164256.jpg',1,'',1,1,0,6,1401780164,100,0,0,0,0,0,0,1403681774,0,'',-1,-1,0,1,1,'',0,0),(51,81,'ECS000051','68ecshop测试商品2','+',1,20,'',1,0.000,1200.00,1000.00,0.00,0,0,1,'','','','images/201406/thumb_img/51_thumb_G_1401948343382.jpg','images/201406/goods_img/51_G_1401948343778.jpg','images/201406/source_img/51_G_1401948343230.jpg',1,'',1,1,0,10,1401948343,100,1,0,0,0,0,0,1401948491,0,'',-1,-1,0,1,1,'',0,0),(52,82,'ECS000052','68ecshop测试商品3','+',1,20,'',1,0.000,2400.00,2000.00,0.00,0,0,1,'','','','images/201406/thumb_img/52_thumb_G_1401948374473.jpg','images/201406/goods_img/52_G_1401948374488.jpg','images/201406/source_img/52_G_1401948374696.jpg',1,'',1,1,0,20,1401948374,100,1,0,0,0,0,0,1401948477,0,'',-1,-1,0,1,1,'通过',0,0),(53,81,'ECS000053','68ecshop测试商品2','+',37,20,'',77,0.000,1200.00,1000.00,0.00,0,0,1,'','','<p>\r\n	功效：美白,补水,去黑眼圈,去眼袋,抗氧化,提亮肤色,滋润,其他/other\r\n</p>\r\n<p>\r\n	规格类型：正常规格\r\n</p>\r\n<p>\r\n	品牌：gN Pearl/京润珍珠\r\n</p>\r\n<p>\r\n	面部护理套装：心动组合\r\n</p>\r\n<p>\r\n	适合肤质：任何肤质\r\n</p>\r\n<p>\r\n	产地：中国\r\n</p>\r\n<p>\r\n	保质期：3年\r\n</p>\r\n<img src=\"http://a.tbcdn.cn/kissy/1.0.0/build/imglazyload/spaceball.gif\" /><img src=\"http://gw.alicdn.com/imgextra/i4/901506476/T2bLToXGhaXXXXXXXX-901506476.jpg\" /><img src=\"http://gw.alicdn.com/imgextra/i1/901506476/T2OqtqXvpXXXXXXXXX_!!901506476.jpg\" /><img src=\"http://gw.alicdn.com/imgextra/i2/901506476/T24l_rXIdXXXXXXXXX-901506476.jpg\" /><img src=\"http://gw.alicdn.com/imgextra/i4/901506476/T2Ard.XoFaXXXXXXXX_!!901506476.jpg\" /><img src=\"http://gw.alicdn.com/imgextra/i4/901506476/T2GsNoXCtXXXXXXXXX_!!901506476.jpg\" /><img src=\"http://gw.alicdn.com/imgextra/i4/901506476/T2JmLkXN4aXXXXXXXX-901506476.jpg\" /><img src=\"http://gw.alicdn.com/imgextra/i3/901506476/T2soKeXndaXXXXXXXX_!!901506476.jpg\" /><img src=\"http://gw.alicdn.com/imgextra/i3/901506476/T2Op4_XaFbXXXXXXXX_!!901506476.jpg\" /><img src=\"http://gw.alicdn.com/imgextra/i3/901506476/T2p4GdXb0bXXXXXXXX_!!901506476.jpg\" /><img src=\"http://gw.alicdn.com/imgextra/i1/901506476/T2OHlTXexbXXXXXXXX_!!901506476.jpg\" /><img src=\"http://gw.alicdn.com/imgextra/i3/901506476/T2sS0rXsNXXXXXXXXX_!!901506476.jpg\" /><img src=\"http://gw.alicdn.com/imgextra/i3/901506476/T2r0HoXHJaXXXXXXXX-901506476.jpg\" /><img src=\"http://gw.alicdn.com/imgextra/i4/901506476/T2HcXpXzxXXXXXXXXX_!!901506476.jpg\" /><img src=\"http://gw.alicdn.com/imgextra/i2/901506476/T2Kr6kXL4aXXXXXXXX-901506476.jpg\" /><img src=\"http://gw.alicdn.com/imgextra/i3/901506476/T2JAlnXvRaXXXXXXXX_!!901506476.jpg\" /><img src=\"http://gw.alicdn.com/imgextra/i3/901506476/T2TrYsXHxXXXXXXXXX-901506476.jpg\" /><img src=\"http://gw.alicdn.com/imgextra/i2/901506476/T2l7FpXwRXXXXXXXXX_!!901506476.jpg\" /><img src=\"http://gw.alicdn.com/imgextra/i1/901506476/T2jIppXBJXXXXXXXXX_!!901506476.jpg\" />','images/taobao/beba4baaa9dc21eeb66f60f79182ee39.jpg','images/taobao/beba4baaa9dc21eeb66f60f79182ee39.jpg','images/201406/source_img/53_G_1401949695743.jpg',1,'',1,1,0,10,1401949695,100,0,0,0,0,0,0,1405044373,2,'',-1,-1,0,1,1,'',0,0),(54,2,'ECS000054','68ecshop测试商品3','+',120,20,'',82,0.000,2400.00,2000.00,0.00,0,0,1,'','','<p>\r\n	颜色分类：红色,绿色,浅绿色,透明,粉\r\n</p>\r\n<p>\r\n	功效：补水,保湿,滋润,干性肤质,所有肤质,中性肤质,任何肤质,中性及干性肤质\r\n</p>\r\n<p>\r\n	规格类型：正常规格\r\n</p>\r\n<p>\r\n	品牌：FOUTAINEBLEAU/芳丹薄罗\r\n</p>\r\n<p>\r\n	面部护理套装单品：红参蜗牛霜护肤套装\r\n</p>\r\n<p>\r\n	适合肤质：任何肤质\r\n</p>\r\n<p>\r\n	保质期：3年\r\n</p>\r\n<img src=\"http://gw.alicdn.com/imgextra/i1/860213372/T2HKmxXU4XXXXXXXXX_!!860213372.jpg\" /><img src=\"http://gw.alicdn.com/imgextra/i3/860213372/T2mHuxXGlaXXXXXXXX_!!860213372.jpg\" /><img src=\"http://gw.alicdn.com/imgextra/i1/860213372/T2r9yyXGRXXXXXXXXX_!!860213372.jpg\" /><img src=\"http://gw.alicdn.com/imgextra/i2/860213372/T2a4WyXJtXXXXXXXXX_!!860213372.jpg\" /><img src=\"http://gw.alicdn.com/imgextra/i1/860213372/T2pCOwXIFaXXXXXXXX_!!860213372.jpg\" /><img src=\"http://gw.alicdn.com/imgextra/i1/860213372/T2w9ayXIJXXXXXXXXX_!!860213372.jpg\" /><img src=\"http://gw.alicdn.com/imgextra/i3/860213372/T27lWwXI8aXXXXXXXX_!!860213372.jpg\" /><img src=\"http://gw.alicdn.com/imgextra/i2/860213372/T2gTywXHpaXXXXXXXX_!!860213372.jpg\" /><img src=\"http://gw.alicdn.com/imgextra/i1/860213372/T26MOxXTJXXXXXXXXX_!!860213372.jpg\" /><img src=\"http://gw.alicdn.com/imgextra/i2/860213372/T2RZ9xXFBaXXXXXXXX_!!860213372.jpg\" /><img src=\"http://gw.alicdn.com/imgextra/i1/860213372/T2w2WxXUhXXXXXXXXX_!!860213372.jpg\" /><img src=\"http://gw.alicdn.com/imgextra/i1/860213372/T2bp5yXOFXXXXXXXXX_!!860213372.jpg\" /><img src=\"http://gw.alicdn.com/imgextra/i1/860213372/T2Ag1xXSlXXXXXXXXX_!!860213372.jpg\" />','images/taobao/cfbf52837e6f98cf2f48ae30126119ab.jpg','images/taobao/cfbf52837e6f98cf2f48ae30126119ab.jpg','images/201406/source_img/54_G_1401949726460.jpg',1,'',1,1,0,20,1401949726,100,0,1,0,0,0,0,1405044103,2,'',-1,-1,0,1,1,'恭喜通过',0,0),(55,328,'ECS000055','芳丹薄罗 韩国蜗牛化妆品护肤套装 美白补水保湿水乳霜 正品女','+',3,20,'',94,0.000,2400.00,2000.00,0.00,0,0,1,'','','<p>颜色分类：红色,绿色,浅绿色,透明,粉</p><p>功效：补水,保湿,滋润,干性肤质,所有肤质,中性肤质,任何肤质,中性及干性肤质</p><p>规格类型：正常规格</p><p>品牌：FOUTAINEBLEAU/芳丹薄罗</p><p>面部护理套装单品：红参蜗牛霜护肤套装</p><p>适合肤质：任何肤质</p><p>保质期：3年</p><img src=http://gw.alicdn.com/imgextra/i1/860213372/T2HKmxXU4XXXXXXXXX_!!860213372.jpg><img src=http://gw.alicdn.com/imgextra/i3/860213372/T2mHuxXGlaXXXXXXXX_!!860213372.jpg><img src=http://gw.alicdn.com/imgextra/i1/860213372/T2r9yyXGRXXXXXXXXX_!!860213372.jpg><img src=http://gw.alicdn.com/imgextra/i2/860213372/T2a4WyXJtXXXXXXXXX_!!860213372.jpg><img src=http://gw.alicdn.com/imgextra/i1/860213372/T2pCOwXIFaXXXXXXXX_!!860213372.jpg><img src=http://gw.alicdn.com/imgextra/i1/860213372/T2w9ayXIJXXXXXXXXX_!!860213372.jpg><img src=http://gw.alicdn.com/imgextra/i3/860213372/T27lWwXI8aXXXXXXXX_!!860213372.jpg><img src=http://gw.alicdn.com/imgextra/i2/860213372/T2gTywXHpaXXXXXXXX_!!860213372.jpg><img src=http://gw.alicdn.com/imgextra/i1/860213372/T26MOxXTJXXXXXXXXX_!!860213372.jpg><img src=http://gw.alicdn.com/imgextra/i2/860213372/T2RZ9xXFBaXXXXXXXX_!!860213372.jpg><img src=http://gw.alicdn.com/imgextra/i1/860213372/T2w2WxXUhXXXXXXXXX_!!860213372.jpg><img src=http://gw.alicdn.com/imgextra/i1/860213372/T2bp5yXOFXXXXXXXXX_!!860213372.jpg><img src=http://gw.alicdn.com/imgextra/i1/860213372/T2Ag1xXSlXXXXXXXXX_!!860213372.jpg>','images/taobao/cfbf52837e6f98cf2f48ae30126119ab.jpg','images/taobao/cfbf52837e6f98cf2f48ae30126119ab.jpg','',1,'',1,1,0,20,1403743539,100,0,1,0,0,0,0,1403743633,0,'',-1,-1,0,1,1,'',0,0),(56,329,'ECS000056','泉润三层补水套装 正品专柜 保湿美白护肤爽肤水 乳液 洁面乳','+',2,20,'',94,0.000,2400.00,2000.00,0.00,0,0,1,'','','<p>\r\n	上市时间：2004年\r\n</p>\r\n<p>\r\n	颜色分类：白,白色\r\n</p>\r\n<p>\r\n	功效：补水,保湿,滋润\r\n</p>\r\n<p>\r\n	规格类型：正常规格\r\n</p>\r\n<p>\r\n	品牌：泉润\r\n</p>\r\n<p>\r\n	面部护理套装单品：三层渗透补水保湿洁面乳、三层渗透补水嫩白乳液、三层渗透保湿柔\r\n</p>\r\n<p>\r\n	适合肤质：任何肤质\r\n</p>\r\n<p>\r\n	产地：中国\r\n</p>\r\n<p>\r\n	保质期：3年\r\n</p>\r\n<img src=\"http://gw.alicdn.com/imgextra/i1/1129753762/TB2.VbcXVXXXXceXpXXXXXXXXXX_!!1129753762.jpg\" /><img src=\"http://gw.alicdn.com/imgextra/i1/1129753762/TB2VF8yXpXXXXagXFXXXXXXXXXX_!!1129753762.jpg\" /><img src=\"http://gw.alicdn.com/imgextra/i1/1129753762/TB265LiXXXXXXXHXVXXXXXXXXXX_!!1129753762.jpg\" /><img src=\"http://gw.alicdn.com/imgextra/i1/1129753762/TB2moCnXFXXXXbvXpXXXXXXXXXX_!!1129753762.jpg\" /><img src=\"http://gw.alicdn.com/imgextra/i2/1129753762/TB20YzpXFXXXXbhXpXXXXXXXXXX_!!1129753762.jpg\" /><img src=\"http://gw.alicdn.com/imgextra/i3/1129753762/TB2a7tyXpXXXXaDXFXXXXXXXXXX_!!1129753762.jpg\" /><img src=\"http://gw.alicdn.com/imgextra/i2/1129753762/TB2cMmkXVXXXXbYXXXXXXXXXXXX_!!1129753762.jpg\" /><img src=\"http://gw.alicdn.com/imgextra/i3/1129753762/TB2uw8oXpXXXXcOXFXXXXXXXXXX_!!1129753762.jpg\" /><img src=\"http://gw.alicdn.com/imgextra/i4/1129753762/TB2aCAaXFXXXXbGXpXXXXXXXXXX_!!1129753762.jpg\" /><img src=\"http://gw.alicdn.com/imgextra/i3/1129753762/TB2zZLvXFXXXXbuXpXXXXXXXXXX_!!1129753762.jpg\" />','images/taobao/23bc095c262e9cfdac67ee07e9987a29.jpg','images/taobao/23bc095c262e9cfdac67ee07e9987a29.jpg','',1,'',1,1,0,20,1403743574,100,0,1,0,0,0,0,1405043969,2,'',-1,-1,0,1,1,'',0,0),(57,329,'ECS000057','正品军迷衬衣 军装户外 纯棉热卖长短两用衬衣 经典款热卖衬衫','+',19,20,'',92,0.000,2400.00,2000.00,0.00,0,0,1,'','','<p>\r\n	品牌：野外生存\r\n</p>\r\n<p>\r\n	袖长：长袖\r\n</p>\r\n<p>\r\n	适用对象：男\r\n</p>\r\n<p>\r\n	产地：中国\r\n</p>\r\n<p>\r\n	材质：棉\r\n</p>\r\n<p>\r\n	尺码：S,M,L,XL,XXL,XXXL\r\n</p>\r\n<p>\r\n	板型：宽松\r\n</p>\r\n<p>\r\n	颜色：海洋迷彩,沙漠迷彩,黑色,军绿,白色,蓝白条纹,其他\r\n</p>\r\n<p>\r\n	是否现货：现货\r\n</p>\r\n<p>\r\n	市场价：198\r\n</p>\r\n<p>\r\n	适用季节：冬季,春季,夏季\r\n</p>\r\n<p>\r\n	功能：透气,耐磨\r\n</p>\r\n<p>\r\n	价格区间：51-100元\r\n</p>\r\n<img src=\"http://gw.alicdn.com/imgextra/i1/140582949/T2pbRDXgXaXXXXXXXX_!!140582949.jpg\" /><img src=\"http://gw.alicdn.com/imgextra/i3/140582949/T2MlFsXcXbXXXXXXXX_!!140582949.jpg\" /><img src=\"http://gw.alicdn.com/imgextra/i3/140582949/T23HF7XrxaXXXXXXXX_!!140582949.gif\" /><img src=\"http://gw.alicdn.com/imgextra/i3/140582949/T2Pth6XBhXXXXXXXXX_!!140582949.jpg\" /><img src=\"http://gtu-c02.m.alicdn.com/1/1/140582949/12949029338165521/T2ZuX.XrBXXXXXXXXX_!!140582949.jpg\" /><img src=\"http://gtu-c02.m.alicdn.com/1/1/140582949/12949029432552657/T2g48RXwBaXXXXXXXX_!!140582949.jpg\" />\r\n<p>\r\n	冲三冠 感恩价销售 ！！！！！特价90元纯棉 水洗 长短两用〈能当长袖和短袖哦〉谢绝讲价！！！！！！ 特价商品 不参加店里任何活动打造淘宝热卖单品\r\n</p>\r\n<img src=\"http://gw.alicdn.com/imgextra/i2/140582949/T2kGRVXjJbXXXXXXXX_!!140582949.jpg\" />\r\n<p>\r\n	宝贝展示 实物拍摄 盗图必究 后果自负 望自重 颜色以\r\n</p>\r\n<p>\r\n	实物为准 拍照有色差 尺寸表误差2到3CM\r\n</p>\r\n<img src=\"http://gw.alicdn.com/imgextra/i3/140582949/T2YQdKXq4XXXXXXXXX_!!140582949.jpg\" /><img src=\"http://gw.alicdn.com/imgextra/i1/140582949/T2.sFDXgdaXXXXXXXX_!!140582949.jpg\" /><img src=\"http://gw.alicdn.com/imgextra/i4/140582949/T2iI6DXshaXXXXXXXX_!!140582949.jpg\" /><img src=\"http://gw.alicdn.com/imgextra/i3/140582949/T2u7N.XptXXXXXXXXX_!!140582949.jpg\" /><img src=\"http://gw.alicdn.com/imgextra/i2/140582949/T2lOB8XzpXXXXXXXXX_!!140582949.jpg\" /><img src=\"http://gw.alicdn.com/imgextra/i2/140582949/T2bNp3XwNaXXXXXXXX_!!140582949.jpg\" /><img src=\"http://gw.alicdn.com/imgextra/i4/140582949/T2U0h2Xy8aXXXXXXXX_!!140582949.jpg\" /><img src=\"http://gw.alicdn.com/imgextra/i4/140582949/T2mGJ_XttXXXXXXXXX_!!140582949.jpg\" /><img src=\"http://gw.alicdn.com/imgextra/i4/140582949/T2T5t8XAXXXXXXXXXX_!!140582949.jpg\" /><img src=\"http://gw.alicdn.com/imgextra/i4/140582949/T2SNQ2XwXXXXXXXXXX_!!140582949.jpg\" /><img src=\"http://gw.alicdn.com/imgextra/i3/140582949/T20MsWXvxaXXXXXXXX_!!140582949.jpg\" /><img src=\"http://gw.alicdn.com/imgextra/i4/140582949/T22CM3XrXXXXXXXXXX_!!140582949.jpg\" /><img src=\"http://gw.alicdn.com/imgextra/i2/140582949/T2M2cYXrFaXXXXXXXX_!!140582949.jpg\" /><img src=\"http://gw.alicdn.com/imgextra/i3/140582949/T2_wE3XtxXXXXXXXXX_!!140582949.jpg\" /><img src=\"http://gw.alicdn.com/imgextra/i4/140582949/T2OjEYXqRaXXXXXXXX_!!140582949.jpg\" /><img src=\"http://gw.alicdn.com/imgextra/i1/140582949/T2mNQ1XAhXXXXXXXXX_!!140582949.jpg\" /><img src=\"http://gw.alicdn.com/imgextra/i4/140582949/T2iNgYXqRaXXXXXXXX_!!140582949.jpg\" /><img src=\"http://gw.alicdn.com/imgextra/i3/140582949/T2aZA2XyXXXXXXXXXX_!!140582949.jpg\" /><img src=\"http://gw.alicdn.com/imgextra/i2/140582949/T2r9JKXBlaXXXXXXXX_!!140582949.jpg\" /><img src=\"http://gw.alicdn.com/imgextra/i1/140582949/T2_uR_XudXXXXXXXXX_!!140582949.jpg\" /><img src=\"http://gw.alicdn.com/imgextra/i1/140582949/T2QkrAXfRbXXXXXXXX_!!140582949.jpg\" /><img src=\"http://gw.alicdn.com/imgextra/i1/140582949/T2ikpfXdlPXXXXXXXX_!!140582949.jpg\" /><img src=\"http://gw.alicdn.com/imgextra/i2/140582949/T2D1J8XuhXXXXXXXXX_!!140582949.jpg\" /><img src=\"http://gw.alicdn.com/imgextra/i3/140582949/T2N6xHXX4OXXXXXXXX_!!140582949.jpg\" /><img src=\"http://gw.alicdn.com/imgextra/i1/140582949/T28fd3Xp0aXXXXXXXX_!!140582949.jpg\" /><img src=\"http://gw.alicdn.com/imgextra/i2/140582949/T2CLp9XxpXXXXXXXXX_!!140582949.jpg\" /><img src=\"http://gw.alicdn.com/imgextra/i1/140582949/T2OLl7XptaXXXXXXXX_!!140582949.jpg\" /><img src=\"http://gw.alicdn.com/imgextra/i3/140582949/T23.F4XChXXXXXXXXX_!!140582949.jpg\" /><img src=\"http://gw.alicdn.com/imgextra/i3/140582949/T24Fx6XEFXXXXXXXXX_!!140582949.jpg\" /><img src=\"http://gw.alicdn.com/imgextra/i1/140582949/T2YkR4XE4XXXXXXXXX_!!140582949.jpg\" /><img src=\"http://gw.alicdn.com/imgextra/i4/140582949/T21chNXDhaXXXXXXXX_!!140582949.jpg\" /><img src=\"http://gw.alicdn.com/imgextra/i4/140582949/T2EqVVXf0bXXXXXXXX_!!140582949.jpg\" /><img src=\"http://gw.alicdn.com/imgextra/i1/140582949/T2XYxVXhNXXXXXXXXX_!!140582949.jpg\" /><img src=\"http://gw.alicdn.com/imgextra/i3/140582949/T2cYBVXfpXXXXXXXXX_!!140582949.jpg\" /><img src=\"http://gw.alicdn.com/imgextra/i1/140582949/T2kbJVXblXXXXXXXXX_!!140582949.jpg\" /><img src=\"http://gw.alicdn.com/imgextra/i3/140582949/T2fHBVXflXXXXXXXXX_!!140582949.jpg\" />\r\n<p>\r\n	各位买家注意胳臂上的标现在是老鹰的101空降师的衣物洗涤保养知识|：1、洗涤时请避免热水，长时间浸泡等，对于装饰物较多的也请反过来手洗。因为人为洗涤不当，造成的问题不属于质量范畴哦。2、纯棉织物落色是无法解决的国际问题，因此黑色等深色全棉织物洗涤时应特别注意方法，深色衣物第一次最好冷水单独洗涤！！除出现衣物整体大范围褪色严重 现象属于布料本身质量原因由本店承担责任外，其他部份落色现象属于正常现象，不属于质量范畴。防止衣服落色的小窍门：防落色第一招：酸洗法。需要原料：食用醋-----这一招主要针对的是红色或是紫色等颜色鲜艳的纯棉衣服和针织 品。方法是在洗涤这些衣服之前，往洗衣服的水中加上一些普通的醋泡上一会就可以了！但是醋的量不能太多，否则容易给浅色衣服染色。如果能够经常这样清洗衣服就可以保证衣服的颜色光洁如新！\r\n</p>\r\n<p>\r\n	防落色第二招：花露水清洗法。需要原料：花露水-----第二招更适合棉织品和毛线织\r\n</p>\r\n<p>\r\n	品，方法为先按照常规方法清洗衣服，衣服漂 洗干净后，在清水中滴入几滴花露水，然后将清洗好的衣服浸泡在这样的水中十分钟。用这种方法清洗过的衣服还能起到消毒杀菌和去除汗味的作用。防落色第三招：盐水浸泡法。需要原料：食盐-----此招最适合对付牛仔装和花色衣服的褪色问题，效果极灵。新买回来的衣服为了防止 褪色，在第一次下水之前要先用浓盐水泡上半个小时，然后再按照常规方法清洗。如果仍有轻微掉色的话，可以在每次下水清洗之前都先用淡盐水浸泡上十分钟，长此以往坚持下去，衣服就绝对不会在 掉色了！防落色第四招：反晾法-----这个方法最为常用，尤其对一些深色衣服尤为有效。方法非常简单，就是把衣服反过来晾晒。 这里要特别提醒您：大部分面料的衣服都不能被太阳直接照射，因为紫外线是衣服褪色的罪魁祸首。所以不仅要反过来晾晒，有条件的话尽量放在避光通风的地方将衣服晾干。\r\n</p>\r\n<p>\r\n	;\r\n</p>\r\n<p>\r\n	; 1. 我们不能避免因显示器和光线等原因照成得图片与实物颜色偏差，颜色和细部制作可 能略有差异 ，不同的显示器可能存在色差，请谅解 2. 拍下商品后请及时联系客服，因实体批发量很大，客服会及时确实有您需要的商品，和发货时间与快递公司信息等 3. 如果您没有支付宝账号、网银或者其他得原因，您可以选择通过银行转账付款，具体细节请您联系客服 4. 因个人的身高、体重、三围和体型得不同产生得交叉变化、提供得尺码仅供参考，请买家咨询客服后自行决定 5. 本批发中心服饰如存在有线头、针脚错位、一点点能清洗的小污点、小小的脱线、钩针纽扣脱离、不可避免的色差等，这写情况不属于质量问题 ，希望买家能够理解，但是可以及时换货。客户保 障服务:所有生存服饰在发货之前都经过本批发中心工作人员检查没有问题后才实施发货。不过在运输过程中可能造成损坏，买方收货时当场验货（如有存在他人代理收您签收得可能，请 告知须验收）。发现服饰有损坏请拒收并联系我们的客服，\r\n</p>\r\n<p>\r\n	本店核实后会重新安排发货，买家签收已经损坏得商品，损坏由买家自负。退货：1. 如果因服饰质量问题（质量问题包括：严重脱线、自身破损、不对称）退货，请在验货当天联系客服，在签收三天之内一同收据 退回本批发中心，确认后我们连邮费一同退还给您。 2. 所有野外生存服饰，在购买七天之内（以您签收时间开始计算），提供七天退换 货服务，在不影响再次销售的情况下，买家可以以颜色不喜欢、穿着不舒服、没有想象中的漂亮、尺寸不合适等原因在七天之内将服饰和配件与购买单据一起寄回，但买方自理运费 换货：因上述 服装质量问题换货，我们负责邮费为您提供换货；如果因自身原因，需要换货，在衣服和配件完好得情况下，请您自付邮费连同收据条寄回，我们及时为您更换服饰。注：在以洗涤、穿着、修改、损坏等情况下，我们不提供退货服务！所以请您收到货后 仔细检查，如有问题请及时联系我们，谢谢合作！附注说明：为了防止讲价行为浪费大家得时间，所有得商品标价一律都是最低价格，且不包含邮费，另外顾客在交易当日下午4点前付款的话，可以当日发货，一般3天左右到件（除偏远地区外），选择邮政快递得顾客根据情况在付款后可能要次日发货 ，使用E邮宝4-5到货（除偏远山区外），EMS要3-4天到货（除偏远山区外）。如何快速购买本店商品：本店因旺旺咨询量大，建议买家直接在拍下后在备注里加上说明，比如需要什么颜色尺寸，不清楚尺寸的，请告诉您你身高 体重。关于多件打折及修改邮费得拍下后不要支付，请先联系客服，修改好价格再支付。一般情况下我们都会在发货前与您联系确认您所需要的商品。\r\n</p>\r\n<img src=\"http://gw.alicdn.com/imgextra/i4/140582949/T27HRcXlFMXXXXXXXX_!!140582949.jpg\" /><img src=\"http://gw.alicdn.com/imgextra/i4/140582949/T2JrNcXi4MXXXXXXXX_!!140582949.jpg\" />','images/taobao/ab1057c1dad90bc1e5f5c53631ff9514.jpg','images/taobao/ab1057c1dad90bc1e5f5c53631ff9514.jpg','',1,'',1,1,0,20,1403743602,100,0,1,0,0,0,0,1404962380,0,'',-1,-1,0,1,1,'',0,0),(58,7,'ECS000058','红玫瑰花礼盒装鲜花速递全国送花上海鲜花杭州北京武汉深圳配送花','+',30,20,'',93,0.000,2040.00,1700.00,0.00,0,0,1,'','','<p>货号：ZS-01</p>\r\n<p>颜色分类：军绿色,天蓝色,巧克力色,桔色,浅灰色,浅绿色,浅黄色,深卡其布色,深灰色,深紫色,深蓝色,白色,粉红色,紫罗兰,紫色,红色,绿色,花色,蓝色,褐色,透明,酒红色,黄色,黑色</p>\r\n<p>品牌：爱尚</p>\r\n<p>适用场景：爱意表达,生日,祝福,道歉,婚礼,商务,求婚,友情</p>\r\n<p>鲜花主花材：红玫瑰</p>\r\n<p>适用对象：爱人,老师,客户,领导/长辈,朋友/同事,病人</p>\r\n<p>鲜花朵数：11朵</p>\r\n<p>适用节日：情人节,圣诞节,春节,元旦,3.8妇女节,母亲节,七夕</p>\r\n<p>鲜花绿植工艺：鲜花(鲜切花)</p>\r\n<p>鲜花规格(直径X高)：15*50CM</p>\r\n<p>花束辅材：精品包装纸</p>\r\n<p><img src=\"http://gw.alicdn.com/imgextra/i4/409871441/T2WgKoXJ0XXXXXXXXX-409871441.jpg\" alt=\"\" /><img src=\"http://gw.alicdn.com/imgextra/i2/409871441/T2_PWqXFVXXXXXXXXX-409871441.jpg\" alt=\"\" /><img src=\"http://gw.alicdn.com/imgextra/i3/409871441/T2qgOmXJtaXXXXXXXX-409871441.jpg\" alt=\"\" /><img src=\"http://gw.alicdn.com/imgextra/i4/409871441/T2jfOoXKJXXXXXXXXX-409871441.jpg\" alt=\"\" /><img src=\"http://gw.alicdn.com/imgextra/i4/409871441/T2pFinXUJXXXXXXXXX-409871441.jpg\" alt=\"\" /><img src=\"http://gw.alicdn.com/imgextra/i1/409871441/T238OnXNNXXXXXXXXX-409871441.jpg\" alt=\"\" /><img src=\"http://gw.alicdn.com/imgextra/i3/409871441/T2etinXQlXXXXXXXXX-409871441.jpg\" alt=\"\" /><img src=\"http://gw.alicdn.com/imgextra/i3/409871441/T2x5GqXFhXXXXXXXXX-409871441.jpg\" alt=\"\" /><img src=\"http://gw.alicdn.com/imgextra/i4/409871441/T253awXHRXXXXXXXXX-409871441.jpg\" alt=\"\" /><img src=\"http://gw.alicdn.com/imgextra/i4/409871441/T2xjaoXF4aXXXXXXXX-409871441.jpg\" alt=\"\" /><img src=\"http://gw.alicdn.com/imgextra/i3/409871441/T22TynXLRaXXXXXXXX-409871441.jpg\" alt=\"\" /><img src=\"http://gw.alicdn.com/imgextra/i4/409871441/T2ZOinXMpaXXXXXXXX-409871441.jpg\" alt=\"\" /><img src=\"http://gw.alicdn.com/imgextra/i2/409871441/T2PImpXOJXXXXXXXXX-409871441.jpg\" alt=\"\" /><img src=\"http://gw.alicdn.com/imgextra/i4/409871441/T2Ty1pXKxXXXXXXXXX-409871441.jpg\" alt=\"\" /><img src=\"http://gw.alicdn.com/imgextra/i3/409871441/T2pTunXKpaXXXXXXXX-409871441.jpg\" alt=\"\" /><img src=\"http://gw.alicdn.com/imgextra/i3/409871441/T2PE5sXFNXXXXXXXXX-409871441.jpg\" alt=\"\" /><img src=\"http://gw.alicdn.com/imgextra/i1/409871441/T2JNurXThXXXXXXXXX-409871441.jpg\" alt=\"\" /><img src=\"http://gw.alicdn.com/imgextra/i2/409871441/T2dFWsXOlXXXXXXXXX-409871441.jpg\" alt=\"\" /><img src=\"http://gw.alicdn.com/imgextra/i2/409871441/T2OXysXPNXXXXXXXXX-409871441.jpg\" alt=\"\" /><img src=\"http://gw.alicdn.com/imgextra/i3/409871441/T2o.GrXP0XXXXXXXXX-409871441.jpg\" alt=\"\" /><img src=\"http://gw.alicdn.com/imgextra/i4/409871441/T2.tSrXUxXXXXXXXXX-409871441.jpg\" alt=\"\" /><img src=\"http://gw.alicdn.com/imgextra/i2/409871441/T2XgmrXUhXXXXXXXXX-409871441.jpg\" alt=\"\" /></p>','images/taobao/32c2392746f4352bf3d0247d4e6945ee.jpg','images/taobao/32c2392746f4352bf3d0247d4e6945ee.jpg','',1,'',1,1,0,20,1403743625,100,0,1,0,0,0,0,1405501005,0,'',-1,-1,0,1,1,'',0,0),(59,1,'ECS000059','红玫瑰花礼盒装鲜花速递全国送花上海鲜花杭州北京武汉深圳配送花','+',50,1,'',1,0.000,0.00,0.00,0.00,0,0,1,'','','<p>\r\n	货号：ZS-01\r\n</p>\r\n<p>\r\n	颜色分类：军绿色,天蓝色,巧克力色,桔色,浅灰色,浅绿色,浅黄色,深卡其布色,深灰色,深紫色,深蓝色,白色,粉红色,紫罗兰,紫色,红色,绿色,花色,蓝色,褐色,透明,酒红色,黄色,黑色\r\n</p>\r\n<p>\r\n	品牌：爱尚\r\n</p>\r\n<p>\r\n	适用场景：爱意表达,生日,祝福,道歉,婚礼,商务,求婚,友情\r\n</p>\r\n<p>\r\n	鲜花主花材：红玫瑰\r\n</p>\r\n<p>\r\n	适用对象：爱人,老师,客户,领导/长辈,朋友/同事,病人\r\n</p>\r\n<p>\r\n	鲜花朵数：11朵\r\n</p>\r\n<p>\r\n	适用节日：情人节,圣诞节,春节,元旦,3.8妇女节,母亲节,七夕\r\n</p>\r\n<p>\r\n	鲜花绿植工艺：鲜花(鲜切花)\r\n</p>\r\n<p>\r\n	鲜花规格(直径X高)：15*50CM\r\n</p>\r\n<p>\r\n	花束辅材：精品包装纸\r\n</p>\r\n<p>\r\n	<img src=\"http://gw.alicdn.com/imgextra/i4/409871441/T2WgKoXJ0XXXXXXXXX-409871441.jpg\" alt=\"\" /><img src=\"http://gw.alicdn.com/imgextra/i2/409871441/T2_PWqXFVXXXXXXXXX-409871441.jpg\" alt=\"\" /><img src=\"http://gw.alicdn.com/imgextra/i3/409871441/T2qgOmXJtaXXXXXXXX-409871441.jpg\" alt=\"\" /><img src=\"http://gw.alicdn.com/imgextra/i4/409871441/T2jfOoXKJXXXXXXXXX-409871441.jpg\" alt=\"\" /><img src=\"http://gw.alicdn.com/imgextra/i4/409871441/T2pFinXUJXXXXXXXXX-409871441.jpg\" alt=\"\" /><img src=\"http://gw.alicdn.com/imgextra/i1/409871441/T238OnXNNXXXXXXXXX-409871441.jpg\" alt=\"\" /><img src=\"http://gw.alicdn.com/imgextra/i3/409871441/T2etinXQlXXXXXXXXX-409871441.jpg\" alt=\"\" /><img src=\"http://gw.alicdn.com/imgextra/i3/409871441/T2x5GqXFhXXXXXXXXX-409871441.jpg\" alt=\"\" /><img src=\"http://gw.alicdn.com/imgextra/i4/409871441/T253awXHRXXXXXXXXX-409871441.jpg\" alt=\"\" /><img src=\"http://gw.alicdn.com/imgextra/i4/409871441/T2xjaoXF4aXXXXXXXX-409871441.jpg\" alt=\"\" /><img src=\"http://gw.alicdn.com/imgextra/i3/409871441/T22TynXLRaXXXXXXXX-409871441.jpg\" alt=\"\" /><img src=\"http://gw.alicdn.com/imgextra/i4/409871441/T2ZOinXMpaXXXXXXXX-409871441.jpg\" alt=\"\" /><img src=\"http://gw.alicdn.com/imgextra/i2/409871441/T2PImpXOJXXXXXXXXX-409871441.jpg\" alt=\"\" /><img src=\"http://gw.alicdn.com/imgextra/i4/409871441/T2Ty1pXKxXXXXXXXXX-409871441.jpg\" alt=\"\" /><img src=\"http://gw.alicdn.com/imgextra/i3/409871441/T2pTunXKpaXXXXXXXX-409871441.jpg\" alt=\"\" /><img src=\"http://gw.alicdn.com/imgextra/i3/409871441/T2PE5sXFNXXXXXXXXX-409871441.jpg\" alt=\"\" /><img src=\"http://gw.alicdn.com/imgextra/i1/409871441/T2JNurXThXXXXXXXXX-409871441.jpg\" alt=\"\" /><img src=\"http://gw.alicdn.com/imgextra/i2/409871441/T2dFWsXOlXXXXXXXXX-409871441.jpg\" alt=\"\" /><img src=\"http://gw.alicdn.com/imgextra/i2/409871441/T2OXysXPNXXXXXXXXX-409871441.jpg\" alt=\"\" /><img src=\"http://gw.alicdn.com/imgextra/i3/409871441/T2o.GrXP0XXXXXXXXX-409871441.jpg\" alt=\"\" /><img src=\"http://gw.alicdn.com/imgextra/i4/409871441/T2.tSrXUxXXXXXXXXX-409871441.jpg\" alt=\"\" /><img src=\"http://gw.alicdn.com/imgextra/i2/409871441/T2XgmrXUhXXXXXXXXX-409871441.jpg\" alt=\"\" />\r\n</p>','images/taobao/32c2392746f4352bf3d0247d4e6945ee.jpg','images/taobao/32c2392746f4352bf3d0247d4e6945ee.jpg','',1,'',1,1,0,0,1404732681,100,0,1,0,0,0,0,1406081266,0,'',-1,-1,0,1,1,'',0,0),(60,58,'ECS000060','相宜本草 红石榴鲜活亮白护肤套装  抗光晒老化 美白 抗氧化去黄','+',50,16,'',256,0.000,1186.80,989.00,0.00,0,0,1,'','','<p><br/></p><p style=\"display:none;\" data-background=\"background-repeat:no-repeat; background-position:center center; background-color:#FFFFFF;\"><br/></p>','images/taobao/c268b618e2e9e62470436763ce01bf19.jpg','images/taobao/c268b618e2e9e62470436763ce01bf19.jpg','',1,'',0,1,0,10,1404886477,100,0,1,0,0,0,0,1405906078,2,'',-1,-1,0,0,0,'',0,0),(61,58,'ECS000061','68ecshop测试商品','+',101,16,'',93,0.000,12.00,10.00,0.00,0,0,1,'','','','','','',1,'',0,1,0,0,1405906390,100,0,0,0,0,0,0,1406184682,2,'',-1,-1,0,0,0,'',0,0),(62,13,'ECS000062','dfdfsdf11111','+',4,10,'',1,0.000,120.00,100.00,0.00,0,0,1,'','','','','','',1,'',1,1,0,1,1406095298,100,0,0,0,0,0,0,1406095812,1,'',-1,-1,0,0,0,'',NULL,0),(63,2,'ECS000063','商品一','+',0,0,'',1,0.000,0.00,0.00,0.00,0,0,1,'','','','','','',1,'',1,1,0,0,1406873508,100,0,0,0,0,0,0,1406873632,0,'',-1,-1,0,1,1,'',NULL,0),(64,0,'ECS000064','商品三','+',0,0,'',1,0.000,0.00,0.00,0.00,0,0,1,'','','','','','',1,'',1,1,0,0,1406873689,100,0,0,0,0,0,0,1406873700,0,'',-1,-1,0,1,1,'',NULL,0);
/*!40000 ALTER TABLE `ecs_goods` ENABLE KEYS */;
UNLOCK TABLES;

--
-- Table structure for table `ecs_goods_activity`
--

DROP TABLE IF EXISTS `ecs_goods_activity`;
/*!40101 SET @saved_cs_client     = @@character_set_client */;
/*!40101 SET character_set_client = utf8 */;
CREATE TABLE `ecs_goods_activity` (
  `act_id` mediumint(8) unsigned NOT NULL AUTO_INCREMENT,
  `act_name` varchar(255) NOT NULL,
  `act_desc` text NOT NULL,
  `act_type` tinyint(3) unsigned NOT NULL,
  `goods_id` mediumint(8) unsigned NOT NULL,
  `product_id` mediumint(8) unsigned NOT NULL DEFAULT '0',
  `goods_name` varchar(255) NOT NULL,
  `start_time` int(10) unsigned NOT NULL,
  `end_time` int(10) unsigned NOT NULL,
  `is_finished` tinyint(3) unsigned NOT NULL,
  `ext_info` text NOT NULL,
  PRIMARY KEY (`act_id`),
  KEY `act_name` (`act_name`,`act_type`,`goods_id`)
) ENGINE=MyISAM AUTO_INCREMENT=5 DEFAULT CHARSET=utf8;
/*!40101 SET character_set_client = @saved_cs_client */;

--
-- Dumping data for table `ecs_goods_activity`
--

LOCK TABLES `ecs_goods_activity` WRITE;
/*!40000 ALTER TABLE `ecs_goods_activity` DISABLE KEYS */;
INSERT INTO `ecs_goods_activity` VALUES (1,'asdf','adf',2,28,0,'ecshop模版中心测试商品(www.68ecshop.com)',1376928000,1439568000,0,'a:5:{s:7:\"deposit\";d:5;s:11:\"start_price\";d:10;s:9:\"end_price\";d:100;s:9:\"amplitude\";d:10;s:6:\"no_top\";i:0;}'),(2,'ecshop模版中心测试商品(www.68ecshop.com)','asdfasddfsadfasdf',1,24,0,'ecshop模版中心测试商品(www.68ecshop.com)',1377446400,1377878400,0,'a:4:{s:12:\"price_ladder\";a:1:{i:0;a:2:{s:6:\"amount\";i:10;s:5:\"price\";d:99;}}s:15:\"restrict_amount\";i:100;s:13:\"gift_integral\";i:10;s:7:\"deposit\";d:10;}'),(3,'asdf','asdfasdfsadf',4,0,0,'',1376875260,1632619260,0,'a:1:{s:13:\"package_price\";s:3:\"999\";}'),(4,'adsf','adsfasdf',0,24,0,'ecshop模版中心测试商品(www.68ecshop.com)',1376875440,1378085040,0,'a:4:{s:11:\"start_price\";s:4:\"1.00\";s:9:\"end_price\";s:6:\"800.00\";s:9:\"max_price\";i:0;s:11:\"cost_points\";s:1:\"1\";}');
/*!40000 ALTER TABLE `ecs_goods_activity` ENABLE KEYS */;
UNLOCK TABLES;

--
-- Table structure for table `ecs_goods_article`
--

DROP TABLE IF EXISTS `ecs_goods_article`;
/*!40101 SET @saved_cs_client     = @@character_set_client */;
/*!40101 SET character_set_client = utf8 */;
CREATE TABLE `ecs_goods_article` (
  `goods_id` mediumint(8) unsigned NOT NULL DEFAULT '0',
  `article_id` mediumint(8) unsigned NOT NULL DEFAULT '0',
  `admin_id` tinyint(3) unsigned NOT NULL DEFAULT '0',
  PRIMARY KEY (`goods_id`,`article_id`,`admin_id`)
) ENGINE=MyISAM DEFAULT CHARSET=utf8;
/*!40101 SET character_set_client = @saved_cs_client */;

--
-- Dumping data for table `ecs_goods_article`
--

LOCK TABLES `ecs_goods_article` WRITE;
/*!40000 ALTER TABLE `ecs_goods_article` DISABLE KEYS */;
/*!40000 ALTER TABLE `ecs_goods_article` ENABLE KEYS */;
UNLOCK TABLES;

--
-- Table structure for table `ecs_goods_attr`
--

DROP TABLE IF EXISTS `ecs_goods_attr`;
/*!40101 SET @saved_cs_client     = @@character_set_client */;
/*!40101 SET character_set_client = utf8 */;
CREATE TABLE `ecs_goods_attr` (
  `goods_attr_id` int(10) unsigned NOT NULL AUTO_INCREMENT,
  `goods_id` mediumint(8) unsigned NOT NULL DEFAULT '0',
  `attr_id` smallint(5) unsigned NOT NULL DEFAULT '0',
  `attr_value` text NOT NULL,
  `attr_price` varchar(255) NOT NULL DEFAULT '',
  PRIMARY KEY (`goods_attr_id`),
  KEY `goods_id` (`goods_id`),
  KEY `attr_id` (`attr_id`)
) ENGINE=MyISAM AUTO_INCREMENT=165 DEFAULT CHARSET=utf8;
/*!40101 SET character_set_client = @saved_cs_client */;

--
-- Dumping data for table `ecs_goods_attr`
--

LOCK TABLES `ecs_goods_attr` WRITE;
/*!40000 ALTER TABLE `ecs_goods_attr` DISABLE KEYS */;
INSERT INTO `ecs_goods_attr` VALUES (1,1,1,'黑色',''),(2,1,1,'白色',''),(3,1,1,'蓝色',''),(4,1,2,'WIN7',''),(5,1,2,'WIN8',''),(6,1,2,'WINXP',''),(7,33,3,'红色','10'),(8,33,3,'蓝色','20'),(9,33,4,'M',''),(10,33,4,'X',''),(11,33,4,'XL',''),(12,32,3,'红色',''),(13,32,3,'米色',''),(14,32,4,'M',''),(15,32,4,'X',''),(16,32,4,'XXL',''),(17,31,3,'红色',''),(18,31,3,'黑色',''),(19,31,4,'M',''),(20,31,4,'X',''),(21,31,4,'XXL',''),(22,30,3,'蓝色',''),(23,30,3,'灰色',''),(24,30,4,'M',''),(25,30,4,'X',''),(26,30,4,'XL',''),(27,29,3,'红色',''),(28,29,3,'灰色',''),(29,29,4,'M',''),(30,29,4,'XL',''),(31,29,4,'XXL',''),(32,28,3,'蓝色',''),(33,28,3,'黑色',''),(34,28,4,'M',''),(35,28,4,'X',''),(36,28,4,'XL',''),(37,27,3,'红色',''),(38,27,3,'灰色',''),(39,27,4,'X',''),(40,27,4,'XXL',''),(41,26,3,'红色',''),(42,26,3,'白色',''),(43,26,4,'X',''),(44,26,4,'XXL',''),(45,25,3,'红色',''),(46,25,3,'黑色',''),(47,25,4,'M',''),(48,25,4,'X',''),(49,25,4,'XXL',''),(50,23,3,'红色',''),(51,23,3,'白色',''),(52,22,3,'红色',''),(53,22,3,'蓝色',''),(54,22,3,'灰色',''),(55,22,3,'青色',''),(56,16,1,'黑色',''),(57,16,2,'60G',''),(58,16,2,'320G',''),(59,15,1,'黑色',''),(60,15,1,'白色',''),(61,15,1,'灰色',''),(62,14,1,'黑色',''),(63,14,1,'灰色',''),(64,14,1,'黄色',''),(65,13,1,'黑色',''),(66,13,1,'蓝色',''),(67,12,1,'黑色',''),(68,12,1,'灰色',''),(69,11,1,'黑色',''),(70,11,1,'灰色',''),(71,10,1,'黑色',''),(72,10,1,'蓝色',''),(73,9,1,'黑色',''),(74,9,1,'蓝色',''),(75,8,1,'黑色',''),(76,8,1,'灰色',''),(77,8,2,'60G',''),(78,8,2,'120G',''),(79,8,2,'单核',''),(80,8,2,'双核',''),(81,7,1,'黑色',''),(82,7,1,'白色',''),(83,7,1,'蓝色',''),(84,7,2,'60G',''),(85,7,2,'120G',''),(86,7,2,'320G',''),(87,7,2,'单核',''),(88,6,1,'黑色',''),(89,6,1,'灰色',''),(90,6,2,'60G',''),(91,6,2,'120G',''),(92,6,2,'单核',''),(93,6,2,'双核',''),(94,6,2,'WIN7',''),(95,5,1,'黑色',''),(96,5,1,'灰色',''),(97,5,1,'黄色',''),(98,5,2,'60G',''),(99,5,2,'120G',''),(100,5,2,'320G',''),(101,5,2,'单核',''),(102,4,1,'黑色',''),(103,4,1,'灰色',''),(104,4,2,'60G',''),(105,4,2,'120G',''),(106,11,2,'60G',''),(107,11,2,'120G',''),(116,10,2,'WINXP',''),(115,10,2,'WIN8',''),(117,36,5,'1204x1204','0'),(118,36,6,'安卓','0'),(119,36,7,'72小时','0'),(120,36,1,'白色',''),(121,36,2,'60G',''),(122,37,5,'1204x1204','0'),(123,37,6,'安卓','0'),(124,37,7,'72小时','0'),(125,37,1,'黑色',''),(126,37,2,'60G',''),(127,38,5,'960x960','0'),(132,38,6,'安卓','0'),(129,38,7,'72小时','0'),(130,38,1,'白色',''),(131,38,2,'120G',''),(133,35,3,'白色',''),(134,35,3,'红色',''),(135,2,1,'黑色',''),(136,2,1,'白色',''),(137,18,3,'红色',''),(138,18,3,'白色',''),(139,20,3,'蓝色',''),(140,20,3,'黑色',''),(141,20,4,'X',''),(142,40,5,'1204x1204','0'),(143,40,6,'安卓','0'),(144,40,7,'72小时','0'),(145,40,1,'黑色',''),(146,40,1,'灰色',''),(147,56,3,'红色',''),(148,56,3,'蓝色',''),(149,54,3,'红色',''),(150,54,3,'白色',''),(151,54,4,'XL',''),(152,54,4,'M',''),(153,53,3,'红色',''),(154,53,3,'白色',''),(155,53,4,'M',''),(156,53,4,'X',''),(157,60,3,'红色',''),(158,60,3,'白色',''),(159,60,3,'蓝色',''),(160,61,3,'红色','1'),(161,61,3,'蓝色','2'),(162,61,3,'白色',''),(163,62,1,'黑色',''),(164,62,1,'白色','');
/*!40000 ALTER TABLE `ecs_goods_attr` ENABLE KEYS */;
UNLOCK TABLES;

--
-- Table structure for table `ecs_goods_cat`
--

DROP TABLE IF EXISTS `ecs_goods_cat`;
/*!40101 SET @saved_cs_client     = @@character_set_client */;
/*!40101 SET character_set_client = utf8 */;
CREATE TABLE `ecs_goods_cat` (
  `goods_id` mediumint(8) unsigned NOT NULL DEFAULT '0',
  `cat_id` smallint(5) unsigned NOT NULL DEFAULT '0',
  PRIMARY KEY (`goods_id`,`cat_id`)
) ENGINE=MyISAM DEFAULT CHARSET=utf8;
/*!40101 SET character_set_client = @saved_cs_client */;

--
-- Dumping data for table `ecs_goods_cat`
--

LOCK TABLES `ecs_goods_cat` WRITE;
/*!40000 ALTER TABLE `ecs_goods_cat` DISABLE KEYS */;
INSERT INTO `ecs_goods_cat` VALUES (3,136),(3,151),(3,254),(3,296),(6,130),(7,90),(8,80),(9,80),(27,202),(27,291),(27,294),(28,171),(28,291),(28,294),(29,171),(29,291),(29,294),(30,171),(30,291),(30,294),(31,171),(31,288),(31,294),(32,200),(32,291),(32,294),(33,171),(33,291),(33,298),(34,110),(35,210),(35,259),(35,300),(36,247),(36,294),(37,169),(37,233),(37,250),(39,109),(40,133);
/*!40000 ALTER TABLE `ecs_goods_cat` ENABLE KEYS */;
UNLOCK TABLES;

--
-- Table structure for table `ecs_goods_gallery`
--

DROP TABLE IF EXISTS `ecs_goods_gallery`;
/*!40101 SET @saved_cs_client     = @@character_set_client */;
/*!40101 SET character_set_client = utf8 */;
CREATE TABLE `ecs_goods_gallery` (
  `img_id` mediumint(8) unsigned NOT NULL AUTO_INCREMENT,
  `goods_id` mediumint(8) unsigned NOT NULL DEFAULT '0',
  `img_url` varchar(255) NOT NULL DEFAULT '',
  `img_desc` varchar(255) NOT NULL DEFAULT '',
  `thumb_url` varchar(255) NOT NULL DEFAULT '',
  `img_original` varchar(255) NOT NULL DEFAULT '',
  `goods_attr_id` int(10) unsigned NOT NULL DEFAULT '0',
  `is_attr_image` tinyint(1) unsigned NOT NULL DEFAULT '0',
  PRIMARY KEY (`img_id`),
  KEY `goods_id` (`goods_id`,`goods_attr_id`)
) ENGINE=MyISAM AUTO_INCREMENT=223 DEFAULT CHARSET=utf8;
/*!40101 SET character_set_client = @saved_cs_client */;

--
-- Dumping data for table `ecs_goods_gallery`
--

LOCK TABLES `ecs_goods_gallery` WRITE;
/*!40000 ALTER TABLE `ecs_goods_gallery` DISABLE KEYS */;
INSERT INTO `ecs_goods_gallery` VALUES (162,13,'images/taobao/7d5ecbf6f5fe836eebb4cf5e73685572.jpg','','images/taobao/7d5ecbf6f5fe836eebb4cf5e73685572.jpg','',0,0),(177,34,'images/taobao/5a2ee184222e8cfec649771971ec2659.jpg','','images/taobao/5a2ee184222e8cfec649771971ec2659.jpg','',0,0),(18,3,'images/201203/goods_img/3_P_1331962017434.jpg','','images/201203/thumb_img/3_thumb_P_1331962017295.jpg','images/201203/source_img/3_P_1331962017241.jpg',0,0),(199,56,'images/taobao/23bc095c262e9cfdac67ee07e9987a29.jpg','','images/taobao/23bc095c262e9cfdac67ee07e9987a29.jpg','',0,0),(5,5,'images/201203/goods_img/5_P_1331565609288.jpg','','images/201203/thumb_img/5_thumb_P_1331565609092.jpg','images/201203/source_img/5_P_1331565609145.jpg',0,0),(180,7,'images/taobao/7c2d87ab7f8f70833555ddd721d2ed81.jpg','','images/taobao/7c2d87ab7f8f70833555ddd721d2ed81.jpg','',0,0),(181,8,'images/taobao/2801440be4c0ab02a54cd794fec97ae4.jpg','','images/taobao/2801440be4c0ab02a54cd794fec97ae4.jpg','',0,0),(183,18,'images/taobao/3d6cb12465873abffeae338729532e55.jpg','','images/taobao/3d6cb12465873abffeae338729532e55.jpg','',0,0),(9,9,'images/201203/goods_img/9_P_1331566046582.jpg','','images/201203/thumb_img/9_thumb_P_1331566046987.jpg','images/201203/source_img/9_P_1331566046944.jpg',0,0),(11,11,'images/201203/goods_img/11_P_1331960446561.jpg','','images/201203/thumb_img/11_thumb_P_1331960446755.jpg','images/201203/source_img/11_P_1331960446398.jpg',0,0),(12,12,'images/201203/goods_img/12_P_1331960493518.jpg','','images/201203/thumb_img/12_thumb_P_1331960494140.jpg','images/201203/source_img/12_P_1331960493058.jpg',0,0),(57,16,'images/201301/goods_img/16_P_1358487997455.jpg','','images/201301/thumb_img/16_thumb_P_1358487997870.jpg','images/201301/source_img/16_P_1358487996425.jpg',0,0),(171,35,'images/taobao/ac0f72f52853a019c26245b96bd54a89.jpg','','images/taobao/ac0f72f52853a019c26245b96bd54a89.jpg','',0,0),(172,35,'images/taobao/c82693d2f93a7fffaf80251b5b72f9a9.jpg','','images/taobao/c82693d2f93a7fffaf80251b5b72f9a9.jpg','',0,0),(169,14,'images/taobao/ac0f72f52853a019c26245b96bd54a89.jpg','','images/taobao/ac0f72f52853a019c26245b96bd54a89.jpg','',0,0),(170,14,'images/taobao/c82693d2f93a7fffaf80251b5b72f9a9.jpg','','images/taobao/c82693d2f93a7fffaf80251b5b72f9a9.jpg','',0,0),(16,16,'images/201203/goods_img/16_P_1331960657019.jpg','','images/201203/thumb_img/16_thumb_P_1331960657484.jpg','images/201203/source_img/16_P_1331960657002.jpg',0,0),(17,17,'images/201203/goods_img/17_P_1331960702956.jpg','','images/201203/thumb_img/17_thumb_P_1331960702789.jpg','images/201203/source_img/17_P_1331960702493.jpg',0,0),(189,23,'images/taobao/cd0b0be473f587da37c4e5eca499fd32.jpg','','images/taobao/cd0b0be473f587da37c4e5eca499fd32.jpg','',0,0),(190,23,'images/taobao/78c86d40d3a258f9fe930678453d91c5.jpg','','images/taobao/78c86d40d3a258f9fe930678453d91c5.jpg','',0,0),(195,40,'images/taobao/23bc095c262e9cfdac67ee07e9987a29.jpg','','images/taobao/23bc095c262e9cfdac67ee07e9987a29.jpg','',0,0),(196,40,'images/taobao/01d0780fd339fb95101eaa019f2b243a.jpg','','images/taobao/01d0780fd339fb95101eaa019f2b243a.jpg','',0,0),(72,24,'images/201304/goods_img/24_P_1365745047648.jpg','','images/201304/thumb_img/24_thumb_P_1365745047895.jpg','images/201304/source_img/24_P_1365745047712.jpg',0,0),(187,20,'images/taobao/9c50430df96c0047fe635787787550e6.jpg','','images/taobao/9c50430df96c0047fe635787787550e6.jpg','',0,0),(188,20,'images/taobao/cb623021e4a61af5635e5d44e8d6f9a5.jpg','','images/taobao/cb623021e4a61af5635e5d44e8d6f9a5.jpg','',0,0),(27,26,'images/201203/goods_img/26_P_1331966058891.jpg','','images/201203/thumb_img/26_thumb_P_1331966058954.jpg','images/201203/source_img/26_P_1331966058573.jpg',0,0),(28,27,'images/201203/goods_img/27_P_1331966164900.jpg','','images/201203/thumb_img/27_thumb_P_1331966164061.jpg','images/201203/source_img/27_P_1331966164672.jpg',0,0),(29,28,'images/201203/goods_img/28_P_1331966252247.jpg','','images/201203/thumb_img/28_thumb_P_1331966252863.jpg','images/201203/source_img/28_P_1331966252791.jpg',0,0),(30,29,'images/201203/goods_img/29_P_1331966357059.jpg','','images/201203/thumb_img/29_thumb_P_1331966357687.jpg','images/201203/source_img/29_P_1331966357790.jpg',0,0),(31,30,'images/201203/goods_img/30_P_1331966483394.jpg','','images/201203/thumb_img/30_thumb_P_1331966483848.jpg','images/201203/source_img/30_P_1331966483618.jpg',0,0),(71,31,'images/201304/goods_img/31_P_1365736897762.jpg','','images/201304/thumb_img/31_thumb_P_1365736897575.jpg','images/201304/source_img/31_P_1365736897152.jpg',0,0),(33,32,'images/201203/goods_img/32_P_1331966698663.jpg','','images/201203/thumb_img/32_thumb_P_1331966698338.jpg','images/201203/source_img/32_P_1331966698755.jpg',0,0),(34,33,'images/201203/goods_img/33_P_1331966807993.jpg','','images/201203/thumb_img/33_thumb_P_1331966807179.jpg','images/201203/source_img/33_P_1331966807110.jpg',0,0),(35,21,'images/201203/goods_img/21_P_1331967131279.jpg','','images/201203/thumb_img/21_thumb_P_1331967131917.jpg','images/201203/source_img/21_P_1331967131263.jpg',0,0),(36,33,'images/201301/goods_img/33_P_1358297975159.jpg','','images/201301/thumb_img/33_thumb_P_1358297975128.jpg','images/201301/source_img/33_P_1358297975859.jpg',0,0),(37,33,'images/201301/goods_img/33_P_1358297975746.jpg','','images/201301/thumb_img/33_thumb_P_1358297975980.jpg','images/201301/source_img/33_P_1358297975697.jpg',0,0),(38,33,'images/201301/goods_img/33_P_1358297975627.jpg','','images/201301/thumb_img/33_thumb_P_1358297975018.jpg','images/201301/source_img/33_P_1358297975186.jpg',0,0),(39,33,'images/201301/goods_img/33_P_1358297975285.jpg','','images/201301/thumb_img/33_thumb_P_1358297975458.jpg','images/201301/source_img/33_P_1358297975084.jpg',0,0),(40,33,'images/201301/goods_img/33_P_1358297976197.jpg','','images/201301/thumb_img/33_thumb_P_1358297976394.jpg','images/201301/source_img/33_P_1358297976615.jpg',0,0),(179,7,'images/taobao/1051ca66782bd9c800e7e20bfd73787f.jpg','','images/taobao/1051ca66782bd9c800e7e20bfd73787f.jpg','',0,0),(178,34,'images/taobao/4ba30b0ae0b83b8af7bf081ab5f38e8c.jpg','','images/taobao/4ba30b0ae0b83b8af7bf081ab5f38e8c.jpg','',0,0),(176,2,'images/taobao/6ee3110721b707d6cf5490e7d1aa1b3c.jpg','','images/taobao/6ee3110721b707d6cf5490e7d1aa1b3c.jpg','',0,0),(175,2,'images/taobao/85f9254d2ccaae652af1c15c4ea04053.jpg','','images/taobao/85f9254d2ccaae652af1c15c4ea04053.jpg','',0,0),(163,13,'images/taobao/e352733c03f13a7074b50d36dc378b44.jpg','','images/taobao/e352733c03f13a7074b50d36dc378b44.jpg','',0,0),(164,13,'images/taobao/f1a1a1faee8d7ac1211131baa75d83e1.jpg','','images/taobao/f1a1a1faee8d7ac1211131baa75d83e1.jpg','',0,0),(165,13,'images/taobao/8a5da89b627d277214c318a206329d55.jpg','','images/taobao/8a5da89b627d277214c318a206329d55.jpg','',0,0),(56,13,'images/201301/goods_img/13_P_1358486812566.jpg','','images/201301/thumb_img/13_thumb_P_1358486812115.jpg','images/201301/source_img/13_P_1358486812625.jpg',0,0),(49,17,'images/201301/goods_img/17_P_1358480114074.jpg','','images/201301/thumb_img/17_thumb_P_1358480114493.jpg','images/201301/source_img/17_P_1358480114111.jpg',0,0),(191,19,'images/taobao/181a85b8e63e9b1c46616418ab2a1979.jpg','','images/taobao/181a85b8e63e9b1c46616418ab2a1979.jpg','',0,0),(192,19,'images/taobao/de4d90452f4fcf134de14a10cb8731e0.jpg','','images/taobao/de4d90452f4fcf134de14a10cb8731e0.jpg','',0,0),(58,11,'images/201301/goods_img/11_P_1358488028946.jpg','','images/201301/thumb_img/11_thumb_P_1358488028772.jpg','images/201301/source_img/11_P_1358488028352.jpg',0,0),(59,33,'images/201301/goods_img/33_P_1358488123704.jpg','','images/201301/thumb_img/33_thumb_P_1358488123344.jpg','images/201301/source_img/33_P_1358488123006.jpg',0,0),(60,27,'images/201301/goods_img/27_P_1358488189592.jpg','','images/201301/thumb_img/27_thumb_P_1358488189632.jpg','images/201301/source_img/27_P_1358488189693.jpg',0,0),(61,29,'images/201301/goods_img/29_P_1358488234813.jpg','','images/201301/thumb_img/29_thumb_P_1358488234205.jpg','images/201301/source_img/29_P_1358488234617.jpg',0,0),(62,28,'images/201301/goods_img/28_P_1358488286836.jpg','','images/201301/thumb_img/28_thumb_P_1358488286453.jpg','images/201301/source_img/28_P_1358488286876.jpg',0,0),(63,30,'images/201301/goods_img/30_P_1358488333261.jpg','','images/201301/thumb_img/30_thumb_P_1358488333778.jpg','images/201301/source_img/30_P_1358488333952.jpg',0,0),(78,33,'images/201304/goods_img/33_P_1366442305632.jpg','','images/201304/thumb_img/33_thumb_P_1366442305755.jpg','images/201304/source_img/33_P_1366442305532.jpg',0,0),(65,32,'images/201301/goods_img/32_P_1358488386707.jpg','','images/201301/thumb_img/32_thumb_P_1358488386994.jpg','images/201301/source_img/32_P_1358488386660.jpg',0,0),(185,25,'images/taobao/11fe4f1c0af9c16bea4106145bf09133.jpg','','images/taobao/11fe4f1c0af9c16bea4106145bf09133.jpg','',0,0),(186,25,'images/taobao/9de44d1abffd4197b1aa6d04005f5f2f.jpg','','images/taobao/9de44d1abffd4197b1aa6d04005f5f2f.jpg','',0,0),(193,22,'images/taobao/23bc095c262e9cfdac67ee07e9987a29.jpg','','images/taobao/23bc095c262e9cfdac67ee07e9987a29.jpg','',0,0),(194,22,'images/taobao/01d0780fd339fb95101eaa019f2b243a.jpg','','images/taobao/01d0780fd339fb95101eaa019f2b243a.jpg','',0,0),(70,21,'images/201301/goods_img/21_P_1358488602920.jpg','','images/201301/thumb_img/21_thumb_P_1358488602643.jpg','images/201301/source_img/21_P_1358488602554.jpg',0,0),(77,33,'images/201304/goods_img/33_P_1366442305068.jpg','','images/201304/thumb_img/33_thumb_P_1366442305288.jpg','images/201304/source_img/33_P_1366442305850.jpg',0,0),(76,33,'images/201304/goods_img/33_P_1366442305087.jpg','','images/201304/thumb_img/33_thumb_P_1366442305176.jpg','images/201304/source_img/33_P_1366442305245.jpg',0,0),(79,34,'images/201308/goods_img/34_P_1377501204415.jpg','','images/201308/thumb_img/34_thumb_P_1377501204692.jpg','images/201308/source_img/34_P_1377501204353.jpg',0,0),(80,35,'images/201308/goods_img/35_P_1377501280051.jpg','','images/201308/thumb_img/35_thumb_P_1377501280249.jpg','images/201308/source_img/35_P_1377501280548.jpg',0,0),(81,36,'images/201308/goods_img/36_P_1377501387282.jpg','','images/201308/thumb_img/36_thumb_P_1377501387081.jpg','images/201308/source_img/36_P_1377501387889.jpg',0,0),(82,37,'images/201308/goods_img/37_P_1377501609509.jpg','','images/201308/thumb_img/37_thumb_P_1377501609420.jpg','images/201308/source_img/37_P_1377501609998.jpg',0,0),(83,38,'images/201308/goods_img/38_P_1377501856162.jpg','','images/201308/thumb_img/38_thumb_P_1377501856243.jpg','images/201308/source_img/38_P_1377501856311.jpg',0,0),(115,39,'images/201406/goods_img/39_P_1401939347228.jpg','','images/201406/thumb_img/39_thumb_P_1401939347420.jpg','images/201406/source_img/39_P_1401939347895.jpg',0,0),(206,54,'images/taobao/147ef664f1054ff8065a29b2aea12aa0.jpg','','images/taobao/147ef664f1054ff8065a29b2aea12aa0.jpg','',0,0),(207,54,'images/taobao/49995686d33d30955742e7ac89dff186.jpg','','images/taobao/49995686d33d30955742e7ac89dff186.jpg','',0,0),(215,53,'images/taobao/75b9ef886450540ca6eaee68ec4b7e26.jpg','','images/taobao/75b9ef886450540ca6eaee68ec4b7e26.jpg','',0,0),(212,53,'images/taobao/97e8636d7766adc18ae6aed4dd6212fe.jpg','','images/taobao/97e8636d7766adc18ae6aed4dd6212fe.jpg','',0,0),(210,53,'images/taobao/cfbf52837e6f98cf2f48ae30126119ab.jpg','','images/taobao/cfbf52837e6f98cf2f48ae30126119ab.jpg','',0,0),(211,53,'images/taobao/9ee8c4771e853a51ca45d5cdf0d66368.jpg','','images/taobao/9ee8c4771e853a51ca45d5cdf0d66368.jpg','',0,0),(205,54,'images/taobao/97e8636d7766adc18ae6aed4dd6212fe.jpg','','images/taobao/97e8636d7766adc18ae6aed4dd6212fe.jpg','',0,0),(204,54,'images/taobao/9ee8c4771e853a51ca45d5cdf0d66368.jpg','','images/taobao/9ee8c4771e853a51ca45d5cdf0d66368.jpg','',0,0),(203,54,'images/taobao/cfbf52837e6f98cf2f48ae30126119ab.jpg','','images/taobao/cfbf52837e6f98cf2f48ae30126119ab.jpg','',0,0),(202,55,'images/taobao/9ee8c4771e853a51ca45d5cdf0d66368.jpg','','images/taobao/9ee8c4771e853a51ca45d5cdf0d66368.jpg','',0,0),(201,55,'images/taobao/cfbf52837e6f98cf2f48ae30126119ab.jpg','','images/taobao/cfbf52837e6f98cf2f48ae30126119ab.jpg','',0,0),(200,56,'images/taobao/01d0780fd339fb95101eaa019f2b243a.jpg','','images/taobao/01d0780fd339fb95101eaa019f2b243a.jpg','',0,0),(197,4,'images/taobao/23bc095c262e9cfdac67ee07e9987a29.jpg','','images/taobao/23bc095c262e9cfdac67ee07e9987a29.jpg','',0,0),(198,4,'images/taobao/01d0780fd339fb95101eaa019f2b243a.jpg','','images/taobao/01d0780fd339fb95101eaa019f2b243a.jpg','',0,0),(101,44,'images/201405/goods_img/44_P_1401417415852.jpg','','images/201405/thumb_img/44_thumb_P_1401417415395.jpg','images/201405/source_img/44_P_1401417415310.jpg',0,0),(102,44,'images/201405/goods_img/44_P_1401417415259.jpg','','images/201405/thumb_img/44_thumb_P_1401417415591.jpg','images/201405/source_img/44_P_1401417415498.jpg',0,0),(103,45,'images/201406/goods_img/45_P_1401779858458.jpg','','images/201406/thumb_img/45_thumb_P_1401779858128.jpg','images/201406/source_img/45_P_1401779858196.jpg',0,0),(104,44,'images/201406/goods_img/44_P_1401779877800.jpg','','images/201406/thumb_img/44_thumb_P_1401779877263.jpg','images/201406/source_img/44_P_1401779877445.jpg',0,0),(105,43,'images/201406/goods_img/43_P_1401779895290.jpg','','images/201406/thumb_img/43_thumb_P_1401779895135.jpg','images/201406/source_img/43_P_1401779895840.jpg',0,0),(106,42,'images/201406/goods_img/42_P_1401779909880.jpg','','images/201406/thumb_img/42_thumb_P_1401779909982.jpg','images/201406/source_img/42_P_1401779909936.jpg',0,0),(107,41,'images/201406/goods_img/41_P_1401779917504.jpg','','images/201406/thumb_img/41_thumb_P_1401779917980.jpg','images/201406/source_img/41_P_1401779917198.jpg',0,0),(108,46,'images/201406/goods_img/46_P_1401779954560.jpg','','images/201406/thumb_img/46_thumb_P_1401779954624.jpg','images/201406/source_img/46_P_1401779954901.jpg',0,0),(109,47,'images/201406/goods_img/47_P_1401779967888.jpg','','images/201406/thumb_img/47_thumb_P_1401779967714.jpg','images/201406/source_img/47_P_1401779967669.jpg',0,0),(110,48,'images/201406/goods_img/48_P_1401779989210.jpg','','images/201406/thumb_img/48_thumb_P_1401779989576.jpg','images/201406/source_img/48_P_1401779989329.jpg',0,0),(111,49,'images/201406/goods_img/49_P_1401780080350.jpg','','images/201406/thumb_img/49_thumb_P_1401780080354.jpg','images/201406/source_img/49_P_1401780080155.jpg',0,0),(112,50,'images/201406/goods_img/50_P_1401780164040.jpg','','images/201406/thumb_img/50_thumb_P_1401780164576.jpg','images/201406/source_img/50_P_1401780164331.jpg',0,0),(114,39,'images/201406/goods_img/39_P_1401939308897.jpg','','images/201406/thumb_img/39_thumb_P_1401939308938.jpg','images/201406/source_img/39_P_1401939308011.jpg',0,0),(116,51,'images/201406/goods_img/51_P_1401948343252.jpg','','images/201406/thumb_img/51_thumb_P_1401948343062.jpg','images/201406/source_img/51_P_1401948343971.jpg',0,0),(117,52,'images/201406/goods_img/52_P_1401948374597.jpg','','images/201406/thumb_img/52_thumb_P_1401948374339.jpg','images/201406/source_img/52_P_1401948374836.jpg',0,0),(213,53,'images/taobao/beba4baaa9dc21eeb66f60f79182ee39.jpg','','images/taobao/beba4baaa9dc21eeb66f60f79182ee39.jpg','',0,0),(214,53,'images/taobao/77186e808ab6a8b58cf0cbe95ec66031.jpg','','images/taobao/77186e808ab6a8b58cf0cbe95ec66031.jpg','',0,0),(208,10,'images/taobao/cfbf52837e6f98cf2f48ae30126119ab.jpg','','images/taobao/cfbf52837e6f98cf2f48ae30126119ab.jpg','',0,0),(209,10,'images/taobao/9ee8c4771e853a51ca45d5cdf0d66368.jpg','','images/taobao/9ee8c4771e853a51ca45d5cdf0d66368.jpg','',0,0),(120,38,'images/201406/goods_img/38_P_1402622132731.jpg','','images/201406/thumb_img/38_thumb_P_1402622132174.jpg','images/201406/source_img/38_P_1402622132825.jpg',0,0),(121,33,'images/201406/goods_img/33_P_1402622148151.jpg','','images/201406/thumb_img/33_thumb_P_1402622148604.jpg','images/201406/source_img/33_P_1402622148745.jpg',0,0),(122,32,'images/201406/goods_img/32_P_1402622158527.jpg','','images/201406/thumb_img/32_thumb_P_1402622158741.jpg','images/201406/source_img/32_P_1402622158341.jpg',0,0),(123,31,'images/201406/goods_img/31_P_1402622167592.jpg','','images/201406/thumb_img/31_thumb_P_1402622167828.jpg','images/201406/source_img/31_P_1402622167699.jpg',0,0),(124,30,'images/201406/goods_img/30_P_1402622178416.jpg','','images/201406/thumb_img/30_thumb_P_1402622178382.jpg','images/201406/source_img/30_P_1402622178660.jpg',0,0),(125,28,'images/201406/goods_img/28_P_1402622190695.jpg','','images/201406/thumb_img/28_thumb_P_1402622190717.jpg','images/201406/source_img/28_P_1402622190251.jpg',0,0),(126,26,'images/201406/goods_img/26_P_1402622198948.jpg','','images/201406/thumb_img/26_thumb_P_1402622198558.jpg','images/201406/source_img/26_P_1402622198995.jpg',0,0),(127,27,'images/201406/goods_img/27_P_1402622208539.jpg','','images/201406/thumb_img/27_thumb_P_1402622208245.jpg','images/201406/source_img/27_P_1402622208146.jpg',0,0),(128,29,'images/201406/goods_img/29_P_1402622371415.jpg','','images/201406/thumb_img/29_thumb_P_1402622371811.jpg','images/201406/source_img/29_P_1402622371724.jpg',0,0),(129,37,'images/201406/goods_img/37_P_1402622406231.jpg','','images/201406/thumb_img/37_thumb_P_1402622406385.jpg','images/201406/source_img/37_P_1402622406421.jpg',0,0),(130,36,'images/201406/goods_img/36_P_1402622416830.jpg','','images/201406/thumb_img/36_thumb_P_1402622416376.jpg','images/201406/source_img/36_P_1402622416438.jpg',0,0),(131,3,'images/201406/goods_img/3_P_1402622429950.jpg','','images/201406/thumb_img/3_thumb_P_1402622429858.jpg','images/201406/source_img/3_P_1402622429004.jpg',0,0),(216,61,'images/201407/goods_img/61_P_1405906463818.jpg','','images/201407/thumb_img/61_thumb_P_1405906463562.jpg','images/201407/source_img/61_P_1405906463381.jpg',160,1),(217,61,'images/201407/goods_img/61_P_1405906468489.jpg','','images/201407/thumb_img/61_thumb_P_1405906468890.jpg','images/201407/source_img/61_P_1405906468042.jpg',160,0),(218,61,'images/201407/goods_img/61_P_1405906475599.jpg','','images/201407/thumb_img/61_thumb_P_1405906475772.jpg','images/201407/source_img/61_P_1405906475533.jpg',161,1),(219,61,'images/201407/goods_img/61_P_1405906486792.jpg','','images/201407/thumb_img/61_thumb_P_1405906486754.jpg','images/201407/source_img/61_P_1405906485880.jpg',161,0),(220,61,'images/201407/goods_img/61_P_1405906491203.jpg','','images/201407/thumb_img/61_thumb_P_1405906491520.jpg','images/201407/source_img/61_P_1405906491336.jpg',162,1),(145,59,'images/taobao/32c2392746f4352bf3d0247d4e6945ee.jpg','','images/taobao/32c2392746f4352bf3d0247d4e6945ee.jpg','',0,0),(146,59,'images/taobao/b660d48d75685ee88fc068a9982bdb41.jpg','','images/taobao/b660d48d75685ee88fc068a9982bdb41.jpg','',0,0),(147,59,'images/taobao/9e5b41de7a29978f3e1be41941811ae1.jpg','','images/taobao/9e5b41de7a29978f3e1be41941811ae1.jpg','',0,0),(148,59,'images/taobao/c1deae51780162b1e0412de927a3f49c.jpg','','images/taobao/c1deae51780162b1e0412de927a3f49c.jpg','',0,0),(149,59,'images/taobao/8df94a393ee4600ea0110ead421133cc.jpg','','images/taobao/8df94a393ee4600ea0110ead421133cc.jpg','',0,0),(150,58,'images/taobao/32c2392746f4352bf3d0247d4e6945ee.jpg','','images/taobao/32c2392746f4352bf3d0247d4e6945ee.jpg','',0,0),(151,58,'images/taobao/b660d48d75685ee88fc068a9982bdb41.jpg','','images/taobao/b660d48d75685ee88fc068a9982bdb41.jpg','',0,0),(152,58,'images/taobao/9e5b41de7a29978f3e1be41941811ae1.jpg','','images/taobao/9e5b41de7a29978f3e1be41941811ae1.jpg','',0,0),(153,57,'images/taobao/ab1057c1dad90bc1e5f5c53631ff9514.jpg','','images/taobao/ab1057c1dad90bc1e5f5c53631ff9514.jpg','',0,0),(154,57,'images/taobao/74125b2499ea9c4ffaa1655afcf24f47.jpg','','images/taobao/74125b2499ea9c4ffaa1655afcf24f47.jpg','',0,0),(155,57,'images/taobao/8b6f54a56abd0305d97a93cc80922e63.jpg','','images/taobao/8b6f54a56abd0305d97a93cc80922e63.jpg','',0,0),(156,57,'images/taobao/fbd6656615a892ceb684a3bdba89a52f.jpg','','images/taobao/fbd6656615a892ceb684a3bdba89a52f.jpg','',0,0),(157,57,'images/taobao/80679eaa0d9a35cfde826f24e29b7dc0.jpg','','images/taobao/80679eaa0d9a35cfde826f24e29b7dc0.jpg','',0,0),(158,1,'images/taobao/28a55954dfb78ad92fd8550ce1dabf2f.jpg','','images/taobao/28a55954dfb78ad92fd8550ce1dabf2f.jpg','',0,0),(159,1,'images/taobao/e829f3b87452721a3c915aad1a64d4f0.jpg','','images/taobao/e829f3b87452721a3c915aad1a64d4f0.jpg','',0,0),(160,1,'images/taobao/db1a233dfd9e7a6ac4f79b48b1e28b2c.jpg','','images/taobao/db1a233dfd9e7a6ac4f79b48b1e28b2c.jpg','',0,0),(161,1,'images/taobao/b9a6c73f72ca1bcc688322ad72eeb0de.jpg','','images/taobao/b9a6c73f72ca1bcc688322ad72eeb0de.jpg','',0,0),(166,13,'images/taobao/f447ec876c8a39e2955a0523bc61c2e5.jpg','','images/taobao/f447ec876c8a39e2955a0523bc61c2e5.jpg','',0,0),(167,15,'images/taobao/7d5ecbf6f5fe836eebb4cf5e73685572.jpg','','images/taobao/7d5ecbf6f5fe836eebb4cf5e73685572.jpg','',0,0),(168,15,'images/taobao/e352733c03f13a7074b50d36dc378b44.jpg','','images/taobao/e352733c03f13a7074b50d36dc378b44.jpg','',0,0),(173,6,'images/taobao/51abe8262f49cc36c90ecb0919a1ccbd.jpg','','images/taobao/51abe8262f49cc36c90ecb0919a1ccbd.jpg','',0,0),(174,6,'images/taobao/ac81c46ab0dc79f0bed6960b5d688fe5.jpg','','images/taobao/ac81c46ab0dc79f0bed6960b5d688fe5.jpg','',0,0),(182,8,'images/taobao/8f33c03153f07006281dced0c588f4b9.jpg','','images/taobao/8f33c03153f07006281dced0c588f4b9.jpg','',0,0),(184,18,'images/taobao/9012f5a817d1ae8f24a473d5c52d13db.jpg','','images/taobao/9012f5a817d1ae8f24a473d5c52d13db.jpg','',0,0),(221,61,'images/201407/goods_img/61_P_1405906494657.jpg','','images/201407/thumb_img/61_thumb_P_1405906494407.jpg','images/201407/source_img/61_P_1405906494958.jpg',162,0),(222,62,'images/201408/goods_img/62_P_1408321808009.jpg','','images/201408/thumb_img/62_thumb_P_1408321808399.jpg','images/201408/source_img/62_P_1408321808697.jpg',0,0);
/*!40000 ALTER TABLE `ecs_goods_gallery` ENABLE KEYS */;
UNLOCK TABLES;

--
-- Table structure for table `ecs_goods_tag`
--

DROP TABLE IF EXISTS `ecs_goods_tag`;
/*!40101 SET @saved_cs_client     = @@character_set_client */;
/*!40101 SET character_set_client = utf8 */;
CREATE TABLE `ecs_goods_tag` (
  `tag_id` mediumint(8) NOT NULL AUTO_INCREMENT,
  `goods_id` mediumint(8) NOT NULL DEFAULT '0',
  `tag_name` varchar(100) NOT NULL,
  `state` tinyint(1) NOT NULL DEFAULT '0',
  `is_user` tinyint(1) NOT NULL DEFAULT '0',
  PRIMARY KEY (`tag_id`)
) ENGINE=MyISAM AUTO_INCREMENT=11 DEFAULT CHARSET=utf8;
/*!40101 SET character_set_client = @saved_cs_client */;

--
-- Dumping data for table `ecs_goods_tag`
--

LOCK TABLES `ecs_goods_tag` WRITE;
/*!40000 ALTER TABLE `ecs_goods_tag` DISABLE KEYS */;
INSERT INTO `ecs_goods_tag` VALUES (1,54,'保湿',1,0),(2,54,'美白效果好',1,0),(3,54,'不油腻',1,0),(4,54,'非常清透',1,1),(5,39,'非常保湿',1,1),(6,59,'美白效果好',1,0),(7,59,'保湿',1,0),(8,53,'美白效果好',1,0),(9,53,'保湿持久',1,0),(10,50,'测试',0,1);
/*!40000 ALTER TABLE `ecs_goods_tag` ENABLE KEYS */;
UNLOCK TABLES;

--
-- Table structure for table `ecs_goods_type`
--

DROP TABLE IF EXISTS `ecs_goods_type`;
/*!40101 SET @saved_cs_client     = @@character_set_client */;
/*!40101 SET character_set_client = utf8 */;
CREATE TABLE `ecs_goods_type` (
  `cat_id` smallint(5) unsigned NOT NULL AUTO_INCREMENT,
  `cat_name` varchar(60) NOT NULL DEFAULT '',
  `enabled` tinyint(1) unsigned NOT NULL DEFAULT '1',
  `attr_group` varchar(255) NOT NULL,
  PRIMARY KEY (`cat_id`)
) ENGINE=MyISAM AUTO_INCREMENT=3 DEFAULT CHARSET=utf8;
/*!40101 SET character_set_client = @saved_cs_client */;

--
-- Dumping data for table `ecs_goods_type`
--

LOCK TABLES `ecs_goods_type` WRITE;
/*!40000 ALTER TABLE `ecs_goods_type` DISABLE KEYS */;
INSERT INTO `ecs_goods_type` VALUES (1,'电脑数码',1,''),(2,'服装',1,'');
/*!40000 ALTER TABLE `ecs_goods_type` ENABLE KEYS */;
UNLOCK TABLES;

--
-- Table structure for table `ecs_group_goods`
--

DROP TABLE IF EXISTS `ecs_group_goods`;
/*!40101 SET @saved_cs_client     = @@character_set_client */;
/*!40101 SET character_set_client = utf8 */;
CREATE TABLE `ecs_group_goods` (
  `parent_id` mediumint(8) unsigned NOT NULL DEFAULT '0',
  `goods_id` mediumint(8) unsigned NOT NULL DEFAULT '0',
  `goods_price` decimal(10,2) unsigned NOT NULL DEFAULT '0.00',
  `admin_id` tinyint(3) unsigned NOT NULL DEFAULT '0',
  PRIMARY KEY (`parent_id`,`goods_id`,`admin_id`)
) ENGINE=MyISAM DEFAULT CHARSET=utf8;
/*!40101 SET character_set_client = @saved_cs_client */;

--
-- Dumping data for table `ecs_group_goods`
--

LOCK TABLES `ecs_group_goods` WRITE;
/*!40000 ALTER TABLE `ecs_group_goods` DISABLE KEYS */;
/*!40000 ALTER TABLE `ecs_group_goods` ENABLE KEYS */;
UNLOCK TABLES;

--
-- Table structure for table `ecs_keyword`
--

DROP TABLE IF EXISTS `ecs_keyword`;
/*!40101 SET @saved_cs_client     = @@character_set_client */;
/*!40101 SET character_set_client = utf8 */;
CREATE TABLE `ecs_keyword` (
  `w_id` bigint(20) unsigned NOT NULL AUTO_INCREMENT,
  `searchengine` varchar(20) NOT NULL DEFAULT '',
  `word` varchar(255) NOT NULL DEFAULT '',
  `keyword` varchar(255) NOT NULL DEFAULT '',
  `letter` varchar(255) NOT NULL DEFAULT '',
  `items` int(10) unsigned NOT NULL DEFAULT '0',
  `updatetime` int(10) unsigned NOT NULL DEFAULT '0',
  `total_search` int(10) unsigned NOT NULL DEFAULT '0',
  `month_search` int(10) unsigned NOT NULL DEFAULT '0',
  `week_search` int(10) unsigned NOT NULL DEFAULT '0',
  `today_search` int(10) unsigned NOT NULL DEFAULT '0',
  `status` tinyint(1) unsigned NOT NULL DEFAULT '0',
  `keyword_cat` varchar(255) NOT NULL,
  `keyword_cat_url` varchar(255) NOT NULL,
  `keyword_cat_count` int(10) unsigned NOT NULL DEFAULT '0',
  PRIMARY KEY (`w_id`),
  KEY `searchengine` (`searchengine`),
  KEY `word` (`word`),
  KEY `letter` (`letter`),
  KEY `keyword` (`keyword`)
) ENGINE=MyISAM AUTO_INCREMENT=3 DEFAULT CHARSET=utf8;
/*!40101 SET character_set_client = @saved_cs_client */;

--
-- Dumping data for table `ecs_keyword`
--

LOCK TABLES `ecs_keyword` WRITE;
/*!40000 ALTER TABLE `ecs_keyword` DISABLE KEYS */;
INSERT INTO `ecs_keyword` VALUES (1,'ecshop','测试','测试','ceshi',31,1406081579,2,2,2,2,1,'家用电器','search.php?category=2&keywords=测试',13),(2,'ecshop','测','测','ce',31,1406078560,1,1,1,1,1,'家用电器','search.php?category=2&keywords=测',13);
/*!40000 ALTER TABLE `ecs_keyword` ENABLE KEYS */;
UNLOCK TABLES;

--
-- Table structure for table `ecs_keyword_area`
--

DROP TABLE IF EXISTS `ecs_keyword_area`;
/*!40101 SET @saved_cs_client     = @@character_set_client */;
/*!40101 SET character_set_client = utf8 */;
CREATE TABLE `ecs_keyword_area` (
  `access_time` int(10) unsigned NOT NULL DEFAULT '0',
  `w_id` bigint(20) unsigned NOT NULL DEFAULT '0',
  `ip_address` varchar(15) NOT NULL DEFAULT '',
  `area` varchar(30) NOT NULL DEFAULT '',
  KEY `access_time` (`access_time`),
  KEY `w_id` (`w_id`)
) ENGINE=MyISAM DEFAULT CHARSET=utf8;
/*!40101 SET character_set_client = @saved_cs_client */;

--
-- Dumping data for table `ecs_keyword_area`
--

LOCK TABLES `ecs_keyword_area` WRITE;
/*!40000 ALTER TABLE `ecs_keyword_area` DISABLE KEYS */;
INSERT INTO `ecs_keyword_area` VALUES (1404809292,1,'127.0.0.1','LAN'),(1404809300,2,'127.0.0.1','LAN'),(1404809308,3,'127.0.0.1','LAN'),(1404810901,2,'127.0.0.1','LAN'),(1404811492,2,'127.0.0.1','LAN'),(1404812019,4,'127.0.0.1','LAN'),(1404812113,2,'127.0.0.1','LAN'),(1404812122,2,'127.0.0.1','LAN'),(1404812134,1,'127.0.0.1','LAN'),(1404812155,5,'127.0.0.1','LAN'),(1404812159,5,'127.0.0.1','LAN'),(1404812314,5,'127.0.0.1','LAN'),(1404812386,5,'127.0.0.1','LAN'),(1404958042,2,'127.0.0.1','LAN'),(1404970885,1,'127.0.0.1','LAN'),(1405038312,1,'127.0.0.1','LAN'),(1405040641,1,'127.0.0.1','LAN'),(1405040741,1,'127.0.0.1','LAN'),(1405042522,1,'127.0.0.1','LAN'),(1405043936,1,'127.0.0.1','LAN'),(1405044005,1,'127.0.0.1','LAN'),(1405044020,1,'127.0.0.1','LAN'),(1405044050,1,'127.0.0.1','LAN'),(1405044055,1,'127.0.0.1','LAN'),(1405044106,1,'127.0.0.1','LAN'),(1405044211,1,'127.0.0.1','LAN'),(1405044279,1,'127.0.0.1','LAN'),(1405044306,1,'127.0.0.1','LAN'),(1405044375,1,'127.0.0.1','LAN'),(1405063833,1,'127.0.0.1','LAN'),(1405063978,3,'127.0.0.1','LAN'),(1405063992,1,'127.0.0.1','LAN'),(1405064003,1,'127.0.0.1','LAN'),(1405064011,1,'127.0.0.1','LAN'),(1405064012,1,'127.0.0.1','LAN'),(1405065713,1,'127.0.0.1','LAN'),(1404202375,1,'127.0.0.1','LAN'),(1405070225,1,'127.0.0.1','LAN'),(1405070226,1,'127.0.0.1','LAN'),(1405070244,4,'127.0.0.1','LAN'),(1405070253,4,'127.0.0.1','LAN'),(1405070256,4,'127.0.0.1','LAN'),(1405070257,4,'127.0.0.1','LAN'),(1405070265,4,'127.0.0.1','LAN'),(1405070266,4,'127.0.0.1','LAN'),(1405070280,4,'127.0.0.1','LAN'),(1405070281,4,'127.0.0.1','LAN'),(1405070332,6,'127.0.0.1','LAN'),(1405070342,7,'127.0.0.1','LAN'),(1405070347,8,'127.0.0.1','LAN'),(1405070355,9,'127.0.0.1','LAN'),(1405070364,6,'127.0.0.1','LAN'),(1405070378,6,'127.0.0.1','LAN'),(1405070749,6,'127.0.0.1','LAN'),(1405071021,6,'127.0.0.1','LAN'),(1405071562,4,'127.0.0.1','LAN'),(1405302654,1,'127.0.0.1','LAN'),(1405302655,1,'127.0.0.1','LAN'),(1405305157,1,'127.0.0.1','LAN'),(1405305170,4,'127.0.0.1','LAN'),(1405305179,3,'127.0.0.1','LAN'),(1405305230,9,'127.0.0.1','LAN'),(1405305235,9,'127.0.0.1','LAN'),(1405305257,9,'127.0.0.1','LAN'),(1405305267,9,'127.0.0.1','LAN'),(1405305275,9,'127.0.0.1','LAN'),(1405305287,10,'127.0.0.1','LAN'),(1405305292,9,'127.0.0.1','LAN'),(1405412580,4,'127.0.0.1','LAN'),(1405412604,1,'127.0.0.1','LAN'),(1406023500,4,'127.0.0.1','LAN'),(1406024077,1,'127.0.0.1','LAN'),(1406030903,1,'127.0.0.1','LAN'),(1406031360,1,'127.0.0.1','LAN'),(1406031366,1,'127.0.0.1','LAN'),(1406031369,1,'127.0.0.1','LAN'),(1406031511,1,'127.0.0.1','LAN'),(1406031739,1,'127.0.0.1','LAN'),(1406031896,1,'127.0.0.1','LAN'),(1406040139,1,'127.0.0.1','LAN'),(1406040235,1,'127.0.0.1','LAN'),(1406040341,1,'127.0.0.1','LAN'),(1406040419,1,'127.0.0.1','LAN'),(1406040665,1,'127.0.0.1','LAN'),(1406040865,1,'127.0.0.1','LAN'),(1406040884,1,'127.0.0.1','LAN'),(1406041002,1,'127.0.0.1','LAN'),(1406041070,1,'127.0.0.1','LAN'),(1406041149,1,'127.0.0.1','LAN'),(1406042346,1,'127.0.0.1','LAN'),(1406042686,1,'127.0.0.1','LAN'),(1406042776,1,'127.0.0.1','LAN'),(1406042807,1,'127.0.0.1','LAN'),(1406042856,1,'127.0.0.1','LAN'),(1406042966,1,'127.0.0.1','LAN'),(1406043143,1,'127.0.0.1','LAN'),(1406043727,1,'127.0.0.1','LAN'),(1406043764,1,'127.0.0.1','LAN'),(1406043789,1,'127.0.0.1','LAN'),(1406043835,1,'127.0.0.1','LAN'),(1406043901,1,'127.0.0.1','LAN'),(1406044562,1,'127.0.0.1','LAN'),(1406044622,1,'127.0.0.1','LAN'),(1406044670,1,'127.0.0.1','LAN'),(1406044722,1,'127.0.0.1','LAN'),(1406044736,1,'127.0.0.1','LAN'),(1406044796,1,'127.0.0.1','LAN'),(1406044942,2,'127.0.0.1','LAN'),(1406045254,1,'127.0.0.1','LAN'),(1406045310,1,'127.0.0.1','LAN'),(1406045350,2,'127.0.0.1','LAN'),(1406045680,2,'127.0.0.1','LAN'),(1406074385,2,'127.0.0.1','LAN'),(1406074569,2,'127.0.0.1','LAN'),(1406074618,2,'127.0.0.1','LAN'),(1406074693,7,'127.0.0.1','LAN'),(1406076449,7,'127.0.0.1','LAN'),(1406077150,7,'127.0.0.1','LAN'),(1406077962,7,'127.0.0.1','LAN'),(1406078030,7,'127.0.0.1','LAN'),(1406078092,7,'127.0.0.1','LAN'),(1406078139,7,'127.0.0.1','LAN'),(1406078154,7,'127.0.0.1','LAN'),(1406078198,7,'127.0.0.1','LAN'),(1406078474,1,'127.0.0.1','LAN'),(1406078530,1,'127.0.0.1','LAN'),(1406078560,2,'127.0.0.1','LAN'),(1406081579,1,'127.0.0.1','LAN');
/*!40000 ALTER TABLE `ecs_keyword_area` ENABLE KEYS */;
UNLOCK TABLES;

--
-- Table structure for table `ecs_keywords`
--

DROP TABLE IF EXISTS `ecs_keywords`;
/*!40101 SET @saved_cs_client     = @@character_set_client */;
/*!40101 SET character_set_client = utf8 */;
CREATE TABLE `ecs_keywords` (
  `date` date NOT NULL DEFAULT '0000-00-00',
  `searchengine` varchar(20) NOT NULL DEFAULT '',
  `keyword` varchar(90) NOT NULL DEFAULT '',
  `count` mediumint(8) unsigned NOT NULL DEFAULT '0',
  PRIMARY KEY (`date`,`searchengine`,`keyword`)
) ENGINE=MyISAM DEFAULT CHARSET=utf8;
/*!40101 SET character_set_client = @saved_cs_client */;

--
-- Dumping data for table `ecs_keywords`
--

LOCK TABLES `ecs_keywords` WRITE;
/*!40000 ALTER TABLE `ecs_keywords` DISABLE KEYS */;
INSERT INTO `ecs_keywords` VALUES ('2009-04-21','ecshop','诺基亚',1),('2009-04-27','ecshop','智能手机',1),('2009-05-04','ecshop','斤',1),('2009-05-10','ecshop','诺基亚',1),('2009-05-11','ecshop','智能手机',1),('2009-05-11','ecshop','诺基亚',1),('2009-05-12','ecshop','三星',1),('2009-05-12','ecshop','智能手机',1),('2009-05-12','ecshop','p806',1),('2009-05-12','ecshop','诺基亚',1),('2009-05-12','ecshop','夏新',1),('2009-05-18','ecshop','52',2),('2009-05-22','ecshop','p',1),('2010-12-08','ecshop','请输入商品名称或编号：',5),('2010-12-10','ecshop','诺基亚',1),('2010-12-11','ecshop','诺基亚',3),('2010-12-13','ecshop','(',4),('2011-01-26','ecshop','霜',1),('2011-01-26','ecshop','m',1),('2011-03-09','ecshop','请输入商品关键字',1),('2011-03-14','ecshop','请输入商品关键字',35),('2011-03-14','ecshop','诺基亚',1),('2011-03-16','ecshop','护',7),('2011-05-20','ecshop','sdfasdf',3),('2011-05-23','ecshop','iPad',1),('2011-05-25','ecshop','食用油',2),('2011-08-10','ecshop','haha',1),('2011-08-15','ecshop','dfdf',1),('2011-08-15','ecshop','一品玉',1),('2011-12-16','ecshop','仿米奇',154),('2011-12-20','ecshop','模板',1),('2011-12-27','ecshop','商城模板',9),('2012-02-14','ecshop','EC',1),('2012-02-14','ecshop','36',1),('2012-02-17','ecshop','ec',1),('2012-03-29','ecshop','ec',5),('2012-05-29','ecshop','adfaef',1),('2012-05-30','ecshop','ec',2),('2012-09-25','ecshop','ec',1),('2012-11-20','ecshop','eee',1),('2012-11-23','ecshop','ec',31),('2012-11-24','ecshop','ec',3),('2012-11-24','ecshop','考勤机',3),('2012-11-26','ecshop','ec',30),('2012-11-27','ecshop','ec',2),('2012-11-28','ecshop','ec',38),('2012-12-18','ecshop','esc',1),('2012-12-18','ecshop','ec',6),('2012-12-19','ecshop','请输入关键词',2),('2012-12-20','ecshop','ec',2),('2012-12-29','ecshop','ec',7),('2013-01-05','ecshop','ecshop',1),('2013-01-14','ecshop','ec',1),('2013-01-22','ecshop','232323',1),('2013-04-15','ecshop','ec',13),('2013-04-17','ecshop','ec',11),('2013-04-17','ecshop','ｅｃ',1),('2013-04-20','ecshop','ec',4),('2013-08-25','ecshop','ec',11),('2013-08-26','ecshop','ec',1),('2014-05-29','ecshop','格力电暖器',1),('2014-05-29','ecshop','NZXT',1),('2014-05-29','ecshop','旅行包',1),('2014-06-07','ecshop','68',1),('2014-06-10','ecshop','68',2),('2014-06-24','ecshop','测试',3),('2014-06-25','ecshop','测试',4),('2014-06-26','ecshop','请输入搜索文字',2),('2014-06-26','ecshop','测试',1),('2014-06-28','ecshop','测试',3),('2014-07-01','ecshop','测试',2),('2014-07-02','ecshop','测试',3),('2014-07-03','ecshop','侧四',1),('2014-07-03','ecshop','测试',5),('2014-07-04','ecshop','测试',1),('2014-07-07','ecshop','测试',1),('2014-07-08','ecshop','测试',1);
/*!40000 ALTER TABLE `ecs_keywords` ENABLE KEYS */;
UNLOCK TABLES;

--
-- Table structure for table `ecs_link_goods`
--

DROP TABLE IF EXISTS `ecs_link_goods`;
/*!40101 SET @saved_cs_client     = @@character_set_client */;
/*!40101 SET character_set_client = utf8 */;
CREATE TABLE `ecs_link_goods` (
  `goods_id` mediumint(8) unsigned NOT NULL DEFAULT '0',
  `link_goods_id` mediumint(8) unsigned NOT NULL DEFAULT '0',
  `is_double` tinyint(1) unsigned NOT NULL DEFAULT '0',
  `admin_id` tinyint(3) unsigned NOT NULL DEFAULT '0',
  PRIMARY KEY (`goods_id`,`link_goods_id`,`admin_id`)
) ENGINE=MyISAM DEFAULT CHARSET=utf8;
/*!40101 SET character_set_client = @saved_cs_client */;

--
-- Dumping data for table `ecs_link_goods`
--

LOCK TABLES `ecs_link_goods` WRITE;
/*!40000 ALTER TABLE `ecs_link_goods` DISABLE KEYS */;
INSERT INTO `ecs_link_goods` VALUES (6,7,0,1),(6,5,0,1),(6,4,0,1),(6,3,0,1),(6,2,0,1),(33,7,0,1),(33,6,0,1),(33,5,0,1),(33,4,0,1),(33,3,0,1),(33,2,0,1),(33,1,0,1),(40,18,0,1),(40,19,0,1),(40,20,0,1),(40,21,0,1);
/*!40000 ALTER TABLE `ecs_link_goods` ENABLE KEYS */;
UNLOCK TABLES;

--
-- Table structure for table `ecs_mail_templates`
--

DROP TABLE IF EXISTS `ecs_mail_templates`;
/*!40101 SET @saved_cs_client     = @@character_set_client */;
/*!40101 SET character_set_client = utf8 */;
CREATE TABLE `ecs_mail_templates` (
  `template_id` tinyint(1) unsigned NOT NULL AUTO_INCREMENT,
  `template_code` varchar(30) NOT NULL DEFAULT '',
  `is_html` tinyint(1) unsigned NOT NULL DEFAULT '0',
  `template_subject` varchar(200) NOT NULL DEFAULT '',
  `template_content` text NOT NULL,
  `last_modify` int(10) unsigned NOT NULL DEFAULT '0',
  `last_send` int(10) unsigned NOT NULL DEFAULT '0',
  `type` varchar(10) NOT NULL,
  PRIMARY KEY (`template_id`),
  UNIQUE KEY `template_code` (`template_code`),
  KEY `type` (`type`)
) ENGINE=MyISAM AUTO_INCREMENT=15 DEFAULT CHARSET=utf8;
/*!40101 SET character_set_client = @saved_cs_client */;

--
-- Dumping data for table `ecs_mail_templates`
--

LOCK TABLES `ecs_mail_templates` WRITE;
/*!40000 ALTER TABLE `ecs_mail_templates` DISABLE KEYS */;
INSERT INTO `ecs_mail_templates` VALUES (1,'send_password',1,'密码找回','{$user_name}您好！<br>\n<br>\n您已经进行了密码重置的操作，请点击以下链接(或者复制到您的浏览器):<br>\n<br>\n<a href=\"{$reset_email}\" target=\"_blank\">{$reset_email}</a><br>\n<br>\n以确认您的新密码重置操作！<br>\n<br>\n{$shop_name}<br>\n{$send_date}',1194824789,0,'template'),(2,'order_confirm',0,'订单确认通知','亲爱的{$order.consignee}，你好！ \n\n我们已经收到您于 {$order.formated_add_time} 提交的订单，该订单编号为：{$order.order_sn} 请记住这个编号以便日后的查询。\n\n{$shop_name}\n{$sent_date}\n\n\n',1158226370,0,'template'),(3,'deliver_notice',1,'发货通知','亲爱的{$order.consignee}。你好！</br></br>\n\n您的订单{$order.order_sn}已于{$send_time}按照您预定的配送方式给您发货了。</br>\n</br>\n{if $order.invoice_no}发货单号是{$order.invoice_no}。</br>{/if}\n</br>\n在您收到货物之后请点击下面的链接确认您已经收到货物：</br>\n<a href=\"{$confirm_url}\" target=\"_blank\">{$confirm_url}</a></br></br>\n如果您还没有收到货物可以点击以下链接给我们留言：</br></br>\n<a href=\"{$send_msg_url}\" target=\"_blank\">{$send_msg_url}</a></br>\n<br>\n再次感谢您对我们的支持。欢迎您的再次光临。 <br>\n<br>\n{$shop_name} </br>\n{$send_date}',1194823291,0,'template'),(4,'order_cancel',0,'订单取消','亲爱的{$order.consignee}，你好！ \n\n您的编号为：{$order.order_sn}的订单已取消。\n\n{$shop_name}\n{$send_date}',1156491130,0,'template'),(5,'order_invalid',0,'订单无效','亲爱的{$order.consignee}，你好！\n\n您的编号为：{$order.order_sn}的订单无效。\n\n{$shop_name}\n{$send_date}',1156491164,0,'template'),(6,'send_bonus',0,'发红包','亲爱的{$user_name}您好！\n\n恭喜您获得了{$count}个红包，金额{if $count > 1}分别{/if}为{$money}\n\n{$shop_name}\n{$send_date}\n',1156491184,0,'template'),(7,'group_buy',1,'团购商品','亲爱的{$consignee}，您好！<br>\n<br>\n您于{$order_time}在本店参加团购商品活动，所购买的商品名称为：{$goods_name}，数量：{$goods_number}，订单号为：{$order_sn}，订单金额为：{$order_amount}<br>\n<br>\n此团购商品现在已到结束日期，并达到最低价格，您现在可以对该订单付款。<br>\n<br>\n请点击下面的链接：<br>\n<a href=\"{$shop_url}\" target=\"_blank\">{$shop_url}</a><br>\n<br>\n请尽快登录到用户中心，查看您的订单详情信息。 <br>\n<br>\n{$shop_name} <br>\n<br>\n{$send_date}',1194824668,0,'template'),(8,'register_validate',1,'邮件验证','{$user_name}您好！<br><br>\r\n\r\n这封邮件是 {$shop_name} 发送的。你收到这封邮件是为了验证你注册邮件地址是否有效。如果您已经通过验证了，请忽略这封邮件。<br>\r\n请点击以下链接(或者复制到您的浏览器)来验证你的邮件地址:<br>\r\n<a href=\"{$validate_email}\" target=\"_blank\">{$validate_email}</a><br><br>\r\n\r\n{$shop_name}<br>\r\n{$send_date}',1162201031,0,'template'),(9,'virtual_card',0,'虚拟卡片','亲爱的{$order.consignee}\r\n你好！您的订单{$order.order_sn}中{$goods.goods_name} 商品的详细信息如下:\r\n{foreach from=$virtual_card item=card}\r\n{if $card.card_sn}卡号：{$card.card_sn}{/if}{if $card.card_password}卡片密码：{$card.card_password}{/if}{if $card.end_date}截至日期：{$card.end_date}{/if}\r\n{/foreach}\r\n再次感谢您对我们的支持。欢迎您的再次光临。\r\n\r\n{$shop_name} \r\n{$send_date}',1162201031,0,'template'),(10,'attention_list',0,'关注商品','亲爱的{$user_name}您好~\n\n您关注的商品 : {$goods_name} 最近已经更新,请您查看最新的商品信息\n\n{$goods_url}\r\n\r\n{$shop_name} \r\n{$send_date}',1183851073,0,'template'),(11,'remind_of_new_order',0,'新订单通知','亲爱的店长，您好：\n   快来看看吧，又有新订单了。\n    订单号:{$order.order_sn} \n 订单金额:{$order.order_amount}，\n 用户购买商品:{foreach from=$goods_list item=goods_data}{$goods_data.goods_name}(货号:{$goods_data.goods_sn})    {/foreach} \n\n 收货人:{$order.consignee}， \n 收货人地址:{$order.address}，\n 收货人电话:{$order.tel} {$order.mobile}, \n 配送方式:{$order.shipping_name}(费用:{$order.shipping_fee}), \n 付款方式:{$order.pay_name}(费用:{$order.pay_fee})。\n\n               系统提醒\n               {$send_date}',1196239170,0,'template'),(12,'goods_booking',1,'缺货回复','亲爱的{$user_name}。你好！</br></br>{$dispose_note}</br></br>您提交的缺货商品链接为</br></br><a href=\"{$goods_link}\" target=\"_blank\">{$goods_name}</a></br><br>{$shop_name} </br>{$send_date}',0,0,'template'),(13,'user_message',1,'留言回复','亲爱的{$user_name}。你好！</br></br>对您的留言：</br>{$message_content}</br></br>店主作了如下回复：</br>{$message_note}</br></br>您可以随时回到店中和店主继续沟通。</br>{$shop_name}</br>{$send_date}',0,0,'template'),(14,'recomment',1,'用户评论回复','亲爱的{$user_name}。你好！</br></br>对您的评论：</br>“{$comment}”</br></br>店主作了如下回复：</br>“{$recomment}”</br></br>您可以随时回到店中和店主继续沟通。</br>{$shop_name}</br>{$send_date}',0,0,'template');
/*!40000 ALTER TABLE `ecs_mail_templates` ENABLE KEYS */;
UNLOCK TABLES;

--
-- Table structure for table `ecs_member_price`
--

DROP TABLE IF EXISTS `ecs_member_price`;
/*!40101 SET @saved_cs_client     = @@character_set_client */;
/*!40101 SET character_set_client = utf8 */;
CREATE TABLE `ecs_member_price` (
  `price_id` mediumint(8) unsigned NOT NULL AUTO_INCREMENT,
  `goods_id` mediumint(8) unsigned NOT NULL DEFAULT '0',
  `user_rank` tinyint(3) NOT NULL DEFAULT '0',
  `user_price` decimal(10,2) NOT NULL DEFAULT '0.00',
  PRIMARY KEY (`price_id`),
  KEY `goods_id` (`goods_id`,`user_rank`)
) ENGINE=MyISAM DEFAULT CHARSET=utf8;
/*!40101 SET character_set_client = @saved_cs_client */;

--
-- Dumping data for table `ecs_member_price`
--

LOCK TABLES `ecs_member_price` WRITE;
/*!40000 ALTER TABLE `ecs_member_price` DISABLE KEYS */;
/*!40000 ALTER TABLE `ecs_member_price` ENABLE KEYS */;
UNLOCK TABLES;

--
-- Table structure for table `ecs_nav`
--

DROP TABLE IF EXISTS `ecs_nav`;
/*!40101 SET @saved_cs_client     = @@character_set_client */;
/*!40101 SET character_set_client = utf8 */;
CREATE TABLE `ecs_nav` (
  `id` mediumint(8) NOT NULL AUTO_INCREMENT,
  `ctype` varchar(10) DEFAULT NULL,
  `cid` smallint(5) unsigned DEFAULT NULL,
  `name` varchar(255) NOT NULL,
  `ifshow` tinyint(1) NOT NULL,
  `vieworder` tinyint(1) NOT NULL,
  `opennew` tinyint(1) NOT NULL,
  `url` varchar(255) NOT NULL,
  `type` varchar(10) NOT NULL,
  PRIMARY KEY (`id`),
  KEY `type` (`type`),
  KEY `ifshow` (`ifshow`)
) ENGINE=MyISAM AUTO_INCREMENT=30 DEFAULT CHARSET=utf8;
/*!40101 SET character_set_client = @saved_cs_client */;

--
-- Dumping data for table `ecs_nav`
--

LOCK TABLES `ecs_nav` WRITE;
/*!40000 ALTER TABLE `ecs_nav` DISABLE KEYS */;
INSERT INTO `ecs_nav` VALUES (1,'',0,'关于我们',1,1,0,'#','bottom'),(2,'',0,'联系我们',1,2,0,'#','bottom'),(3,'',0,'人才招聘',1,3,0,'#','bottom'),(4,'',0,'商家入驻',1,4,0,'supplier_reg.php','bottom'),(5,'',0,'迷你挑',1,5,0,'#','bottom'),(6,'',0,'奢侈品网',1,6,0,'#','bottom'),(7,'',0,'广告服务',1,7,0,'#','bottom'),(8,'',0,'手机京东',1,8,0,'#','bottom'),(9,'',0,'友情链接',1,9,0,'#','bottom'),(10,'',0,'销售联盟',1,10,0,'#','bottom'),(11,'',0,'京东社区',1,11,0,'#','bottom'),(12,'',0,'售后流程',1,1,0,'help.php?id=9','top'),(13,'',0,'购物流程',1,2,0,'help.php?id=10','top'),(14,'',0,'订购方式',1,3,0,'help.php?id=11','top'),(15,'',0,'常见问题',1,4,0,'help.php?id=18','top'),(16,'c',3,'手机数码',1,1,0,'category.php?id=3','middle'),(29,'c',316,'数字音乐',0,8,0,'category.php?id=316','middle'),(18,'c',9,'运动健康',1,3,0,'category.php?id=9','middle'),(19,'c',154,'汽车用品',0,4,0,'category.php?id=154','middle'),(20,'',0,'团购商品',1,5,0,'pro_search.php?intro=promotion','middle'),(25,'c',2,'家用电器',1,0,0,'category.php?id=2','middle'),(26,'',0,'京东公益',1,12,0,'#','bottom'),(27,'',0,'优惠活动',0,5,0,'activity.php','middle'),(28,NULL,NULL,'店铺街',1,6,1,'stores.php','middle');
/*!40000 ALTER TABLE `ecs_nav` ENABLE KEYS */;
UNLOCK TABLES;

--
-- Table structure for table `ecs_order_action`
--

DROP TABLE IF EXISTS `ecs_order_action`;
/*!40101 SET @saved_cs_client     = @@character_set_client */;
/*!40101 SET character_set_client = utf8 */;
CREATE TABLE `ecs_order_action` (
  `action_id` mediumint(8) unsigned NOT NULL AUTO_INCREMENT,
  `order_id` mediumint(8) unsigned NOT NULL DEFAULT '0',
  `action_user` varchar(30) NOT NULL DEFAULT '',
  `order_status` tinyint(1) unsigned NOT NULL DEFAULT '0',
  `shipping_status` tinyint(1) unsigned NOT NULL DEFAULT '0',
  `pay_status` tinyint(1) unsigned NOT NULL DEFAULT '0',
  `action_place` tinyint(1) unsigned NOT NULL DEFAULT '0',
  `action_note` varchar(255) NOT NULL DEFAULT '',
  `log_time` int(11) unsigned NOT NULL DEFAULT '0',
  PRIMARY KEY (`action_id`),
  KEY `order_id` (`order_id`)
) ENGINE=MyISAM AUTO_INCREMENT=106 DEFAULT CHARSET=utf8;
/*!40101 SET character_set_client = @saved_cs_client */;

--
-- Dumping data for table `ecs_order_action`
--

LOCK TABLES `ecs_order_action` WRITE;
/*!40000 ALTER TABLE `ecs_order_action` DISABLE KEYS */;
INSERT INTO `ecs_order_action` VALUES (1,1,'admin',1,0,0,0,'阿斯多夫',1357368143),(2,1,'admin',1,0,2,0,'阿萨德发送到',1357368147),(3,1,'admin',1,3,2,0,'阿萨德发送到',1357368167),(4,1,'admin',5,5,2,0,'阿斯多夫',1357368173),(5,1,'admin',1,1,2,1,'阿斯多夫',1357368184),(6,4,'admin',1,0,0,0,'阿斯多夫',1357369859),(7,4,'admin',1,0,2,0,'阿斯多夫',1357369865),(8,4,'admin',1,3,2,0,'阿斯多夫',1357369869),(9,4,'admin',5,5,2,0,'阿斯多夫',1357369874),(10,4,'admin',1,1,2,1,'阿斯多夫',1357369885),(11,3,'admin',1,0,0,0,'阿斯多夫',1357369892),(12,3,'admin',1,0,2,0,'阿斯多夫',1357369895),(13,3,'admin',1,3,2,0,'阿斯多夫',1357369899),(14,3,'admin',5,5,2,0,'阿斯多夫',1357369905),(15,3,'admin',1,1,2,1,'阿斯多夫',1357369914),(16,2,'admin',1,0,0,0,'阿斯多夫',1357369922),(17,2,'admin',1,0,2,0,'阿斯多夫',1357369925),(18,2,'admin',1,3,2,0,'阿斯多夫',1357369929),(19,2,'admin',5,5,2,0,'阿斯多夫',1357369934),(20,2,'admin',1,1,2,1,'阿斯多夫',1357369943),(21,4,'admin',5,0,2,0,'啊是的发生地方',1358144100),(22,4,'admin',1,3,2,0,'阿斯多夫',1358144113),(23,5,'admin',1,0,0,0,'阿斯多夫',1358144188),(24,5,'admin',1,0,2,0,'阿斯多夫',1358144192),(25,5,'admin',5,5,2,0,'阿斯多夫',1358144202),(26,5,'admin',1,1,2,1,'',1358144246),(27,8,'admin',1,0,0,0,'3223323232323232',1358326195),(28,8,'admin',1,0,2,0,'3232323232',1358326199),(29,8,'admin',1,3,2,0,'3232323232',1358326203),(30,8,'admin',5,5,2,0,'32323232',1358326208),(31,8,'admin',1,1,2,1,'asdf',1358326219),(32,8,'admin',5,2,2,0,'33322323',1358326228),(33,7,'admin',1,0,0,0,'收购符合规划开局',1358497462),(34,7,'admin',1,0,2,0,'规划开局',1358497477),(35,7,'admin',5,5,2,0,'黄金卡',1358497485),(36,25,'admin',1,0,0,0,'asdf',1388623887),(37,25,'admin',1,0,2,0,'asdf',1388623890),(38,25,'admin',1,3,2,0,'asdf',1388623893),(39,25,'admin',5,5,2,0,'asdf',1388623899),(40,25,'admin',1,1,2,1,'asdf',1388623910),(41,25,'买家',5,2,2,0,'',1388623923),(42,28,'admin',1,0,0,0,'asf',1389058621),(43,28,'admin',1,0,2,0,'sf',1389058623),(44,28,'admin',5,5,2,0,'asdfsadf',1389058630),(45,28,'admin',1,1,2,1,'sdf',1389058639),(46,28,'买家',5,2,2,0,'',1389058661),(47,24,'admin',1,0,0,0,'af',1388713219),(48,24,'admin',1,0,2,0,'asf',1388713222),(49,24,'admin',5,5,2,0,'af',1388713227),(50,24,'admin',1,1,2,1,'aa',1388713237),(51,24,'买家',5,2,2,0,'',1388713256),(52,30,'admin',1,0,0,0,'阿斯顿法守法的',1389058279),(53,30,'admin',1,0,2,0,'艾丝凡',1389058283),(54,30,'admin',5,5,2,0,'as范德萨分',1389058289),(55,30,'admin',1,1,2,1,'安安',1389058299),(56,30,'买家',5,2,2,0,'',1389058327),(57,58,'68ecshop',1,0,0,0,'',1402108146),(58,68,'68ecshop',1,0,2,0,'22',1404779452),(59,68,'68ecshop',5,5,2,0,'22',1404779595),(60,68,'admin',1,1,2,1,'',1404779607),(61,69,'admin',1,0,0,0,'11',1404779740),(62,65,'admin',1,0,2,0,'1',1404871073),(63,65,'admin',5,5,2,0,'1111',1404871095),(64,65,'admin',1,1,2,1,'',1404871109),(65,63,'admin',1,0,2,0,'1',1404266557),(66,63,'admin',5,5,2,0,'1',1404266562),(67,63,'admin',1,1,2,1,'',1404266572),(68,61,'68ecshop',1,0,2,0,'1',1404355500),(69,61,'68ecshop',1,3,2,0,'1',1404355505),(70,61,'68ecshop',5,5,2,0,'1',1404355510),(71,61,'admin',1,1,2,1,'',1404355521),(72,153,'admin',1,0,0,0,'11',1404957989),(73,153,'admin',1,0,2,0,'11',1404957994),(74,153,'admin',5,5,2,0,'11',1404958001),(75,153,'admin',1,1,2,1,'1',1404958012),(76,208,'admin',1,0,0,0,'11',1404202470),(77,208,'admin',1,0,2,0,'1',1404202474),(78,208,'admin',5,5,2,0,'1',1404202481),(79,208,'admin',1,1,2,1,'',1404202540),(80,204,'admin',1,0,2,0,'1',1405475515),(81,204,'admin',5,5,2,0,'',1405475559),(82,204,'admin',1,1,2,1,'',1405475559),(83,250,'admin',5,5,2,0,'1111',1406183504),(84,250,'admin',1,1,2,1,'1111',1406183504),(85,33,'admin',1,0,0,0,'',1406689563),(86,33,'admin',1,0,2,0,'qqqq',1406689572),(87,33,'admin',5,5,2,0,'',1406689581),(88,33,'admin',1,1,2,1,'',1406689581),(89,250,'admin',5,2,2,0,'eeeeeeeeeeeee',1406700930),(90,250,'admin',1,0,0,0,'gggfgf',1406701540),(91,250,'admin',1,0,2,0,'jjj',1406701554),(92,250,'admin',5,5,2,0,'',1406701600),(93,250,'admin',1,1,2,1,'',1406701600),(94,255,'admin',1,0,0,0,'',1406771627),(95,255,'admin',1,0,2,0,'dddd',1406771647),(96,255,'admin',5,5,2,0,'',1406771660),(97,255,'admin',1,1,2,1,'',1406771660),(98,258,'admin',1,0,0,0,'',1406771723),(99,258,'admin',1,0,2,0,'232132321',1406771731),(100,258,'admin',5,5,2,0,'',1406771737),(101,258,'admin',1,1,2,1,'',1406771737),(102,31,'admin',1,0,0,0,'',1406775853),(103,31,'admin',1,0,2,0,'sddfdffd',1406775860),(104,31,'admin',5,5,2,0,'',1406775864),(105,31,'admin',1,1,2,1,'',1406775864);
/*!40000 ALTER TABLE `ecs_order_action` ENABLE KEYS */;
UNLOCK TABLES;

--
-- Table structure for table `ecs_order_goods`
--

DROP TABLE IF EXISTS `ecs_order_goods`;
/*!40101 SET @saved_cs_client     = @@character_set_client */;
/*!40101 SET character_set_client = utf8 */;
CREATE TABLE `ecs_order_goods` (
  `rec_id` mediumint(8) unsigned NOT NULL AUTO_INCREMENT,
  `order_id` mediumint(8) unsigned NOT NULL DEFAULT '0',
  `goods_id` mediumint(8) unsigned NOT NULL DEFAULT '0',
  `goods_name` varchar(120) NOT NULL DEFAULT '',
  `goods_sn` varchar(60) NOT NULL DEFAULT '',
  `product_id` mediumint(8) unsigned NOT NULL DEFAULT '0',
  `goods_number` smallint(5) unsigned NOT NULL DEFAULT '1',
  `market_price` decimal(10,2) NOT NULL DEFAULT '0.00',
  `goods_price` decimal(10,2) NOT NULL DEFAULT '0.00',
  `goods_attr` text NOT NULL,
  `send_number` smallint(5) unsigned NOT NULL DEFAULT '0',
  `is_real` tinyint(1) unsigned NOT NULL DEFAULT '0',
  `extension_code` varchar(30) NOT NULL DEFAULT '',
  `parent_id` mediumint(8) unsigned NOT NULL DEFAULT '0',
  `is_gift` smallint(5) unsigned NOT NULL DEFAULT '0',
  `goods_attr_id` varchar(255) NOT NULL DEFAULT '',
  `comment_state` tinyint(1) NOT NULL DEFAULT '0',
  `shaidan_state` tinyint(1) NOT NULL DEFAULT '0',
  PRIMARY KEY (`rec_id`),
  KEY `order_id` (`order_id`),
  KEY `goods_id` (`goods_id`)
) ENGINE=MyISAM AUTO_INCREMENT=284 DEFAULT CHARSET=utf8;
/*!40101 SET character_set_client = @saved_cs_client */;

--
-- Dumping data for table `ecs_order_goods`
--

LOCK TABLES `ecs_order_goods` WRITE;
/*!40000 ALTER TABLE `ecs_order_goods` DISABLE KEYS */;
INSERT INTO `ecs_order_goods` VALUES (1,1,49,'标题名称标题名称测试商品34','ECS000049',0,1,120.00,100.00,'',1,1,'',0,0,'',0,0),(2,1,42,'标题名称标题名称测试商品6','ECS000042',0,1,0.00,0.00,'',1,1,'',0,0,'',0,0),(3,1,41,'标题名称标题名称测试商品7','ECS000041',0,1,0.00,0.00,'',1,1,'',0,0,'',0,0),(4,1,40,'标题名称标题名称测试商品8','ECS000040',0,1,0.00,0.00,'',1,1,'',0,0,'',0,0),(5,1,38,'标题名称标题名称测试商品10','ECS000038',0,1,0.00,0.00,'',1,1,'',0,0,'',0,0),(6,1,37,'标题名称标题名称测试商品11','ECS000037',0,1,0.00,0.00,'',1,1,'',0,0,'',0,0),(7,1,33,'标题名称标题名称测试商品15','ECS000033',0,1,0.00,0.00,'',1,1,'',0,0,'',0,0),(8,1,34,'标题名称标题名称测试商品14','ECS000034',0,1,0.00,0.00,'',1,1,'',0,0,'',0,0),(9,2,42,'标题名称标题名称测试商品6','ECS000042',0,1,0.00,0.00,'',1,1,'',0,0,'',0,0),(10,3,37,'标题名称标题名称测试商品11','ECS000037',0,1,0.00,0.00,'',1,1,'',0,0,'',0,0),(11,4,40,'标题名称标题名称测试商品8','ECS000040',0,1,0.00,0.00,'',0,1,'',0,0,'',0,0),(12,5,1,'惠普G4-1332TX 14英寸笔记本电脑 （i5-2450M 2G 500G 7450M 1G独显 D刻 无线 摄像头）一流品质，价格公道，放心使用！','ECS000000',0,1,4678.80,2999.00,'颜色:黑色 \n版本:WIN7 \n',1,1,'',0,0,'1,4',0,0),(13,6,10,'直降100元！TCL118升冰箱！','ECS000010',0,1,1198.80,800.00,'颜色:黑色 \n',0,1,'',0,0,'71',0,0),(14,7,10,'直降100元！TCL118升冰箱！','ECS000010',0,1,1198.80,800.00,'颜色:黑色 \n',1,1,'',0,0,'71',0,0),(15,8,16,'2197劲爆促销！索尼32英寸高清','ECS000016',0,40,3034.79,2529.00,'颜色:黑色 \n版本:60G \n',40,1,'',0,0,'56,57',0,0),(16,8,15,'直降150元！西门子5.6公斤超薄','ECS000015',0,10,4363.20,3636.00,'颜色:黑色 \n',10,1,'',0,0,'59',0,0),(17,8,14,'新品上市，真正智能专家！ 下单','ECS000014',0,8,2518.79,2099.00,'颜色:黑色 \n',8,1,'',0,0,'62',0,0),(18,8,13,'帅康不锈钢联动套装！厨卫节抢','ECS000013',0,6,3945.60,2999.00,'颜色:黑色 \n',6,1,'',0,0,'65',0,0),(19,8,10,'直降100元！TCL118升冰箱！','ECS000010',0,4,1198.80,800.00,'颜色:黑色 \n',4,1,'',0,0,'71',0,0),(20,8,11,'飞利浦42英寸全高清液晶电视','ECS000011',0,5,4185.59,3488.00,'颜色:黑色 \n',5,1,'',0,0,'69',0,0),(21,8,29,'Giordano佐丹奴 衬衫 男浅纹质感优棉衬衫 01040553 灰色 XL','ECS000029',0,12,201.60,133.00,'颜色:红色 \n尺寸:M \n',12,1,'',0,0,'27,29',0,0),(22,8,6,'惠普Pro3300 SFF QS798AV台式电脑（G630 2G 500G DVD 键鼠 三年上门服务）','ECS000006',0,12,3598.79,2500.00,'颜色:黑色 \n版本:60G \n',12,1,'',0,0,'88,90',0,0),(23,9,1,'ecshop模版中心测试商品(www.68ecshop.com)','ECS000000',0,1,999.00,777.00,'',0,1,'',0,0,'',0,0),(24,10,11,'ecshop模版中心测试商品(www.68ecshop.com)','ECS000011',0,1,999.00,555.00,'',0,1,'',0,0,'',0,0),(25,11,10,'ecshop模版中心测试商品(www.68ecshop.com)','ECS000010',0,1,999.00,777.00,'',0,1,'',0,0,'',0,0),(26,11,13,'ecshop模版中心测试商品(www.68ecshop.com)','ECS000013',0,1,999.00,777.00,'颜色:黑色 \n',0,1,'',0,0,'65',0,0),(27,12,12,'ecshop模版中心测试商品(www.68ecshop.com)','ECS000012',0,1,999.00,888.00,'颜色:黑色 \n',0,1,'',0,0,'67',0,0),(28,13,12,'ecshop模版中心测试商品(www.68ecshop.com)','ECS000012',0,1,999.00,888.00,'颜色:黑色 \n',0,1,'',0,0,'67',0,0),(29,14,13,'ecshop模版中心测试商品(www.68ecshop.com)','ECS000013',0,1,999.00,777.00,'颜色:黑色 \n',0,1,'',0,0,'65',0,0),(30,15,33,'ecshop模版中心测试商品(www.68ecshop.com)','ECS000033',0,1,943.60,787.00,'颜色:红色[10] \n尺寸:M \n',0,1,'',0,0,'9,7',0,0),(31,16,10,'ecshop模版中心测试商品(www.68ecshop.com)','ECS000010',0,1,999.00,777.00,'颜色:黑色 \n',0,1,'',0,0,'71',0,0),(32,17,3,'ecshop模版中心测试商品(www.68ecshop.com)','ECS000003',0,1,999.00,888.00,'',0,1,'',0,0,'',0,0),(33,17,2,'ecshop模版中心测试商品(www.68ecshop.com)','ECS000002',0,1,999.00,777.00,'',0,1,'',0,0,'',0,0),(34,17,33,'ecshop模版中心测试商品(www.68ecshop.com)','ECS000033',0,1,933.60,777.00,'',0,1,'',0,0,'',0,0),(35,18,1,'ecshop模版中心测试商品(www.68ecshop.com)','ECS000000',0,1,999.00,777.00,'',0,1,'',0,0,'',0,0),(36,19,1,'ecshop模版中心测试商品(www.68ecshop.com)','ECS000000',0,1,999.00,777.00,'',0,1,'',0,0,'',0,0),(37,20,34,'测试商品测试商品测试商品测试商品测试商品测试商品测试商品测试商品测试商品','ECS000034',0,1,1065.60,777.00,'',0,1,'',0,0,'',0,0),(38,20,39,'测试商品测试商品测试商品测试商品测试商品测试商品测试商品测试商品测试商品','ECS000039',0,1,666.00,444.00,'',0,1,'',0,0,'',0,0),(39,20,35,'测试商品测试商品测试商品测试商品测试商品测试商品测试商品测试商品测试商品','ECS000035',0,1,799.19,555.00,'',0,1,'',0,0,'',0,0),(40,21,10,'测试商品测试商品测试商品测试商品测试商品测试商品测试商品测试商品测试商品','ECS000010',0,2,999.00,888.00,'颜色:黑色 \n版本:WIN8 \n',0,1,'',0,0,'71,115',0,0),(41,21,33,'测试商品测试商品测试商品测试商品测试商品测试商品测试商品测试商品测试商品','ECS000033',0,1,943.60,788.00,'颜色:红色[10] \n尺寸:M \n',0,1,'',0,0,'9,7',0,0),(42,22,10,'测试商品测试商品测试商品测试商品测试商品测试商品测试商品测试商品测试商品','ECS000010',0,2,999.00,888.00,'颜色:蓝色 \n版本:WINXP \n',0,1,'',0,0,'72,116',0,0),(43,22,33,'测试商品测试商品测试商品测试商品测试商品测试商品测试商品测试商品测试商品','ECS000033',0,1,943.60,788.00,'颜色:红色[10] \n尺寸:M \n',0,1,'',0,0,'9,7',0,0),(44,22,30,'测试商品测试商品测试商品测试商品测试商品测试商品测试商品测试商品测试商品','ECS000030',0,1,999.00,777.00,'颜色:蓝色 \n尺寸:M \n',0,1,'',0,0,'22,24',0,0),(45,23,1,'测试商品测试商品测试商品测试商品测试商品测试商品测试商品测试商品测试商品','ECS000000',0,4,999.00,777.00,'',0,1,'',0,0,'',0,0),(46,24,1,'测试商品测试商品测试商品测试商品测试商品测试商品测试商品测试商品测试商品','ECS000000',0,7,999.00,777.00,'',7,1,'',0,0,'',0,0),(47,25,1,'测试商品测试商品测试商品测试商品测试商品测试商品测试商品测试商品测试商品','ECS000000',0,1,999.00,777.00,'',1,1,'',0,0,'',0,0),(48,26,29,'测试商品测试商品测试商品测试商品测试商品测试商品测试商品测试商品测试商品','ECS000029',0,3,999.00,777.00,'颜色:红色 \n尺寸:XL \n',0,1,'',0,0,'27,30',0,0),(49,27,11,'测试商品测试商品测试商品测试商品测试商品测试商品测试商品测试商品测试商品','ECS000011',0,1,999.00,555.00,'',0,1,'',0,0,'',0,0),(50,28,11,'测试商品测试商品测试商品测试商品测试商品测试商品测试商品测试商品测试商品','ECS000011',0,2,999.00,555.00,'颜色:黑色 \n版本:60G \n',2,1,'',0,0,'69,106',0,0),(51,29,1,'测试商品测试商品测试商品测试商品测试商品测试商品测试商品测试商品测试商品','ECS000000',0,2,999.00,777.00,'颜色:黑色 \n版本:WIN7 \n',0,1,'',0,0,'1,4',0,0),(52,29,11,'测试商品测试商品测试商品测试商品测试商品测试商品测试商品测试商品测试商品','ECS000011',0,1,999.00,555.00,'',0,1,'',0,0,'',0,0),(53,30,1,'测试商品测试商品测试商品测试商品测试商品测试商品测试商品测试商品测试商品','ECS000000',0,1,999.00,777.00,'',1,1,'',0,0,'',0,0),(54,31,50,'68ecshop供货商测试商品','ECS000050',0,1,720.00,600.00,'',1,1,'',0,0,'',0,0),(55,33,46,'68ecshop供货商测试商品','ECS000046',0,2,720.00,600.00,'',2,1,'',0,0,'',0,0),(56,34,1,'测试商品测试商品测试商品测试商品测试商品测试商品测试商品测试商品测试商品','ECS000000',0,1,999.00,777.00,'',0,1,'',0,0,'',0,0),(57,36,54,'68ecshop测试商品3','ECS000054',0,1,2400.00,2000.00,'',0,1,'',0,0,'',0,0),(58,37,39,'测试商品测试商品测试商品测试商品测试商品测试商品测试商品测试商品测试商品','ECS000039',0,1,666.00,444.00,'',0,1,'',0,0,'',0,0),(59,39,44,'68ecshop供货商测试商品','ECS000044',0,2,720.00,600.00,'',0,1,'',0,0,'',0,0),(60,40,39,'测试商品测试商品测试商品测试商品测试商品测试商品测试商品测试商品测试商品','ECS000039',0,2,666.00,444.00,'',0,1,'',0,0,'',0,0),(61,42,54,'68ecshop测试商品3','ECS000054',0,1,2400.00,2000.00,'',0,1,'',0,0,'',0,0),(62,43,14,'测试商品测试商品测试商品测试商品测试商品测试商品测试商品测试商品测试商品','ECS000014',0,1,999.00,999.00,'颜色:黑色 \n',0,1,'',0,0,'62',0,0),(63,45,42,'68ecshop供货商测试商品','ECS000042',0,1,480.00,400.00,'',0,1,'',0,0,'',0,0),(64,46,32,'测试商品测试商品测试商品测试商品测试商品测试商品测试商品测试商品测试商品','ECS000032',0,1,999.00,777.00,'颜色:红色 \n尺寸:M \n',0,1,'',0,0,'12,14',0,0),(65,48,39,'测试商品测试商品测试商品测试商品测试商品测试商品测试商品测试商品测试商品','ECS000039',0,1,666.00,444.00,'',0,1,'',0,0,'',0,0),(66,49,54,'68ecshop测试商品3','ECS000054',0,1,2400.00,2000.00,'',0,1,'',0,0,'',0,0),(67,51,1,'测试商品测试商品测试商品测试商品测试商品测试商品测试商品测试商品测试商品','ECS000000',0,1,999.00,777.00,'颜色:黑色 \n版本:WIN7 \n',0,1,'',0,0,'1,4',0,0),(68,52,54,'68ecshop测试商品3','ECS000054',0,1,2400.00,2000.00,'',0,1,'',0,0,'',0,0),(69,53,54,'68ecshop测试商品3','ECS000054',0,1,2400.00,2000.00,'',0,1,'',0,0,'',0,0),(70,54,47,'68ecshop供货商测试商品','ECS000047',0,1,720.00,600.00,'',0,1,'',0,0,'',0,0),(71,56,54,'68ecshop测试商品3','ECS000054',0,1,2400.00,2000.00,'',0,1,'',0,0,'',0,0),(72,57,39,'测试商品测试商品测试商品测试商品测试商品测试商品测试商品测试商品测试商品','ECS000039',0,1,666.00,444.00,'',0,1,'',0,0,'',0,0),(73,58,41,'68ecshop供货商测试商品','ECS000041',0,1,240.00,200.00,'',0,1,'',0,0,'',0,0),(74,59,40,'测试商品测试商品测试商品测试商品测试商品测试商品测试商品测试商品测试商品','ECS000040',0,1,6.24,4.30,'',0,1,'',0,0,'',0,0),(75,61,44,'68ecshop供货商测试商品','ECS000044',0,1,720.00,600.00,'',1,1,'',0,0,'',0,0),(76,61,41,'68ecshop供货商测试商品','ECS000041',0,1,240.00,200.00,'',1,1,'',0,0,'',0,0),(77,62,3,'测试商品测试商品测试商品测试商品测试商品测试商品测试商品测试商品测试商品','ECS000003',0,1,999.00,777.00,'',0,1,'',0,0,'',0,0),(78,63,39,'测试商品测试商品测试商品测试商品测试商品测试商品测试商品测试商品测试商品','ECS000039',0,1,666.00,444.00,'',1,1,'',0,0,'',0,0),(79,63,35,'测试商品测试商品测试商品测试商品测试商品测试商品测试商品测试商品测试商品','ECS000035',0,1,799.19,555.00,'',1,1,'',0,0,'',0,0),(80,65,47,'68ecshop供货商测试商品','ECS000047',0,1,720.00,600.00,'',1,1,'',0,0,'',0,0),(81,65,50,'68ecshop供货商测试商品','ECS000050',0,1,720.00,600.00,'',1,1,'',0,0,'',0,0),(82,65,57,'68ecshop测试商品2123','ECS000057',0,1,2400.00,2000.00,'',1,1,'',0,0,'',0,0),(83,65,53,'68ecshop测试商品2','ECS000053',0,1,1200.00,1000.00,'',1,1,'',0,0,'',0,0),(84,66,10,'测试商品测试商品测试商品测试商品测试商品测试商品测试商品测试商品测试商品','ECS000010',0,1,999.00,999.00,'颜色:黑色 \n版本:WIN8 \n',0,1,'',0,0,'71,115',0,0),(85,68,53,'68ecshop测试商品2','ECS000053',0,1,1200.00,1000.00,'',1,1,'',0,0,'',0,0),(86,69,14,'测试商品测试商品测试商品测试商品测试商品测试商品测试商品测试商品测试商品','ECS000014',0,1,999.00,999.00,'颜色:黑色 \n',0,1,'',0,0,'62',0,0),(87,70,60,'相宜本草 红石榴鲜活亮白护肤套装  抗光晒老化 美白 抗氧化去黄','ECS000060',0,1,0.00,0.00,'',0,0,'',0,0,'0',0,0),(88,71,60,'相宜本草 红石榴鲜活亮白护肤套装  抗光晒老化 美白 抗氧化去黄','ECS000060',0,1,0.00,0.00,'',0,0,'',0,0,'0',0,0),(89,72,60,'相宜本草 红石榴鲜活亮白护肤套装  抗光晒老化 美白 抗氧化去黄','ECS000060',0,1,0.00,0.00,'',0,0,'',0,0,'0',0,0),(90,73,60,'相宜本草 红石榴鲜活亮白护肤套装  抗光晒老化 美白 抗氧化去黄','ECS000060',0,1,0.00,0.00,'',0,0,'',0,0,'0',0,0),(91,74,60,'相宜本草 红石榴鲜活亮白护肤套装  抗光晒老化 美白 抗氧化去黄','ECS000060',0,1,0.00,0.00,'',0,0,'',0,0,'0',0,0),(92,75,60,'相宜本草 红石榴鲜活亮白护肤套装  抗光晒老化 美白 抗氧化去黄','ECS000060',0,1,0.00,0.00,'',0,0,'',0,0,'0',0,0),(93,76,60,'相宜本草 红石榴鲜活亮白护肤套装  抗光晒老化 美白 抗氧化去黄','ECS000060',0,1,0.00,0.00,'',0,0,'',0,0,'0',0,0),(94,77,60,'相宜本草 红石榴鲜活亮白护肤套装  抗光晒老化 美白 抗氧化去黄','ECS000060',0,1,0.00,0.00,'',0,0,'',0,0,'0',0,0),(95,78,60,'相宜本草 红石榴鲜活亮白护肤套装  抗光晒老化 美白 抗氧化去黄','ECS000060',0,1,0.00,0.00,'',0,0,'',0,0,'0',0,0),(96,79,60,'相宜本草 红石榴鲜活亮白护肤套装  抗光晒老化 美白 抗氧化去黄','ECS000060',0,1,0.00,0.00,'',0,0,'',0,0,'0',0,0),(97,80,60,'相宜本草 红石榴鲜活亮白护肤套装  抗光晒老化 美白 抗氧化去黄','ECS000060',0,1,0.00,0.00,'',0,0,'',0,0,'0',0,0),(98,81,60,'相宜本草 红石榴鲜活亮白护肤套装  抗光晒老化 美白 抗氧化去黄','ECS000060',0,1,0.00,0.00,'',0,0,'',0,0,'0',0,0),(99,82,60,'相宜本草 红石榴鲜活亮白护肤套装  抗光晒老化 美白 抗氧化去黄','ECS000060',0,1,0.00,0.00,'',0,0,'',0,0,'0',0,0),(100,83,60,'相宜本草 红石榴鲜活亮白护肤套装  抗光晒老化 美白 抗氧化去黄','ECS000060',0,1,0.00,0.00,'',0,0,'',0,0,'0',0,0),(101,84,60,'相宜本草 红石榴鲜活亮白护肤套装  抗光晒老化 美白 抗氧化去黄','ECS000060',0,1,0.00,0.00,'',0,0,'',0,0,'0',0,0),(102,85,60,'相宜本草 红石榴鲜活亮白护肤套装  抗光晒老化 美白 抗氧化去黄','ECS000060',0,1,0.00,0.00,'',0,0,'',0,0,'0',0,0),(103,86,60,'相宜本草 红石榴鲜活亮白护肤套装  抗光晒老化 美白 抗氧化去黄','ECS000060',0,1,0.00,0.00,'',0,0,'',0,0,'0',0,0),(104,87,60,'相宜本草 红石榴鲜活亮白护肤套装  抗光晒老化 美白 抗氧化去黄','ECS000060',0,1,0.00,0.00,'',0,0,'',0,0,'0',0,0),(105,88,60,'相宜本草 红石榴鲜活亮白护肤套装  抗光晒老化 美白 抗氧化去黄','ECS000060',0,1,0.00,0.00,'',0,0,'',0,0,'0',0,0),(106,89,60,'相宜本草 红石榴鲜活亮白护肤套装  抗光晒老化 美白 抗氧化去黄','ECS000060',0,1,0.00,0.00,'',0,0,'',0,0,'0',0,0),(107,90,60,'相宜本草 红石榴鲜活亮白护肤套装  抗光晒老化 美白 抗氧化去黄','ECS000060',0,1,0.00,0.00,'',0,0,'',0,0,'0',0,0),(108,91,60,'相宜本草 红石榴鲜活亮白护肤套装  抗光晒老化 美白 抗氧化去黄','ECS000060',0,1,0.00,0.00,'',0,0,'',0,0,'0',0,0),(109,92,60,'相宜本草 红石榴鲜活亮白护肤套装  抗光晒老化 美白 抗氧化去黄','ECS000060',0,1,0.00,0.00,'',0,0,'',0,0,'0',0,0),(110,93,60,'相宜本草 红石榴鲜活亮白护肤套装  抗光晒老化 美白 抗氧化去黄','ECS000060',0,1,0.00,0.00,'',0,0,'',0,0,'0',0,0),(111,94,60,'相宜本草 红石榴鲜活亮白护肤套装  抗光晒老化 美白 抗氧化去黄','ECS000060',0,1,0.00,0.00,'',0,0,'',0,0,'0',0,0),(112,95,60,'相宜本草 红石榴鲜活亮白护肤套装  抗光晒老化 美白 抗氧化去黄','ECS000060',0,1,0.00,0.00,'',0,0,'',0,0,'0',0,0),(113,96,60,'相宜本草 红石榴鲜活亮白护肤套装  抗光晒老化 美白 抗氧化去黄','ECS000060',0,1,0.00,0.00,'',0,0,'',0,0,'0',0,0),(114,97,60,'相宜本草 红石榴鲜活亮白护肤套装  抗光晒老化 美白 抗氧化去黄','ECS000060',0,1,0.00,0.00,'',0,0,'',0,0,'0',0,0),(115,98,60,'相宜本草 红石榴鲜活亮白护肤套装  抗光晒老化 美白 抗氧化去黄','ECS000060',0,1,0.00,0.00,'',0,0,'',0,0,'0',0,0),(116,99,60,'相宜本草 红石榴鲜活亮白护肤套装  抗光晒老化 美白 抗氧化去黄','ECS000060',0,1,0.00,0.00,'',0,0,'',0,0,'0',0,0),(117,100,60,'相宜本草 红石榴鲜活亮白护肤套装  抗光晒老化 美白 抗氧化去黄','ECS000060',0,1,0.00,0.00,'',0,0,'',0,0,'0',0,0),(118,101,60,'相宜本草 红石榴鲜活亮白护肤套装  抗光晒老化 美白 抗氧化去黄','ECS000060',0,1,0.00,0.00,'',0,0,'',0,0,'0',0,0),(119,102,60,'相宜本草 红石榴鲜活亮白护肤套装  抗光晒老化 美白 抗氧化去黄','ECS000060',0,1,0.00,0.00,'',0,0,'',0,0,'0',0,0),(120,103,60,'相宜本草 红石榴鲜活亮白护肤套装  抗光晒老化 美白 抗氧化去黄','ECS000060',0,1,0.00,0.00,'',0,0,'',0,0,'0',0,0),(121,104,60,'相宜本草 红石榴鲜活亮白护肤套装  抗光晒老化 美白 抗氧化去黄','ECS000060',0,1,0.00,0.00,'',0,0,'',0,0,'0',0,0),(122,105,60,'相宜本草 红石榴鲜活亮白护肤套装  抗光晒老化 美白 抗氧化去黄','ECS000060',0,1,0.00,0.00,'',0,0,'',0,0,'0',0,0),(123,106,60,'相宜本草 红石榴鲜活亮白护肤套装  抗光晒老化 美白 抗氧化去黄','ECS000060',0,1,0.00,0.00,'',0,0,'',0,0,'0',0,0),(124,107,60,'相宜本草 红石榴鲜活亮白护肤套装  抗光晒老化 美白 抗氧化去黄','ECS000060',0,1,0.00,0.00,'',0,0,'',0,0,'0',0,0),(125,108,60,'相宜本草 红石榴鲜活亮白护肤套装  抗光晒老化 美白 抗氧化去黄','ECS000060',0,1,0.00,0.00,'',0,0,'',0,0,'0',0,0),(126,109,60,'相宜本草 红石榴鲜活亮白护肤套装  抗光晒老化 美白 抗氧化去黄','ECS000060',0,1,0.00,0.00,'',0,0,'',0,0,'0',0,0),(127,110,60,'相宜本草 红石榴鲜活亮白护肤套装  抗光晒老化 美白 抗氧化去黄','ECS000060',0,1,0.00,0.00,'',0,0,'',0,0,'0',0,0),(128,111,60,'相宜本草 红石榴鲜活亮白护肤套装  抗光晒老化 美白 抗氧化去黄','ECS000060',0,1,0.00,0.00,'',0,0,'',0,0,'0',0,0),(129,112,60,'相宜本草 红石榴鲜活亮白护肤套装  抗光晒老化 美白 抗氧化去黄','ECS000060',0,1,0.00,0.00,'',0,0,'',0,0,'0',0,0),(130,113,60,'相宜本草 红石榴鲜活亮白护肤套装  抗光晒老化 美白 抗氧化去黄','ECS000060',0,1,0.00,0.00,'',0,0,'',0,0,'0',0,0),(131,114,60,'相宜本草 红石榴鲜活亮白护肤套装  抗光晒老化 美白 抗氧化去黄','ECS000060',0,1,0.00,0.00,'',0,0,'',0,0,'0',0,0),(132,115,60,'相宜本草 红石榴鲜活亮白护肤套装  抗光晒老化 美白 抗氧化去黄','ECS000060',0,1,0.00,0.00,'',0,0,'',0,0,'0',0,0),(133,116,60,'相宜本草 红石榴鲜活亮白护肤套装  抗光晒老化 美白 抗氧化去黄','ECS000060',0,1,0.00,0.00,'',0,0,'',0,0,'0',0,0),(134,117,60,'相宜本草 红石榴鲜活亮白护肤套装  抗光晒老化 美白 抗氧化去黄','ECS000060',0,1,0.00,0.00,'',0,0,'',0,0,'0',0,0),(135,118,60,'相宜本草 红石榴鲜活亮白护肤套装  抗光晒老化 美白 抗氧化去黄','ECS000060',0,1,0.00,0.00,'',0,0,'',0,0,'0',0,0),(136,119,60,'相宜本草 红石榴鲜活亮白护肤套装  抗光晒老化 美白 抗氧化去黄','ECS000060',0,1,0.00,0.00,'',0,0,'',0,0,'0',0,0),(137,120,60,'相宜本草 红石榴鲜活亮白护肤套装  抗光晒老化 美白 抗氧化去黄','ECS000060',0,1,0.00,0.00,'',0,0,'',0,0,'0',0,0),(138,121,60,'相宜本草 红石榴鲜活亮白护肤套装  抗光晒老化 美白 抗氧化去黄','ECS000060',0,1,0.00,0.00,'',0,0,'',0,0,'0',0,0),(139,122,60,'相宜本草 红石榴鲜活亮白护肤套装  抗光晒老化 美白 抗氧化去黄','ECS000060',0,1,0.00,0.00,'',0,0,'',0,0,'0',0,0),(140,123,60,'相宜本草 红石榴鲜活亮白护肤套装  抗光晒老化 美白 抗氧化去黄','ECS000060',0,1,0.00,0.00,'',0,0,'',0,0,'0',0,0),(141,124,60,'相宜本草 红石榴鲜活亮白护肤套装  抗光晒老化 美白 抗氧化去黄','ECS000060',0,1,0.00,0.00,'',0,0,'',0,0,'0',0,0),(142,125,60,'相宜本草 红石榴鲜活亮白护肤套装  抗光晒老化 美白 抗氧化去黄','ECS000060',0,1,0.00,0.00,'',0,0,'',0,0,'0',0,0),(143,126,60,'相宜本草 红石榴鲜活亮白护肤套装  抗光晒老化 美白 抗氧化去黄','ECS000060',0,1,0.00,0.00,'',0,0,'',0,0,'0',0,0),(144,127,60,'相宜本草 红石榴鲜活亮白护肤套装  抗光晒老化 美白 抗氧化去黄','ECS000060',0,1,0.00,0.00,'',0,0,'',0,0,'0',0,0),(145,128,60,'相宜本草 红石榴鲜活亮白护肤套装  抗光晒老化 美白 抗氧化去黄','ECS000060',0,1,0.00,0.00,'',0,0,'',0,0,'0',0,0),(146,129,60,'相宜本草 红石榴鲜活亮白护肤套装  抗光晒老化 美白 抗氧化去黄','ECS000060',0,1,0.00,0.00,'',0,0,'',0,0,'0',0,0),(147,131,60,'相宜本草 红石榴鲜活亮白护肤套装  抗光晒老化 美白 抗氧化去黄','ECS000060',0,1,0.00,0.00,'',0,1,'',0,0,'',0,0),(148,132,53,'68ecshop测试商品2','ECS000053',0,1,1200.00,1000.00,'',0,1,'',0,0,'',0,0),(149,131,15,'测试商品测试商品测试商品测试商品测试商品测试商品测试商品测试商品测试商品','ECS000015',0,1,999.00,999.00,'颜色:黑色 \n',0,1,'',0,0,'59',0,0),(150,133,59,'红玫瑰花礼盒装鲜花速递全国送花上海鲜花杭州北京武汉深圳配送花','ECS000059',0,1,0.00,0.00,'',0,0,'',0,0,'0',0,0),(151,134,59,'红玫瑰花礼盒装鲜花速递全国送花上海鲜花杭州北京武汉深圳配送花','ECS000059',0,1,0.00,0.00,'',0,0,'',0,0,'0',0,0),(152,135,59,'红玫瑰花礼盒装鲜花速递全国送花上海鲜花杭州北京武汉深圳配送花','ECS000059',0,1,0.00,0.00,'',0,0,'',0,0,'0',0,0),(153,136,59,'红玫瑰花礼盒装鲜花速递全国送花上海鲜花杭州北京武汉深圳配送花','ECS000059',0,1,0.00,0.00,'',0,0,'',0,0,'0',0,0),(154,137,59,'红玫瑰花礼盒装鲜花速递全国送花上海鲜花杭州北京武汉深圳配送花','ECS000059',0,1,0.00,0.00,'',0,0,'',0,0,'0',0,0),(155,138,59,'红玫瑰花礼盒装鲜花速递全国送花上海鲜花杭州北京武汉深圳配送花','ECS000059',0,1,0.00,0.00,'',0,0,'',0,0,'0',0,0),(156,139,59,'红玫瑰花礼盒装鲜花速递全国送花上海鲜花杭州北京武汉深圳配送花','ECS000059',0,1,0.00,0.00,'',0,0,'',0,0,'0',0,0),(157,140,59,'红玫瑰花礼盒装鲜花速递全国送花上海鲜花杭州北京武汉深圳配送花','ECS000059',0,1,0.00,0.00,'',0,0,'',0,0,'0',0,0),(158,141,59,'红玫瑰花礼盒装鲜花速递全国送花上海鲜花杭州北京武汉深圳配送花','ECS000059',0,1,0.00,0.00,'',0,0,'',0,0,'0',0,0),(159,142,59,'红玫瑰花礼盒装鲜花速递全国送花上海鲜花杭州北京武汉深圳配送花','ECS000059',0,1,0.00,0.00,'',0,0,'',0,0,'0',0,0),(160,143,59,'红玫瑰花礼盒装鲜花速递全国送花上海鲜花杭州北京武汉深圳配送花','ECS000059',0,1,0.00,0.00,'',0,0,'',0,0,'0',0,0),(161,144,59,'红玫瑰花礼盒装鲜花速递全国送花上海鲜花杭州北京武汉深圳配送花','ECS000059',0,1,0.00,0.00,'',0,0,'',0,0,'0',0,0),(162,145,59,'红玫瑰花礼盒装鲜花速递全国送花上海鲜花杭州北京武汉深圳配送花','ECS000059',0,1,0.00,0.00,'',0,0,'',0,0,'0',0,0),(163,146,59,'红玫瑰花礼盒装鲜花速递全国送花上海鲜花杭州北京武汉深圳配送花','ECS000059',0,1,0.00,0.00,'',0,0,'',0,0,'0',0,0),(164,147,59,'红玫瑰花礼盒装鲜花速递全国送花上海鲜花杭州北京武汉深圳配送花','ECS000059',0,1,0.00,0.00,'',0,0,'',0,0,'0',0,0),(165,148,59,'红玫瑰花礼盒装鲜花速递全国送花上海鲜花杭州北京武汉深圳配送花','ECS000059',0,1,0.00,0.00,'',0,0,'',0,0,'0',0,0),(166,149,59,'红玫瑰花礼盒装鲜花速递全国送花上海鲜花杭州北京武汉深圳配送花','ECS000059',0,1,0.00,0.00,'',0,0,'',0,0,'0',0,0),(167,150,59,'红玫瑰花礼盒装鲜花速递全国送花上海鲜花杭州北京武汉深圳配送花','ECS000059',0,1,0.00,0.00,'',0,0,'',0,0,'0',0,0),(168,151,59,'红玫瑰花礼盒装鲜花速递全国送花上海鲜花杭州北京武汉深圳配送花','ECS000059',0,1,0.00,0.00,'',0,0,'',0,0,'0',0,0),(169,152,59,'红玫瑰花礼盒装鲜花速递全国送花上海鲜花杭州北京武汉深圳配送花','ECS000059',0,1,0.00,0.00,'',0,0,'',0,0,'0',0,0),(170,153,53,'68ecshop测试商品2','ECS000053',0,1,1200.00,1000.00,'',1,1,'',0,0,'',0,0),(171,154,57,'正品军迷衬衣 军装户外 纯棉热卖长短两用衬衣 经典款热卖衬衫','ECS000057',0,1,0.00,0.00,'',0,0,'',0,0,'0',0,0),(172,155,57,'正品军迷衬衣 军装户外 纯棉热卖长短两用衬衣 经典款热卖衬衫','ECS000057',0,1,0.00,0.00,'',0,0,'',0,0,'0',0,0),(173,156,57,'正品军迷衬衣 军装户外 纯棉热卖长短两用衬衣 经典款热卖衬衫','ECS000057',0,1,0.00,0.00,'',0,0,'',0,0,'0',0,0),(174,157,57,'正品军迷衬衣 军装户外 纯棉热卖长短两用衬衣 经典款热卖衬衫','ECS000057',0,1,0.00,0.00,'',0,0,'',0,0,'0',0,0),(175,158,57,'正品军迷衬衣 军装户外 纯棉热卖长短两用衬衣 经典款热卖衬衫','ECS000057',0,1,0.00,0.00,'',0,0,'',0,0,'0',0,0),(176,159,57,'正品军迷衬衣 军装户外 纯棉热卖长短两用衬衣 经典款热卖衬衫','ECS000057',0,1,0.00,0.00,'',0,0,'',0,0,'0',0,0),(177,160,57,'正品军迷衬衣 军装户外 纯棉热卖长短两用衬衣 经典款热卖衬衫','ECS000057',0,1,0.00,0.00,'',0,0,'',0,0,'0',0,0),(178,161,57,'正品军迷衬衣 军装户外 纯棉热卖长短两用衬衣 经典款热卖衬衫','ECS000057',0,1,0.00,0.00,'',0,0,'',0,0,'0',0,0),(179,162,57,'正品军迷衬衣 军装户外 纯棉热卖长短两用衬衣 经典款热卖衬衫','ECS000057',0,1,0.00,0.00,'',0,0,'',0,0,'0',0,0),(180,163,57,'正品军迷衬衣 军装户外 纯棉热卖长短两用衬衣 经典款热卖衬衫','ECS000057',0,1,0.00,0.00,'',0,0,'',0,0,'0',0,0),(181,164,57,'正品军迷衬衣 军装户外 纯棉热卖长短两用衬衣 经典款热卖衬衫','ECS000057',0,1,0.00,0.00,'',0,0,'',0,0,'0',0,0),(182,165,57,'正品军迷衬衣 军装户外 纯棉热卖长短两用衬衣 经典款热卖衬衫','ECS000057',0,1,0.00,0.00,'',0,0,'',0,0,'0',0,0),(183,166,57,'正品军迷衬衣 军装户外 纯棉热卖长短两用衬衣 经典款热卖衬衫','ECS000057',0,1,0.00,0.00,'',0,0,'',0,0,'0',0,0),(184,167,57,'正品军迷衬衣 军装户外 纯棉热卖长短两用衬衣 经典款热卖衬衫','ECS000057',0,1,0.00,0.00,'',0,0,'',0,0,'0',0,0),(185,168,57,'正品军迷衬衣 军装户外 纯棉热卖长短两用衬衣 经典款热卖衬衫','ECS000057',0,1,0.00,0.00,'',0,0,'',0,0,'0',0,0),(186,169,57,'正品军迷衬衣 军装户外 纯棉热卖长短两用衬衣 经典款热卖衬衫','ECS000057',0,1,0.00,0.00,'',0,0,'',0,0,'0',0,0),(187,170,57,'正品军迷衬衣 军装户外 纯棉热卖长短两用衬衣 经典款热卖衬衫','ECS000057',0,1,0.00,0.00,'',0,0,'',0,0,'0',0,0),(188,171,57,'正品军迷衬衣 军装户外 纯棉热卖长短两用衬衣 经典款热卖衬衫','ECS000057',0,1,0.00,0.00,'',0,0,'',0,0,'0',0,0),(189,172,57,'正品军迷衬衣 军装户外 纯棉热卖长短两用衬衣 经典款热卖衬衫','ECS000057',0,1,0.00,0.00,'',0,0,'',0,0,'0',0,0),(190,173,57,'正品军迷衬衣 军装户外 纯棉热卖长短两用衬衣 经典款热卖衬衫','ECS000057',0,1,0.00,0.00,'',0,0,'',0,0,'0',0,0),(191,175,36,'测试商品测试商品测试商品测试商品测试商品测试商品测试商品测试商品测试商品','ECS000036',0,1,799.19,555.00,'',0,1,'',0,0,'',0,0),(192,176,53,'68ecshop测试商品2','ECS000053',0,1,1200.00,1000.00,'',0,1,'',0,0,'',0,0),(193,175,37,'测试商品测试商品测试商品测试商品测试商品测试商品测试商品测试商品测试商品','ECS000037',0,1,666.00,545.00,'',0,1,'',0,0,'',0,0),(194,175,34,'测试商品测试商品测试商品测试商品测试商品测试商品测试商品测试商品测试商品','ECS000034',0,1,1065.60,777.00,'',0,1,'',0,0,'',0,0),(195,175,15,'测试商品测试商品测试商品测试商品测试商品测试商品测试商品测试商品测试商品','ECS000015',0,1,999.00,999.00,'颜色:黑色 \n',0,1,'',0,0,'59',0,0),(196,178,48,'68ecshop供货商测试商品','ECS000048',0,1,720.00,600.00,'',0,1,'',0,0,'',0,0),(197,179,29,'测试商品测试商品测试商品测试商品测试商品测试商品测试商品测试商品测试商品','ECS000029',0,1,999.00,777.00,'颜色:红色 \n尺寸:M \n',0,1,'',0,0,'27,29',0,0),(198,181,50,'68ecshop供货商测试商品','ECS000050',0,1,720.00,600.00,'',0,1,'',0,0,'',1,1),(199,181,47,'68ecshop供货商测试商品','ECS000047',0,1,720.00,600.00,'',0,1,'',0,0,'',0,0),(200,182,30,'测试商品测试商品测试商品测试商品测试商品测试商品测试商品测试商品测试商品','ECS000030',0,1,999.00,777.00,'颜色:蓝色 \n尺寸:M \n',0,1,'',0,0,'22,24',0,0),(201,182,29,'测试商品测试商品测试商品测试商品测试商品测试商品测试商品测试商品测试商品','ECS000029',0,1,999.00,777.00,'颜色:红色 \n尺寸:M \n',0,1,'',0,0,'27,29',0,0),(202,182,27,'测试商品测试商品测试商品测试商品测试商品测试商品测试商品测试商品测试商品','ECS000027',0,1,999.00,888.00,'颜色:红色 \n尺寸:X \n',0,1,'',0,0,'37,39',0,0),(203,183,53,'68ecshop测试商品2','ECS000053',0,1,0.00,0.00,'',0,0,'',0,0,'0',0,0),(204,184,53,'68ecshop测试商品2','ECS000053',0,1,0.00,0.00,'',0,0,'',0,0,'0',0,0),(205,185,53,'68ecshop测试商品2','ECS000053',0,1,0.00,0.00,'',0,0,'',0,0,'0',0,0),(206,186,53,'68ecshop测试商品2','ECS000053',0,1,0.00,0.00,'',0,0,'',0,0,'0',0,0),(207,187,53,'68ecshop测试商品2','ECS000053',0,1,0.00,0.00,'',0,0,'',0,0,'0',0,0),(208,188,53,'68ecshop测试商品2','ECS000053',0,1,0.00,0.00,'',0,0,'',0,0,'0',0,0),(209,189,53,'68ecshop测试商品2','ECS000053',0,1,0.00,0.00,'',0,0,'',0,0,'0',0,0),(210,190,53,'68ecshop测试商品2','ECS000053',0,1,0.00,0.00,'',0,0,'',0,0,'0',0,0),(211,191,53,'68ecshop测试商品2','ECS000053',0,1,0.00,0.00,'',0,0,'',0,0,'0',0,0),(212,192,53,'68ecshop测试商品2','ECS000053',0,1,0.00,0.00,'',0,0,'',0,0,'0',0,0),(213,193,53,'68ecshop测试商品2','ECS000053',0,1,0.00,0.00,'',0,0,'',0,0,'0',0,0),(214,194,53,'68ecshop测试商品2','ECS000053',0,1,0.00,0.00,'',0,0,'',0,0,'0',0,0),(215,195,53,'68ecshop测试商品2','ECS000053',0,1,0.00,0.00,'',0,0,'',0,0,'0',0,0),(216,196,53,'68ecshop测试商品2','ECS000053',0,1,0.00,0.00,'',0,0,'',0,0,'0',0,0),(217,197,53,'68ecshop测试商品2','ECS000053',0,1,0.00,0.00,'',0,0,'',0,0,'0',0,0),(218,198,53,'68ecshop测试商品2','ECS000053',0,1,0.00,0.00,'',0,0,'',0,0,'0',0,0),(219,199,53,'68ecshop测试商品2','ECS000053',0,1,0.00,0.00,'',0,0,'',0,0,'0',0,0),(220,200,53,'68ecshop测试商品2','ECS000053',0,1,0.00,0.00,'',0,0,'',0,0,'0',0,0),(221,201,53,'68ecshop测试商品2','ECS000053',0,1,0.00,0.00,'',0,0,'',0,0,'0',0,0),(222,202,53,'68ecshop测试商品2','ECS000053',0,1,0.00,0.00,'',0,0,'',0,0,'0',0,0),(223,204,54,'68ecshop测试商品3','ECS000054',0,1,2400.00,2000.00,'颜色:红色 \n尺寸:XL \n',1,1,'',0,0,'149,151',1,1),(224,205,39,'测试商品测试商品测试商品测试商品测试商品测试商品测试商品测试商品测试商品','ECS000039',0,1,666.00,444.00,'',0,1,'',0,0,'',1,1),(225,207,53,'68ecshop测试商品2','ECS000053',0,1,1200.00,1000.00,'颜色:红色 \n尺寸:M \n',0,1,'',0,0,'153,155',0,0),(226,207,47,'68ecshop供货商测试商品','ECS000047',0,1,720.00,600.00,'',0,1,'',0,0,'',0,0),(227,207,45,'68ecshop供货商测试商品','ECS000045',0,1,1000.00,0.00,'',0,1,'',0,0,'',0,0),(228,208,38,'测试商品测试商品测试商品测试商品测试商品测试商品测试商品测试商品测试商品','ECS000038',0,1,0.00,0.00,'颜色:白色 \n版本:120G \n',1,1,'',0,0,'130,131',0,0),(229,210,53,'68ecshop测试商品2','ECS000053',0,1,1200.00,1000.00,'颜色:红色 \n尺寸:M \n',0,1,'',0,0,'153,155',0,0),(230,211,34,'Midea/美的 FS406C电饭煲 4L智能定时预约家用电饭锅正品特价包邮','ECS000034',0,1,1065.60,777.00,'',0,1,'',0,0,'',0,0),(231,212,54,'68ecshop测试商品3','ECS000054',0,1,2400.00,2000.00,'颜色:红色<br />尺寸:XL',0,1,'',0,0,'149',0,0),(232,212,34,'Midea/美的 FS406C电饭煲 4L智能定时预约家用电饭锅正品特价包邮','ECS000034',0,1,1065.60,1065.60,'',0,1,'',0,0,'151',0,0),(233,218,53,'68ecshop测试商品2','ECS000053',0,1,1200.00,1000.00,'颜色:红色 \n尺寸:M \n',0,1,'',0,0,'153,155',0,0),(234,219,34,'Midea/美的 FS406C电饭煲 4L智能定时预约家用电饭锅正品特价包邮','ECS000034',0,1,1065.60,777.00,'',0,1,'',0,0,'',0,0),(235,220,34,'Midea/美的 FS406C电饭煲 4L智能定时预约家用电饭锅正品特价包邮','ECS000034',0,1,1065.60,777.00,'颜色:红色<br />尺寸:M',0,1,'',0,0,'153',0,0),(236,221,53,'68ecshop测试商品2','ECS000053',0,1,1200.00,0.00,'',0,1,'',0,0,'155',0,0),(237,222,34,'Midea/美的 FS406C电饭煲 4L智能定时预约家用电饭锅正品特价包邮','ECS000034',0,1,1065.60,777.00,'颜色:红色<br />尺寸:M',0,1,'',0,0,'153',0,0),(238,223,53,'68ecshop测试商品2','ECS000053',0,1,1200.00,1000.00,'',0,1,'',0,0,'155',0,0),(239,224,34,'Midea/美的 FS406C电饭煲 4L智能定时预约家用电饭锅正品特价包邮','ECS000034',0,1,1065.60,777.00,'颜色:红色<br />尺寸:M',0,1,'',0,0,'153',0,0),(240,225,53,'68ecshop测试商品2','ECS000053',0,1,1200.00,1000.00,'',0,1,'',0,0,'155',0,0),(241,226,34,'Midea/美的 FS406C电饭煲 4L智能定时预约家用电饭锅正品特价包邮','ECS000034',0,1,1065.60,777.00,'颜色:红色<br />尺寸:M',0,1,'',0,0,'153',0,0),(242,227,53,'68ecshop测试商品2','ECS000053',0,1,1200.00,1000.00,'',0,1,'',0,0,'155',0,0),(243,228,34,'Midea/美的 FS406C电饭煲 4L智能定时预约家用电饭锅正品特价包邮','ECS000034',0,1,1065.60,1065.60,'颜色:红色<br />尺寸:M',0,1,'',0,0,'153',0,0),(244,228,53,'68ecshop测试商品2','ECS000053',0,1,1200.00,1000.00,'',0,1,'',0,0,'155',0,0),(245,229,34,'Midea/美的 FS406C电饭煲 4L智能定时预约家用电饭锅正品特价包邮','ECS000034',0,1,1065.60,777.00,'',0,1,'',0,0,'',0,0),(246,230,53,'68ecshop测试商品2','ECS000053',0,1,1200.00,1000.00,'颜色:红色<br />尺寸:M',0,1,'',0,0,'153',0,0),(247,231,54,'68ecshop测试商品3','ECS000054',0,1,2400.00,2000.00,'颜色:红色<br />尺寸:XL',0,1,'',0,0,'149',0,0),(248,232,34,'Midea/美的 FS406C电饭煲 4L智能定时预约家用电饭锅正品特价包邮','ECS000034',0,1,1065.60,777.00,'',0,1,'',0,0,'',0,0),(249,233,34,'Midea/美的 FS406C电饭煲 4L智能定时预约家用电饭锅正品特价包邮','ECS000034',0,1,1065.60,777.00,'',0,1,'',0,0,'',0,0),(250,234,54,'68ecshop测试商品3','ECS000054',0,1,2400.00,2000.00,'颜色:红色<br />尺寸:XL',0,1,'',0,0,'149',0,0),(251,235,54,'68ecshop测试商品3','ECS000054',0,1,2400.00,2000.00,'颜色:红色<br />尺寸:XL',0,1,'',0,0,'149',0,0),(252,236,54,'68ecshop测试商品3','ECS000054',0,1,2400.00,2000.00,'颜色:红色<br />尺寸:XL',0,1,'',0,0,'149',0,0),(253,237,54,'68ecshop测试商品3','ECS000054',0,1,2400.00,2000.00,'颜色:红色<br />尺寸:XL',0,1,'',0,0,'149',0,0),(254,238,54,'68ecshop测试商品3','ECS000054',0,1,2400.00,2000.00,'颜色:红色<br />尺寸:XL',0,1,'',0,0,'149',0,0),(255,239,54,'68ecshop测试商品3','ECS000054',0,1,2400.00,2000.00,'颜色:红色<br />尺寸:XL',0,1,'',0,0,'149',0,0),(256,240,54,'68ecshop测试商品3','ECS000054',0,1,2400.00,2000.00,'颜色:红色<br />尺寸:XL',0,1,'',0,0,'149',0,0),(257,241,34,'Midea/美的 FS406C电饭煲 4L智能定时预约家用电饭锅正品特价包邮','ECS000034',0,1,1065.60,777.00,'',0,1,'',0,0,'',0,0),(260,244,11,'测试商品测试商品测试商品测试商品测试商品测试商品测试商品测试商品测试商品','ECS000011',0,1,999.00,555.00,'颜色:红色<br />尺寸:XL',0,1,'',0,0,'106149',0,0),(261,244,34,'Midea/美的 FS406C电饭煲 4L智能定时预约家用电饭锅正品特价包邮','ECS000034',0,1,1065.60,777.00,'颜色:黑色<br />版本:60G',0,1,'',0,0,'69',0,0),(262,245,53,'68ecshop测试商品2','ECS000053',0,1,1200.00,1000.00,'',0,1,'',0,0,'155',0,0),(263,245,54,'68ecshop测试商品3','ECS000054',0,1,2400.00,2000.00,'颜色:红色<br />尺寸:M',0,1,'',0,0,'151153',0,0),(264,246,54,'68ecshop测试商品3','ECS000054',0,1,2400.00,2000.00,'颜色:红色<br />尺寸:XL',0,1,'',0,0,'149',0,0),(265,247,34,'Midea/美的 FS406C电饭煲 4L智能定时预约家用电饭锅正品特价包邮','ECS000034',0,1,1065.60,777.00,'',0,1,'',0,0,'',0,0),(266,249,53,'68ecshop测试商品2','ECS000053',0,1,1200.00,1000.00,'颜色:红色 \n尺寸:M \n',0,1,'',0,0,'153,155',0,0),(267,250,34,'Midea/美的 FS406C电饭煲 4L智能定时预约家用电饭锅正品特价包邮','ECS000034',0,1,1065.60,777.00,'',1,1,'',0,0,'',0,0),(268,252,53,'68ecshop测试商品2','ECS000053',0,1,1200.00,1000.00,'颜色:红色 \n尺寸:M \n',0,1,'',0,0,'153,155',0,0),(269,253,34,'Midea/美的 FS406C电饭煲 4L智能定时预约家用电饭锅正品特价包邮','ECS000034',0,1,1065.60,777.00,'',0,1,'',0,0,'',0,0),(270,255,13,'【718大牌日】妖精的口袋 桃花桥2014立体宫廷女欧美风印花连衣裙','ECS000013',0,1,999.00,777.00,'颜色:黑色 \n',1,1,'',0,0,'65',0,0),(271,256,57,'正品军迷衬衣 军装户外 纯棉热卖长短两用衬衣 经典款热卖衬衫','ECS000057',0,1,2400.00,2000.00,'',0,1,'',0,0,'',0,0),(272,256,58,'红玫瑰花礼盒装鲜花速递全国送花上海鲜花杭州北京武汉深圳配送花','ECS000058',0,1,2040.00,1700.00,'',0,1,'',0,0,'',0,0),(273,258,53,'68ecshop测试商品2','ECS000053',0,1,1200.00,1000.00,'颜色:红色 \n尺寸:M \n',1,1,'',0,0,'153,155',0,0),(274,259,34,'Midea/美的 FS406C电饭煲 4L智能定时预约家用电饭锅正品特价包邮','ECS000034',0,1,1065.60,777.00,'',0,1,'',0,0,'',0,0),(275,261,53,'68ecshop测试商品2','ECS000053',0,1,1200.00,1000.00,'颜色:红色 \n尺寸:M \n',0,1,'',0,0,'153,155',0,0),(276,262,34,'Midea/美的 FS406C电饭煲 4L智能定时预约家用电饭锅正品特价包邮','ECS000034',0,1,1065.60,777.00,'',0,1,'',0,0,'',0,0),(277,264,53,'68ecshop测试商品2','ECS000053',0,1,1200.00,1000.00,'颜色:红色 \n尺寸:M \n',0,1,'',0,0,'153,155',0,0),(278,265,34,'Midea/美的 FS406C电饭煲 4L智能定时预约家用电饭锅正品特价包邮','ECS000034',0,1,1065.60,777.00,'',0,1,'',0,0,'',0,0),(279,266,34,'Midea/美的 FS406C电饭煲 4L智能定时预约家用电饭锅正品特价包邮','ECS000034',0,1,1065.60,777.00,'',0,1,'',0,0,'',0,0),(280,268,34,'Midea/美的 FS406C电饭煲 4L智能定时预约家用电饭锅正品特价包邮','ECS000034',0,2,1065.60,777.00,'',0,1,'',0,0,'',0,0),(281,269,53,'68ecshop测试商品2','ECS000053',0,1,1200.00,1000.00,'颜色:红色 \n尺寸:M \n',0,1,'',0,0,'153,155',0,0),(282,271,34,'Midea/美的 FS406C电饭煲 4L智能定时预约家用电饭锅正品特价包邮','ECS000034',0,1,1065.60,777.00,'',0,1,'',0,0,'',0,0),(283,272,53,'68ecshop测试商品2','ECS000053',0,1,1200.00,1000.00,'颜色:红色 \n尺寸:M \n',0,1,'',0,0,'153,155',0,0);
/*!40000 ALTER TABLE `ecs_order_goods` ENABLE KEYS */;
UNLOCK TABLES;

--
-- Table structure for table `ecs_order_info`
--

DROP TABLE IF EXISTS `ecs_order_info`;
/*!40101 SET @saved_cs_client     = @@character_set_client */;
/*!40101 SET character_set_client = utf8 */;
CREATE TABLE `ecs_order_info` (
  `order_id` mediumint(8) unsigned NOT NULL AUTO_INCREMENT,
  `order_sn` varchar(20) NOT NULL DEFAULT '',
  `user_id` mediumint(8) unsigned NOT NULL DEFAULT '0',
  `order_status` tinyint(1) unsigned NOT NULL DEFAULT '0',
  `shipping_status` tinyint(1) unsigned NOT NULL DEFAULT '0',
  `pay_status` tinyint(1) unsigned NOT NULL DEFAULT '0',
  `consignee` varchar(60) NOT NULL DEFAULT '',
  `country` smallint(5) unsigned NOT NULL DEFAULT '0',
  `province` smallint(5) unsigned NOT NULL DEFAULT '0',
  `city` smallint(5) unsigned NOT NULL DEFAULT '0',
  `district` smallint(5) unsigned NOT NULL DEFAULT '0',
  `address` varchar(255) NOT NULL DEFAULT '',
  `zipcode` varchar(60) NOT NULL DEFAULT '',
  `tel` varchar(60) NOT NULL DEFAULT '',
  `mobile` varchar(60) NOT NULL DEFAULT '',
  `email` varchar(60) NOT NULL DEFAULT '',
  `best_time` varchar(120) NOT NULL DEFAULT '',
  `sign_building` varchar(120) NOT NULL DEFAULT '',
  `postscript` varchar(255) NOT NULL DEFAULT '',
  `shipping_id` tinyint(3) NOT NULL DEFAULT '0',
  `shipping_name` varchar(120) NOT NULL DEFAULT '',
  `pay_id` tinyint(3) NOT NULL DEFAULT '0',
  `pay_name` varchar(120) NOT NULL DEFAULT '',
  `how_oos` varchar(120) NOT NULL DEFAULT '',
  `how_surplus` varchar(120) NOT NULL DEFAULT '',
  `pack_name` varchar(120) NOT NULL DEFAULT '',
  `card_name` varchar(120) NOT NULL DEFAULT '',
  `card_message` varchar(255) NOT NULL DEFAULT '',
  `inv_payee` varchar(120) NOT NULL DEFAULT '',
  `inv_content` varchar(120) NOT NULL DEFAULT '',
  `goods_amount` decimal(10,2) NOT NULL DEFAULT '0.00',
  `shipping_fee` decimal(10,2) NOT NULL DEFAULT '0.00',
  `insure_fee` decimal(10,2) NOT NULL DEFAULT '0.00',
  `pay_fee` decimal(10,2) NOT NULL DEFAULT '0.00',
  `pack_fee` decimal(10,2) NOT NULL DEFAULT '0.00',
  `card_fee` decimal(10,2) NOT NULL DEFAULT '0.00',
  `money_paid` decimal(10,2) NOT NULL DEFAULT '0.00',
  `surplus` decimal(10,2) NOT NULL DEFAULT '0.00',
  `integral` int(10) unsigned NOT NULL DEFAULT '0',
  `integral_money` decimal(10,2) NOT NULL DEFAULT '0.00',
  `bonus` decimal(10,2) NOT NULL DEFAULT '0.00',
  `order_amount` decimal(10,2) NOT NULL DEFAULT '0.00',
  `from_ad` smallint(5) NOT NULL DEFAULT '0',
  `referer` varchar(255) NOT NULL DEFAULT '',
  `add_time` int(10) unsigned NOT NULL DEFAULT '0',
  `confirm_time` int(10) unsigned NOT NULL DEFAULT '0',
  `pay_time` int(10) unsigned NOT NULL DEFAULT '0',
  `shipping_time` int(10) unsigned NOT NULL DEFAULT '0',
  `pack_id` tinyint(3) unsigned NOT NULL DEFAULT '0',
  `card_id` tinyint(3) unsigned NOT NULL DEFAULT '0',
  `bonus_id` mediumint(8) unsigned NOT NULL DEFAULT '0',
  `invoice_no` varchar(255) NOT NULL DEFAULT '',
  `extension_code` varchar(30) NOT NULL DEFAULT '',
  `extension_id` mediumint(8) unsigned NOT NULL DEFAULT '0',
  `to_buyer` varchar(255) NOT NULL DEFAULT '',
  `pay_note` varchar(255) NOT NULL DEFAULT '',
  `agency_id` smallint(5) unsigned NOT NULL,
  `inv_type` varchar(60) NOT NULL,
  `tax` decimal(10,2) NOT NULL,
  `is_separate` tinyint(1) NOT NULL DEFAULT '0',
  `parent_id` mediumint(8) unsigned NOT NULL DEFAULT '0',
  `discount` decimal(10,2) NOT NULL,
  `supplier_id` int(10) unsigned NOT NULL DEFAULT '0',
  `parent_order_id` int(10) unsigned NOT NULL DEFAULT '0',
  `rebate_id` int(10) unsigned NOT NULL DEFAULT '0',
  `rebate_ispay` tinyint(2) unsigned NOT NULL DEFAULT '1' COMMENT '是否订单已经返佣(2:已返,1:未返)',
  `tb_nick` varchar(50) NOT NULL COMMENT '淘宝昵称',
  `froms` char(10) NOT NULL DEFAULT 'pc' COMMENT 'pc:电脑,mobile:手机,app:应用',
  PRIMARY KEY (`order_id`),
  UNIQUE KEY `order_sn` (`order_sn`),
  KEY `user_id` (`user_id`),
  KEY `order_status` (`order_status`),
  KEY `shipping_status` (`shipping_status`),
  KEY `pay_status` (`pay_status`),
  KEY `shipping_id` (`shipping_id`),
  KEY `pay_id` (`pay_id`),
  KEY `extension_code` (`extension_code`,`extension_id`),
  KEY `agency_id` (`agency_id`),
  KEY `supplier_id` (`supplier_id`),
  KEY `rebate` (`rebate_id`,`rebate_ispay`)
) ENGINE=MyISAM AUTO_INCREMENT=273 DEFAULT CHARSET=utf8;
/*!40101 SET character_set_client = @saved_cs_client */;

--
-- Dumping data for table `ecs_order_info`
--

LOCK TABLES `ecs_order_info` WRITE;
/*!40000 ALTER TABLE `ecs_order_info` DISABLE KEYS */;
INSERT INTO `ecs_order_info` VALUES (1,'2013010554665',0,5,1,2,'24232',1,13,182,1561,'32233232','3232323232','32322332','','3232@4343.323232','','','',1,'申通快递',1,'银行汇款/转帐','等待所有商品备齐后再发','','','','','','',100.00,15.00,0.00,0.00,0.00,0.00,115.00,0.00,0,0.00,0.00,0.00,0,'本站',1357368128,1357368143,1357368147,1357368184,0,0,0,'20130105064237944','',0,'','',0,'',0.00,0,0,0.00,0,0,0,1,'','pc'),(2,'2013010544172',0,5,1,2,'阿斯多夫',1,30,367,3102,'31231','2332323232','21212','','1212@2332.323223','','','',1,'申通快递',1,'银行汇款/转帐','等待所有商品备齐后再发','','','','','','',0.00,15.00,0.00,0.00,0.00,0.00,15.00,0.00,0,0.00,0.00,0.00,0,'本站',1357369793,1357369922,1357369925,1357369943,0,0,0,'20130105071206845','',0,'','',0,'',0.00,0,0,0.00,0,0,0,1,'','pc'),(3,'2013010530190',0,5,1,2,'3222',1,26,323,2753,'22322222','2333333333','322222222','','3222222@233232.3232','','','',1,'申通快递',1,'银行汇款/转帐','等待所有商品备齐后再发','','','','','','',0.00,15.00,0.00,0.00,0.00,0.00,15.00,0.00,0,0.00,0.00,0.00,0,'本站',1357369818,1357369892,1357369895,1357369914,0,0,0,'20130105071113578','',0,'','',0,'',0.00,0,0,0.00,0,0,0,1,'','pc'),(4,'2013010539652',0,1,3,2,'32',1,30,367,3101,'22223222222','222222222222','222222222222','','32222222@222.222','','','',1,'申通快递',1,'银行汇款/转帐','等待所有商品备齐后再发','','','','','','',0.00,15.00,0.00,0.00,0.00,0.00,15.00,0.00,0,0.00,0.00,0.00,118,'本站',1357369851,1357369859,1357369865,0,0,0,0,'','',0,'','',0,'',0.00,0,0,0.00,0,0,0,1,'','pc'),(5,'2013011423985',0,5,1,2,'阿道夫撒旦法',1,24,312,2611,'阿斯蒂芬sad','232222222','322222222','','2232@23.232','','阿阿斯蒂芬','',1,'申通快递',1,'银行汇款/转帐','等待所有商品备齐后再发','','','','','','',2999.00,15.00,0.00,0.00,0.00,0.00,3014.00,0.00,0,0.00,0.00,0.00,0,'本站',1358144178,1358144188,1358144192,1358144246,0,0,0,'20130114061690663','',0,'','',0,'',0.00,0,0,0.00,0,0,0,1,'','pc'),(6,'2013011523239',0,0,0,0,'23322323',1,22,283,2332,'23323232','323232323232','3232332','','32323232@3232.323232','','','',1,'申通快递',1,'银行汇款/转帐','等待所有商品备齐后再发','','','','','','',800.00,15.00,0.00,0.00,0.00,0.00,0.00,0.00,0,0.00,0.00,815.00,0,'本站',1358240747,0,0,0,0,0,0,'','',0,'','',0,'',0.00,0,0,0.00,0,0,0,1,'','pc'),(7,'2013011502498',0,5,5,2,'asdfasdf',1,21,275,2290,'asdfsadf','3232323232','322222222','','2333@2332.233232','','','',1,'申通快递',1,'银行汇款/转帐','等待所有商品备齐后再发','','','','','','',800.00,15.00,0.00,0.00,0.00,0.00,815.00,0.00,0,0.00,0.00,0.00,0,'本站',1358241642,1358497462,1358497477,0,0,0,0,'','',0,'','',0,'',0.00,0,0,0.00,0,0,0,1,'','pc'),(8,'2013011610953',0,5,2,2,'23323232',1,21,276,2297,'3333223','32233232','2323233232','32322323','3232@323232.322323','','','',1,'申通快递',1,'银行汇款/转帐','等待所有商品备齐后再发','','','','','','',224542.00,15.00,0.00,0.00,0.00,0.00,224557.00,0.00,0,0.00,0.00,0.00,0,'本站',1358326181,1358326195,1358326199,1358326219,0,0,0,'20130116085086950','',0,'','',0,'',0.00,0,0,0.00,0,0,0,1,'','pc'),(9,'2013042021460',0,0,0,0,'fasdf',1,21,275,2290,'asdfasdf','','3223232323','','asfd@asdf.com','','','',1,'申通快递',1,'银行汇款/转帐','等待所有商品备齐后再发','','','','','','',777.00,15.00,0.00,0.00,0.00,0.00,0.00,0.00,0,0.00,0.00,792.00,0,'本站',1366427570,0,0,0,0,0,0,'','',0,'','',0,'',0.00,0,0,0.00,0,0,0,1,'','pc'),(10,'2013042030927',0,0,0,0,'发射点发',1,21,277,2303,'围绕斯蒂芬','','23232323','','2332@2332.2332','','','',1,'申通快递',1,'银行汇款/转帐','等待所有商品备齐后再发','','','','','','',555.00,15.00,0.00,0.00,0.00,0.00,0.00,0.00,0,0.00,0.00,570.00,0,'本站',1366427757,0,0,0,0,0,0,'','',0,'','',0,'',0.00,0,0,0.00,0,0,0,1,'','pc'),(11,'2013042062247',5,0,0,0,'232332',1,21,275,2291,'32232','23232323','3233232','','asdf@asd1f.com','','','',1,'申通快递',1,'银行汇款/转帐','等待所有商品备齐后再发','','','','','','',1554.00,15.00,0.00,0.00,0.00,0.00,0.00,0.00,0,0.00,0.00,1258.20,0,'本站',1366428080,0,0,0,0,0,0,'','',0,'','',0,'',0.00,0,0,310.80,0,0,0,1,'','pc'),(12,'2013042043589',5,0,0,0,'232332',1,21,275,2291,'32232','23232323','3233232','','asdf@asd1f.com','','','',1,'申通快递',1,'银行汇款/转帐','等待所有商品备齐后再发','','','','','','',888.00,15.00,0.00,0.00,0.00,0.00,0.00,0.00,0,0.00,0.00,903.00,0,'本站',1366428140,0,0,0,0,0,0,'','',0,'','',0,'',0.00,0,0,0.00,0,0,0,1,'','pc'),(13,'2013042096467',5,0,0,0,'232332',1,21,275,2291,'32232','23232323','3233232','','asdf@asd1f.com','','','',1,'申通快递',1,'银行汇款/转帐','等待所有商品备齐后再发','','','','','','',888.00,15.00,0.00,0.00,0.00,0.00,0.00,0.00,0,0.00,0.00,903.00,0,'本站',1366428187,0,0,0,0,0,0,'','',0,'','',0,'',0.00,0,0,0.00,0,0,0,1,'','pc'),(14,'2013042045274',5,0,0,0,'232332',1,21,275,2291,'32232','23232323','3233232','','asdf@asd1f.com','','','',1,'申通快递',1,'银行汇款/转帐','等待所有商品备齐后再发','','','','','','',777.00,15.00,0.00,0.00,0.00,0.00,0.00,0.00,0,0.00,0.00,792.00,0,'本站',1366428277,0,0,0,0,0,0,'','',0,'','',0,'',0.00,0,0,0.00,0,0,0,1,'','pc'),(15,'2013042072608',0,0,0,0,'233223',1,3,37,409,'233232','323232','323223','32323223','323232@2323.2332','323232','32322332','',1,'申通快递',1,'银行汇款/转帐','等待所有商品备齐后再发','','','','','','',787.00,15.00,0.00,0.00,0.00,0.00,0.00,0.00,0,0.00,0.00,802.00,0,'本站',1366442496,0,0,0,0,0,0,'','',0,'','',0,'',0.00,0,0,0.00,0,0,0,1,'','pc'),(16,'2013042044513',0,0,0,0,'sdfgdf',1,2,52,500,'asdfasdf','','23322323','','323232@2323.2332','','','',1,'申通快递',1,'银行汇款/转帐','等待所有商品备齐后再发','','','','','','',777.00,15.00,0.00,0.00,0.00,0.00,0.00,0.00,0,0.00,0.00,792.00,0,'本站',1366444808,0,0,0,0,0,0,'','',0,'','',0,'',0.00,0,0,0.00,0,0,0,1,'','pc'),(17,'2013082412294',0,0,0,0,'asdfasdf',1,22,283,2333,'asdfasd','','43333','','asdfasd@w32.2332','','fasdfsadf','',1,'申通快递',1,'银行汇款/转帐','等待所有商品备齐后再发','','','','','','',2442.00,15.00,0.00,0.00,0.00,0.00,0.00,0.00,0,0.00,0.00,2457.00,0,'本站',1377338148,0,0,0,0,0,0,'','',0,'','',0,'',0.00,0,0,0.00,0,0,0,1,'','pc'),(18,'2013082404545',0,0,0,0,'ewwwe',1,22,285,2357,'ewewew','34343443','322323','','ewewew@3232.3232','','','',1,'申通快递',1,'银行汇款/转帐','等待所有商品备齐后再发','','','','','','',777.00,15.00,0.00,0.00,0.00,0.00,0.00,0.00,0,0.00,0.00,792.00,0,'本站',1377338365,0,0,0,0,0,0,'','',0,'','',0,'',0.00,0,0,0.00,0,0,0,1,'','pc'),(19,'2013082555422',0,0,0,0,'323232',1,2,52,501,'232332','','323232','','232323@3232.3223','','','',1,'申通快递',1,'银行汇款/转帐','等待所有商品备齐后再发','','','','','','',777.00,15.00,0.00,0.00,0.00,0.00,0.00,0.00,0,0.00,0.00,792.00,0,'本站',1377441529,0,0,0,0,0,0,'','',0,'','',0,'',0.00,0,0,0.00,0,0,0,1,'','pc'),(20,'2013082764881',0,0,0,0,'323232',1,3,37,409,'323232332','','323232','','233223@2332.3232','','','',1,'申通快递',1,'银行汇款/转帐','等待所有商品备齐后再发','','','','','','',1776.00,15.00,0.00,0.00,0.00,0.00,0.00,0.00,0,0.00,0.00,1791.00,0,'本站',1377565209,0,0,0,0,0,0,'','',0,'','',0,'',0.00,0,0,0.00,0,0,0,1,'','pc'),(21,'2013082729222',0,0,0,0,'68ecshop',1,2,52,500,'秦皇岛市','','15028580705','','68ecshop@ecshop.com','','','',1,'申通快递',1,'银行汇款/转帐','等待所有商品备齐后再发','','','','','','',2564.00,15.00,0.00,0.00,0.00,0.00,0.00,0.00,0,0.00,0.00,2579.00,0,'本站',1377567930,0,0,0,0,0,0,'','',0,'','',0,'',0.00,0,0,0.00,0,0,0,1,'','pc'),(22,'2013082789166',0,0,0,0,'68echsop',1,3,36,399,'秦皇岛市','','15028580705','','68ecshop@ecshop.com','','','',1,'申通快递',1,'银行汇款/转帐','等待所有商品备齐后再发','','','','','','',3341.00,15.00,0.00,0.00,0.00,0.00,0.00,0.00,0,0.00,0.00,3356.00,0,'本站',1377570083,0,0,0,0,0,0,'','',0,'','',0,'',0.00,0,0,0.00,0,0,0,1,'','pc'),(23,'2013123122080',0,0,0,0,'232332',1,22,284,2342,'323223','','2332323232','','32323@2332.3232','2232','','',1,'申通快递',1,'银行汇款/转帐','等待所有商品备齐后再发','','','','','','',3108.00,15.00,0.00,0.00,0.00,0.00,0.00,0.00,0,0.00,0.00,3123.00,0,'本站',1388478968,0,0,0,0,0,0,'','',0,'','',0,'',0.00,0,0,0.00,0,0,0,1,'','pc'),(24,'2013123140482',5,5,2,2,'232332',1,21,275,2291,'32232','','3233232','','asdf@asd1f.com','','','',1,'申通快递',1,'银行汇款/转帐','等待所有商品备齐后再发','','','','','','',5439.00,15.00,0.00,0.00,0.00,0.00,5454.00,0.00,0,0.00,0.00,0.00,0,'本站',1388481784,1388713219,1388713222,1388713237,0,0,0,'20140103014041903','',0,'','',0,'',0.00,0,0,0.00,0,0,0,1,'','pc'),(25,'2014010237040',5,5,2,2,'232332',1,21,275,2291,'32232','','3233232','','asdf@asd1f.com','','','',1,'申通快递',1,'银行汇款/转帐','等待所有商品备齐后再发','','','','','','',777.00,15.00,0.00,0.00,0.00,0.00,792.00,0.00,0,0.00,0.00,0.00,0,'本站',1388623806,1388623887,1388623890,1388623910,0,0,0,'20140102005105598','',0,'','',0,'',0.00,0,0,0.00,0,0,0,1,'','pc'),(26,'2014010298276',5,0,0,0,'54544545',1,2,52,500,'5454','','5454545454','','','','','',1,'申通快递',1,'银行汇款/转帐','等待所有商品备齐后再发','','','','','','',2331.00,15.00,0.00,0.00,0.00,0.00,0.00,0.00,300,3.00,0.00,2343.00,0,'本站',1388624504,0,0,0,0,0,0,'','',0,'','',0,'',0.00,0,0,0.00,0,0,0,1,'','pc'),(27,'2014010232389',0,0,0,0,'4343344343',1,3,37,410,'443433','','444','','4343343443','43344343','','',2,'中通速递',3,'网银在线','等待所有商品备齐后再发','','','','','','',555.00,10.00,0.00,5.71,0.00,0.00,0.00,0.00,0,0.00,0.00,570.71,0,'本站',1388626817,0,0,0,0,0,0,'','',0,'','',0,'',0.00,0,0,0.00,0,0,0,1,'','pc'),(28,'2014010226798',5,5,2,2,'232332',1,21,275,2291,'32232','','3233232','','asdf@asd1f.com','','','',1,'申通快递',1,'银行汇款/转帐','等待所有商品备齐后再发','','','','','','',1110.00,15.00,0.00,0.00,0.00,0.00,1125.00,0.00,0,0.00,0.00,0.00,0,'本站',1388626867,1389058621,1389058623,1389058639,0,0,0,'20140107013758161','',0,'','',0,'',0.00,0,0,0.00,0,0,0,1,'','pc'),(29,'2014010780290',0,0,0,0,'323232',1,2,52,500,'323232','','323232','','323232','323232','','',2,'中通速递',3,'网银在线','等待所有商品备齐后再发','','','','','','',2109.00,10.00,0.00,21.40,0.00,0.00,0.00,0.00,0,0.00,0.00,2140.40,0,'本站',1389057360,0,0,0,0,0,0,'','',0,'','',0,'',0.00,0,0,0.00,0,0,0,1,'','pc'),(30,'2014010775006',5,5,2,2,'54544545',1,2,52,500,'5454','','5454545454','','','','','哈哈订单',2,'中通速递',3,'网银在线','等待所有商品备齐后再发','','','','','秦皇岛天朝科技有限公司','办公用品',1887.00,10.00,0.00,11.22,0.00,0.00,1121.53,777.00,3800,38.00,0.00,0.00,0,'本站',1389058242,1389058279,1389058283,1389058299,0,0,0,'20140107013124455','',0,'','',0,'2',28.31,0,0,0.00,0,0,0,1,'','pc'),(31,'2014060377286',1,5,1,2,'ww',1,3,36,398,'22222222','','22222222','','Yasfd@sdf.com','','','',1,'申通快递',2,'支付宝','等待所有商品备齐后再发','','','','','','',600.00,15.00,0.00,0.00,0.00,0.00,615.00,0.00,0,0.00,0.00,0.00,0,'本站',1401783101,1406775853,1406775860,1406775864,0,0,0,'请输入快递单号','',0,'','',0,'',0.00,0,0,0.00,1,0,1,2,'','pc'),(53,'2014060746690',1,0,0,0,'ww',1,3,36,398,'22222222','','22222222','','Yasfd@sdf.com','','','',1,'申通快递',2,'支付宝','等待所有商品备齐后再发','','','','','','',2000.00,15.00,0.00,0.00,0.00,0.00,0.00,0.00,0,0.00,0.00,2015.00,0,'本站',1402107813,0,0,0,0,0,0,'','',0,'','',0,'',0.00,0,0,0.00,1,0,2,1,'','pc'),(33,'2014060539996',1,5,1,2,'ww',1,3,36,398,'22222222','','22222222','','Yasfd@sdf.com','','','',1,'申通快递',2,'支付宝','等待所有商品备齐后再发','','','','','','',1200.00,15.00,0.00,0.00,0.00,0.00,1215.00,0.00,0,0.00,0.00,0.00,0,'本站',1401937278,1406689563,1406689572,1406689581,0,0,0,'请输入快递单号','',0,'','',0,'',0.00,0,0,0.00,1,32,1,2,'','pc'),(34,'2014060516408',1,0,0,0,'ww',1,3,36,398,'22222222','','22222222','','Yasfd@sdf.com','','','',1,'申通快递',2,'支付宝','等待所有商品备齐后再发','','','','','','',777.00,15.00,0.00,0.00,0.00,0.00,0.00,0.00,0,0.00,0.00,792.00,0,'本站',1401937278,0,0,0,0,0,0,'','',0,'','',0,'',0.00,0,0,0.00,0,32,0,1,'','pc'),(36,'2014060501910',1,0,0,0,'ww',1,3,36,398,'22222222','','22222222','','Yasfd@sdf.com','','','',1,'申通快递',2,'支付宝','等待所有商品备齐后再发','','','','','','',2000.00,15.00,0.00,0.00,0.00,0.00,0.00,0.00,0,0.00,0.00,2015.00,0,'本站',1401951766,0,0,0,0,0,0,'','',0,'','',0,'',0.00,0,0,0.00,1,35,2,1,'','pc'),(37,'2014060556642',1,0,0,0,'ww',1,3,36,398,'22222222','','22222222','','Yasfd@sdf.com','','','',1,'申通快递',2,'支付宝','等待所有商品备齐后再发','','','','','','',444.00,15.00,0.00,0.00,0.00,0.00,0.00,0.00,0,0.00,0.00,459.00,0,'本站',1401951766,0,0,0,0,0,0,'','',0,'','',0,'',0.00,0,0,0.00,0,35,0,1,'','pc'),(39,'2014060606129',1,0,0,0,'ww',1,3,36,398,'22222222','','22222222','','Yasfd@sdf.com','','','',1,'申通快递',2,'支付宝','等待所有商品备齐后再发','','','','','','',1200.00,15.00,0.00,0.00,0.00,0.00,0.00,0.00,0,0.00,0.00,1215.00,0,'本站',1402020093,0,0,0,0,0,0,'','',0,'','',0,'',0.00,0,0,0.00,1,38,2,1,'','pc'),(40,'2014060626612',1,0,0,0,'ww',1,3,36,398,'22222222','','22222222','','Yasfd@sdf.com','','','',1,'申通快递',2,'支付宝','等待所有商品备齐后再发','','','','','','',888.00,15.00,0.00,0.00,0.00,0.00,0.00,0.00,0,0.00,0.00,903.00,0,'本站',1402020093,0,0,0,0,0,0,'','',0,'','',0,'',0.00,0,0,0.00,0,38,0,1,'','pc'),(42,'2014060707200',1,0,0,0,'ww',1,3,36,398,'22222222','','22222222','','Yasfd@sdf.com','','','',1,'申通快递',2,'支付宝','等待所有商品备齐后再发','','','','','','',2000.00,15.00,0.00,0.00,0.00,0.00,0.00,0.00,0,0.00,0.00,2015.00,0,'本站',1402106229,0,0,0,0,0,0,'','',0,'','',0,'',0.00,0,0,0.00,1,41,2,1,'','pc'),(43,'2014060775150',1,0,0,0,'ww',1,3,36,398,'22222222','','22222222','','Yasfd@sdf.com','','','',1,'申通快递',2,'支付宝','等待所有商品备齐后再发','','','','','','',999.00,15.00,0.00,0.00,0.00,0.00,0.00,0.00,0,0.00,0.00,1014.00,0,'本站',1402106229,0,0,0,0,0,0,'','',0,'','',0,'',0.00,0,0,0.00,0,41,0,1,'','pc'),(45,'2014060743345',1,0,0,0,'ww',1,3,36,398,'22222222','','22222222','','Yasfd@sdf.com','','','',1,'申通快递',2,'支付宝','等待所有商品备齐后再发','','','','','','',400.00,15.00,0.00,0.00,0.00,0.00,0.00,0.00,0,0.00,0.00,415.00,0,'本站',1402106725,0,0,0,0,0,0,'','',0,'','',0,'',0.00,0,0,0.00,1,44,2,1,'','pc'),(46,'2014060772482',1,0,0,0,'ww',1,3,36,398,'22222222','','22222222','','Yasfd@sdf.com','','','',1,'申通快递',2,'支付宝','等待所有商品备齐后再发','','','','','','',777.00,15.00,0.00,0.00,0.00,0.00,0.00,0.00,0,0.00,0.00,792.00,0,'本站',1402106725,0,0,0,0,0,0,'','',0,'','',0,'',0.00,0,0,0.00,0,44,0,1,'','pc'),(48,'2014060751203',1,0,0,0,'ww',1,3,36,398,'22222222','','22222222','','Yasfd@sdf.com','','','',1,'申通快递',2,'支付宝','等待所有商品备齐后再发','','','','','','',444.00,15.00,0.00,0.00,0.00,0.00,0.00,0.00,0,0.00,0.00,459.00,0,'本站',1402107468,0,0,0,0,0,0,'','',0,'','',0,'',0.00,0,0,0.00,0,47,0,1,'','pc'),(49,'2014060712462',1,0,0,0,'ww',1,3,36,398,'22222222','','22222222','','Yasfd@sdf.com','','','',1,'申通快递',2,'支付宝','等待所有商品备齐后再发','','','','','','',2000.00,15.00,0.00,0.00,0.00,0.00,0.00,0.00,0,0.00,0.00,2015.00,0,'本站',1402107468,0,0,0,0,0,0,'','',0,'','',0,'',0.00,0,0,0.00,1,47,2,1,'','pc'),(51,'2014060716360',1,0,0,0,'ww',1,3,36,398,'22222222','','22222222','','Yasfd@sdf.com','','','',1,'申通快递',2,'支付宝','等待所有商品备齐后再发','','','','','','',777.00,15.00,0.00,0.00,0.00,0.00,0.00,0.00,0,0.00,0.00,792.00,0,'本站',1402107748,0,0,0,0,0,0,'','',0,'','',0,'',0.00,0,0,0.00,0,50,0,1,'','pc'),(52,'2014060720620',1,0,0,0,'ww',1,3,36,398,'22222222','','22222222','','Yasfd@sdf.com','','','',1,'申通快递',2,'支付宝','等待所有商品备齐后再发','','','','','','',2000.00,15.00,0.00,0.00,0.00,0.00,0.00,0.00,0,0.00,0.00,2015.00,0,'本站',1402107748,0,0,0,0,0,0,'','',0,'','',0,'',0.00,0,0,0.00,1,50,2,1,'','pc'),(54,'2014060796845',1,0,0,0,'ww',1,3,36,398,'22222222','','22222222','','Yasfd@sdf.com','','','',1,'申通快递',2,'支付宝','等待所有商品备齐后再发','','','','','','',600.00,15.00,0.00,0.00,0.00,0.00,0.00,0.00,0,0.00,0.00,615.00,0,'本站',1402107852,0,0,0,0,0,0,'','',0,'','',0,'',0.00,0,0,0.00,1,0,2,1,'','pc'),(58,'2014060732548',1,1,0,0,'ww',1,3,36,398,'22222222','','22222222','','Yasfd@sdf.com','','','',1,'申通快递',2,'支付宝','等待所有商品备齐后再发','','','','','','',200.00,15.00,0.00,0.00,0.00,0.00,0.00,0.00,0,0.00,0.00,215.00,0,'本站',1402107993,1402108146,0,0,0,0,0,'','',0,'','',0,'',0.00,0,0,0.00,1,0,2,1,'','pc'),(56,'2014060715105',1,0,0,0,'ww',1,3,36,398,'22222222','','22222222','','Yasfd@sdf.com','','','',1,'申通快递',2,'支付宝','等待所有商品备齐后再发','','','','','','',2000.00,15.00,0.00,0.00,0.00,0.00,0.00,0.00,0,0.00,0.00,2015.00,0,'本站',1402107899,0,0,0,0,0,0,'','',0,'','',0,'',0.00,0,0,0.00,1,55,2,1,'','pc'),(57,'2014060738491',1,0,0,0,'ww',1,3,36,398,'22222222','','22222222','','Yasfd@sdf.com','','','',1,'申通快递',2,'支付宝','等待所有商品备齐后再发','','','','','','',444.00,15.00,0.00,0.00,0.00,0.00,0.00,0.00,0,0.00,0.00,459.00,0,'本站',1402107899,0,0,0,0,0,0,'','',0,'','',0,'',0.00,0,0,0.00,0,55,0,1,'','pc'),(59,'2014060750117',1,0,0,0,'ww',1,3,36,398,'22222222','','22222222','','Yasfd@sdf.com','','','',1,'申通快递',2,'支付宝','等待所有商品备齐后再发','','','','','','',4.30,15.00,0.00,0.00,0.00,0.00,0.00,0.00,0,0.00,0.00,19.30,0,'本站',1402108055,0,0,0,0,0,0,'','',0,'','',0,'',0.00,0,0,0.00,0,0,0,1,'','pc'),(63,'2014060735981',1,5,1,2,'ww',1,3,36,398,'22222222','','22222222','','Yasfd@sdf.com','','','',1,'申通快递',2,'支付宝','等待所有商品备齐后再发','','','','','','',999.00,15.00,0.00,0.00,0.00,0.00,1014.00,0.00,0,0.00,0.00,0.00,0,'本站',1402121165,1404266557,1404266557,1404266572,0,0,0,'20140702020205359','',0,'','',0,'',0.00,0,0,0.00,0,0,0,1,'','pc'),(61,'2014060775450',1,5,1,2,'ww',1,3,36,398,'22222222','','22222222','','Yasfd@sdf.com','','','',1,'申通快递',2,'支付宝','等待所有商品备齐后再发','','','','','','',800.00,15.00,0.00,0.00,0.00,0.00,815.00,0.00,0,0.00,0.00,0.00,0,'本站',1402121052,1404355500,1404355500,1404355521,0,0,0,'20140703024568967','',0,'','',0,'',0.00,0,0,0.00,1,60,2,1,'','pc'),(62,'2014060791826',1,0,0,0,'ww',1,3,36,398,'22222222','','22222222','','Yasfd@sdf.com','','','',1,'申通快递',2,'支付宝','等待所有商品备齐后再发','','','','','','',777.00,15.00,0.00,0.00,0.00,0.00,0.00,0.00,0,0.00,0.00,792.00,0,'本站',1402121052,0,0,0,0,0,0,'','',0,'','',0,'',0.00,0,0,0.00,0,60,0,1,'','pc'),(65,'2014070238414',1,5,1,2,'ww',1,3,36,398,'22222222','','22222222','','Yasfd@sdf.com','','','',1,'申通快递',2,'支付宝','等待所有商品备齐后再发','','','','','','',4200.00,0.00,0.00,0.00,0.00,0.00,4200.00,0.00,0,0.00,0.00,0.00,0,'本站',1404282562,1404871073,1404871073,1404871109,0,0,0,'20140709015881609','',0,'','',0,'',0.00,0,0,0.00,1,64,2,1,'','pc'),(66,'2014070242018',1,0,0,0,'ww',1,3,36,398,'22222222','','22222222','','Yasfd@sdf.com','','','',1,'申通快递',2,'支付宝','等待所有商品备齐后再发','','','','','','',999.00,15.00,0.00,0.00,0.00,0.00,0.00,0.00,0,0.00,0.00,1014.00,0,'本站',1404282562,0,0,0,0,0,0,'','',0,'','',0,'',0.00,0,0,0.00,0,64,0,1,'','pc'),(68,'2014070871976',1,5,1,2,'ww',1,3,36,398,'22222222','','22222222','','Yasfd@sdf.com','','','',1,'申通快递',2,'支付宝','等待所有商品备齐后再发','','','','','','',1000.00,15.00,0.00,0.00,0.00,0.00,1015.00,0.00,0,0.00,0.00,0.00,0,'本站',1404779365,1404779452,1404779452,1404779607,0,0,0,'20140708003318780','',0,'','',0,'',0.00,0,0,0.00,1,67,2,1,'','pc'),(69,'2014070819446',1,1,0,0,'ww',1,3,36,398,'22222222','','22222222','','Yasfd@sdf.com','','','',1,'申通快递',2,'支付宝','等待所有商品备齐后再发','','','','','','',999.00,15.00,0.00,0.00,0.00,0.00,0.00,0.00,0,0.00,0.00,1014.00,0,'本站',1404779365,1404779740,0,0,0,0,0,'','',0,'','',0,'',0.00,0,0,0.00,0,67,0,1,'','pc'),(70,'2014070947890',0,1,2,2,'',0,0,0,0,'','','','','','','','',0,'',0,'','','','','','','','',0.00,0.00,0.00,0.00,0.00,0.00,0.00,0.00,0,0.00,0.00,0.00,0,'',1404282649,1404282649,1404282649,0,0,0,0,'','',0,'','',0,'',0.00,0,0,0.00,0,0,0,1,'苏晓黎yy','pc'),(71,'2014070916953',0,1,2,2,'',0,0,0,0,'','','','','','','','',0,'',0,'','','','','','','','',0.00,0.00,0.00,0.00,0.00,0.00,0.00,0.00,0,0.00,0.00,0.00,0,'',1404281817,1404281817,1404281817,0,0,0,0,'','',0,'','',0,'',0.00,0,0,0.00,0,0,0,1,'祁***俊','pc'),(72,'2014070931100',0,1,2,2,'',0,0,0,0,'','','','','','','','',0,'',0,'','','','','','','','',0.00,0.00,0.00,0.00,0.00,0.00,0.00,0.00,0,0.00,0.00,0.00,0,'',1404280153,1404280153,1404280153,0,0,0,0,'','',0,'','',0,'',0.00,0,0,0.00,0,0,0,1,'樱樱樱花田','pc'),(73,'2014070923623',0,1,2,2,'',0,0,0,0,'','','','','','','','',0,'',0,'','','','','','','','',0.00,0.00,0.00,0.00,0.00,0.00,0.00,0.00,0,0.00,0.00,0.00,0,'',1404277657,1404277657,1404277657,0,0,0,0,'','',0,'','',0,'',0.00,0,0,0.00,0,0,0,1,'格格的爱2001','pc'),(74,'2014070943489',0,1,2,2,'',0,0,0,0,'','','','','','','','',0,'',0,'','','','','','','','',0.00,0.00,0.00,0.00,0.00,0.00,0.00,0.00,0,0.00,0.00,0.00,0,'',1404274329,1404274329,1404274329,0,0,0,0,'','',0,'','',0,'',0.00,0,0,0.00,0,0,0,1,'c***g','pc'),(75,'2014070931002',0,1,2,2,'',0,0,0,0,'','','','','','','','',0,'',0,'','','','','','','','',0.00,0.00,0.00,0.00,0.00,0.00,0.00,0.00,0,0.00,0.00,0.00,0,'',1404270169,1404270169,1404270169,0,0,0,0,'','',0,'','',0,'',0.00,0,0,0.00,0,0,0,1,'圆***样','pc'),(76,'2014070937431',0,1,2,2,'',0,0,0,0,'','','','','','','','',0,'',0,'','','','','','','','',0.00,0.00,0.00,0.00,0.00,0.00,0.00,0.00,0,0.00,0.00,0.00,0,'',1404265177,1404265177,1404265177,0,0,0,0,'','',0,'','',0,'',0.00,0,0,0.00,0,0,0,1,'jane_chenjiabin','pc'),(77,'2014070927142',0,1,2,2,'',0,0,0,0,'','','','','','','','',0,'',0,'','','','','','','','',0.00,0.00,0.00,0.00,0.00,0.00,0.00,0.00,0,0.00,0.00,0.00,0,'',1404259353,1404259353,1404259353,0,0,0,0,'','',0,'','',0,'',0.00,0,0,0.00,0,0,0,1,'月***3','pc'),(78,'2014070965113',0,1,2,2,'',0,0,0,0,'','','','','','','','',0,'',0,'','','','','','','','',0.00,0.00,0.00,0.00,0.00,0.00,0.00,0.00,0,0.00,0.00,0.00,0,'',1404252697,1404252697,1404252697,0,0,0,0,'','',0,'','',0,'',0.00,0,0,0.00,0,0,0,1,'tazisa','pc'),(79,'2014070921816',0,1,2,2,'',0,0,0,0,'','','','','','','','',0,'',0,'','','','','','','','',0.00,0.00,0.00,0.00,0.00,0.00,0.00,0.00,0,0.00,0.00,0.00,0,'',1404245209,1404245209,1404245209,0,0,0,0,'','',0,'','',0,'',0.00,0,0,0.00,0,0,0,1,'w***w','pc'),(80,'2014070969416',0,1,2,2,'',0,0,0,0,'','','','','','','','',0,'',0,'','','','','','','','',0.00,0.00,0.00,0.00,0.00,0.00,0.00,0.00,0,0.00,0.00,0.00,0,'',1404236889,1404236889,1404236889,0,0,0,0,'','',0,'','',0,'',0.00,0,0,0.00,0,0,0,1,'hui寒江雪','pc'),(81,'2014070977955',0,1,2,2,'',0,0,0,0,'','','','','','','','',0,'',0,'','','','','','','','',0.00,0.00,0.00,0.00,0.00,0.00,0.00,0.00,0,0.00,0.00,0.00,0,'',1404227737,1404227737,1404227737,0,0,0,0,'','',0,'','',0,'',0.00,0,0,0.00,0,0,0,1,'晚风轻临','pc'),(82,'2014070972980',0,1,2,2,'',0,0,0,0,'','','','','','','','',0,'',0,'','','','','','','','',0.00,0.00,0.00,0.00,0.00,0.00,0.00,0.00,0,0.00,0.00,0.00,0,'',1404217753,1404217753,1404217753,0,0,0,0,'','',0,'','',0,'',0.00,0,0,0.00,0,0,0,1,'j***0','pc'),(83,'2014070912152',0,1,2,2,'',0,0,0,0,'','','','','','','','',0,'',0,'','','','','','','','',0.00,0.00,0.00,0.00,0.00,0.00,0.00,0.00,0,0.00,0.00,0.00,0,'',1404206937,1404206937,1404206937,0,0,0,0,'','',0,'','',0,'',0.00,0,0,0.00,0,0,0,1,'1415926hu','pc'),(84,'2014070920597',0,1,2,2,'',0,0,0,0,'','','','','','','','',0,'',0,'','','','','','','','',0.00,0.00,0.00,0.00,0.00,0.00,0.00,0.00,0,0.00,0.00,0.00,0,'',1404195289,1404195289,1404195289,0,0,0,0,'','',0,'','',0,'',0.00,0,0,0.00,0,0,0,1,'风***下','pc'),(85,'2014070962607',0,1,2,2,'',0,0,0,0,'','','','','','','','',0,'',0,'','','','','','','','',0.00,0.00,0.00,0.00,0.00,0.00,0.00,0.00,0,0.00,0.00,0.00,0,'',1404182809,1404182809,1404182809,0,0,0,0,'','',0,'','',0,'',0.00,0,0,0.00,0,0,0,1,'唐***4','pc'),(86,'2014070981216',0,1,2,2,'',0,0,0,0,'','','','','','','','',0,'',0,'','','','','','','','',0.00,0.00,0.00,0.00,0.00,0.00,0.00,0.00,0,0.00,0.00,0.00,0,'',1404169497,1404169497,1404169497,0,0,0,0,'','',0,'','',0,'',0.00,0,0,0.00,0,0,0,1,'荧***石','pc'),(87,'2014070992241',0,1,2,2,'',0,0,0,0,'','','','','','','','',0,'',0,'','','','','','','','',0.00,0.00,0.00,0.00,0.00,0.00,0.00,0.00,0,0.00,0.00,0.00,0,'',1404155353,1404155353,1404155353,0,0,0,0,'','',0,'','',0,'',0.00,0,0,0.00,0,0,0,1,'t***0','pc'),(88,'2014070979597',0,1,2,2,'',0,0,0,0,'','','','','','','','',0,'',0,'','','','','','','','',0.00,0.00,0.00,0.00,0.00,0.00,0.00,0.00,0,0.00,0.00,0.00,0,'',1404140377,1404140377,1404140377,0,0,0,0,'','',0,'','',0,'',0.00,0,0,0.00,0,0,0,1,'辰***5','pc'),(89,'2014070988469',0,1,2,2,'',0,0,0,0,'','','','','','','','',0,'',0,'','','','','','','','',0.00,0.00,0.00,0.00,0.00,0.00,0.00,0.00,0,0.00,0.00,0.00,0,'',1404124569,1404124569,1404124569,0,0,0,0,'','',0,'','',0,'',0.00,0,0,0.00,0,0,0,1,'紫***人','pc'),(90,'2014070931029',0,1,2,2,'',0,0,0,0,'','','','','','','','',0,'',0,'','','','','','','','',0.00,0.00,0.00,0.00,0.00,0.00,0.00,0.00,0,0.00,0.00,0.00,0,'',1404282922,1404282922,1404282922,0,0,0,0,'','',0,'','',0,'',0.00,0,0,0.00,0,0,0,1,'苏晓黎yy','pc'),(91,'2014070932874',0,1,2,2,'',0,0,0,0,'','','','','','','','',0,'',0,'','','','','','','','',0.00,0.00,0.00,0.00,0.00,0.00,0.00,0.00,0,0.00,0.00,0.00,0,'',1404282090,1404282090,1404282090,0,0,0,0,'','',0,'','',0,'',0.00,0,0,0.00,0,0,0,1,'祁***俊','pc'),(92,'2014070978149',0,1,2,2,'',0,0,0,0,'','','','','','','','',0,'',0,'','','','','','','','',0.00,0.00,0.00,0.00,0.00,0.00,0.00,0.00,0,0.00,0.00,0.00,0,'',1404280426,1404280426,1404280426,0,0,0,0,'','',0,'','',0,'',0.00,0,0,0.00,0,0,0,1,'樱樱樱花田','pc'),(93,'2014070907685',0,1,2,2,'',0,0,0,0,'','','','','','','','',0,'',0,'','','','','','','','',0.00,0.00,0.00,0.00,0.00,0.00,0.00,0.00,0,0.00,0.00,0.00,0,'',1404277930,1404277930,1404277930,0,0,0,0,'','',0,'','',0,'',0.00,0,0,0.00,0,0,0,1,'格格的爱2001','pc'),(94,'2014070963860',0,1,2,2,'',0,0,0,0,'','','','','','','','',0,'',0,'','','','','','','','',0.00,0.00,0.00,0.00,0.00,0.00,0.00,0.00,0,0.00,0.00,0.00,0,'',1404274602,1404274602,1404274602,0,0,0,0,'','',0,'','',0,'',0.00,0,0,0.00,0,0,0,1,'c***g','pc'),(95,'2014070975327',0,1,2,2,'',0,0,0,0,'','','','','','','','',0,'',0,'','','','','','','','',0.00,0.00,0.00,0.00,0.00,0.00,0.00,0.00,0,0.00,0.00,0.00,0,'',1404270442,1404270442,1404270442,0,0,0,0,'','',0,'','',0,'',0.00,0,0,0.00,0,0,0,1,'圆***样','pc'),(96,'2014070946530',0,1,2,2,'',0,0,0,0,'','','','','','','','',0,'',0,'','','','','','','','',0.00,0.00,0.00,0.00,0.00,0.00,0.00,0.00,0,0.00,0.00,0.00,0,'',1404265450,1404265450,1404265450,0,0,0,0,'','',0,'','',0,'',0.00,0,0,0.00,0,0,0,1,'jane_chenjiabin','pc'),(97,'2014070987838',0,1,2,2,'',0,0,0,0,'','','','','','','','',0,'',0,'','','','','','','','',0.00,0.00,0.00,0.00,0.00,0.00,0.00,0.00,0,0.00,0.00,0.00,0,'',1404259626,1404259626,1404259626,0,0,0,0,'','',0,'','',0,'',0.00,0,0,0.00,0,0,0,1,'月***3','pc'),(98,'2014070977755',0,1,2,2,'',0,0,0,0,'','','','','','','','',0,'',0,'','','','','','','','',0.00,0.00,0.00,0.00,0.00,0.00,0.00,0.00,0,0.00,0.00,0.00,0,'',1404252970,1404252970,1404252970,0,0,0,0,'','',0,'','',0,'',0.00,0,0,0.00,0,0,0,1,'tazisa','pc'),(99,'2014070994102',0,1,2,2,'',0,0,0,0,'','','','','','','','',0,'',0,'','','','','','','','',0.00,0.00,0.00,0.00,0.00,0.00,0.00,0.00,0,0.00,0.00,0.00,0,'',1404245482,1404245482,1404245482,0,0,0,0,'','',0,'','',0,'',0.00,0,0,0.00,0,0,0,1,'w***w','pc'),(100,'2014070935240',0,1,2,2,'',0,0,0,0,'','','','','','','','',0,'',0,'','','','','','','','',0.00,0.00,0.00,0.00,0.00,0.00,0.00,0.00,0,0.00,0.00,0.00,0,'',1404237162,1404237162,1404237162,0,0,0,0,'','',0,'','',0,'',0.00,0,0,0.00,0,0,0,1,'hui寒江雪','pc'),(101,'2014070988601',0,1,2,2,'',0,0,0,0,'','','','','','','','',0,'',0,'','','','','','','','',0.00,0.00,0.00,0.00,0.00,0.00,0.00,0.00,0,0.00,0.00,0.00,0,'',1404228010,1404228010,1404228010,0,0,0,0,'','',0,'','',0,'',0.00,0,0,0.00,0,0,0,1,'晚风轻临','pc'),(102,'2014070926857',0,1,2,2,'',0,0,0,0,'','','','','','','','',0,'',0,'','','','','','','','',0.00,0.00,0.00,0.00,0.00,0.00,0.00,0.00,0,0.00,0.00,0.00,0,'',1404218026,1404218026,1404218026,0,0,0,0,'','',0,'','',0,'',0.00,0,0,0.00,0,0,0,1,'j***0','pc'),(103,'2014070912976',0,1,2,2,'',0,0,0,0,'','','','','','','','',0,'',0,'','','','','','','','',0.00,0.00,0.00,0.00,0.00,0.00,0.00,0.00,0,0.00,0.00,0.00,0,'',1404207210,1404207210,1404207210,0,0,0,0,'','',0,'','',0,'',0.00,0,0,0.00,0,0,0,1,'1415926hu','pc'),(104,'2014070910319',0,1,2,2,'',0,0,0,0,'','','','','','','','',0,'',0,'','','','','','','','',0.00,0.00,0.00,0.00,0.00,0.00,0.00,0.00,0,0.00,0.00,0.00,0,'',1404195562,1404195562,1404195562,0,0,0,0,'','',0,'','',0,'',0.00,0,0,0.00,0,0,0,1,'风***下','pc'),(105,'2014070963521',0,1,2,2,'',0,0,0,0,'','','','','','','','',0,'',0,'','','','','','','','',0.00,0.00,0.00,0.00,0.00,0.00,0.00,0.00,0,0.00,0.00,0.00,0,'',1404183082,1404183082,1404183082,0,0,0,0,'','',0,'','',0,'',0.00,0,0,0.00,0,0,0,1,'唐***4','pc'),(106,'2014070938891',0,1,2,2,'',0,0,0,0,'','','','','','','','',0,'',0,'','','','','','','','',0.00,0.00,0.00,0.00,0.00,0.00,0.00,0.00,0,0.00,0.00,0.00,0,'',1404169770,1404169770,1404169770,0,0,0,0,'','',0,'','',0,'',0.00,0,0,0.00,0,0,0,1,'荧***石','pc'),(107,'2014070943312',0,1,2,2,'',0,0,0,0,'','','','','','','','',0,'',0,'','','','','','','','',0.00,0.00,0.00,0.00,0.00,0.00,0.00,0.00,0,0.00,0.00,0.00,0,'',1404155626,1404155626,1404155626,0,0,0,0,'','',0,'','',0,'',0.00,0,0,0.00,0,0,0,1,'t***0','pc'),(108,'2014070925530',0,1,2,2,'',0,0,0,0,'','','','','','','','',0,'',0,'','','','','','','','',0.00,0.00,0.00,0.00,0.00,0.00,0.00,0.00,0,0.00,0.00,0.00,0,'',1404140650,1404140650,1404140650,0,0,0,0,'','',0,'','',0,'',0.00,0,0,0.00,0,0,0,1,'辰***5','pc'),(109,'2014070982009',0,1,2,2,'',0,0,0,0,'','','','','','','','',0,'',0,'','','','','','','','',0.00,0.00,0.00,0.00,0.00,0.00,0.00,0.00,0,0.00,0.00,0.00,0,'',1404124842,1404124842,1404124842,0,0,0,0,'','',0,'','',0,'',0.00,0,0,0.00,0,0,0,1,'紫***人','pc'),(110,'2014070947060',0,1,2,2,'',0,0,0,0,'','','','','','','','',0,'',0,'','','','','','','','',0.00,0.00,0.00,0.00,0.00,0.00,0.00,0.00,0,0.00,0.00,0.00,0,'',1404282974,1404282974,1404282974,0,0,0,0,'','',0,'','',0,'',0.00,0,0,0.00,0,0,0,1,'苏晓黎yy','pc'),(111,'2014070939826',0,1,2,2,'',0,0,0,0,'','','','','','','','',0,'',0,'','','','','','','','',0.00,0.00,0.00,0.00,0.00,0.00,0.00,0.00,0,0.00,0.00,0.00,0,'',1404282142,1404282142,1404282142,0,0,0,0,'','',0,'','',0,'',0.00,0,0,0.00,0,0,0,1,'祁***俊','pc'),(112,'2014070941810',0,1,2,2,'',0,0,0,0,'','','','','','','','',0,'',0,'','','','','','','','',0.00,0.00,0.00,0.00,0.00,0.00,0.00,0.00,0,0.00,0.00,0.00,0,'',1404280478,1404280478,1404280478,0,0,0,0,'','',0,'','',0,'',0.00,0,0,0.00,0,0,0,1,'樱樱樱花田','pc'),(113,'2014070906407',0,1,2,2,'',0,0,0,0,'','','','','','','','',0,'',0,'','','','','','','','',0.00,0.00,0.00,0.00,0.00,0.00,0.00,0.00,0,0.00,0.00,0.00,0,'',1404277982,1404277982,1404277982,0,0,0,0,'','',0,'','',0,'',0.00,0,0,0.00,0,0,0,1,'格格的爱2001','pc'),(114,'2014070957118',0,1,2,2,'',0,0,0,0,'','','','','','','','',0,'',0,'','','','','','','','',0.00,0.00,0.00,0.00,0.00,0.00,0.00,0.00,0,0.00,0.00,0.00,0,'',1404274654,1404274654,1404274654,0,0,0,0,'','',0,'','',0,'',0.00,0,0,0.00,0,0,0,1,'c***g','pc'),(115,'2014070967589',0,1,2,2,'',0,0,0,0,'','','','','','','','',0,'',0,'','','','','','','','',0.00,0.00,0.00,0.00,0.00,0.00,0.00,0.00,0,0.00,0.00,0.00,0,'',1404270494,1404270494,1404270494,0,0,0,0,'','',0,'','',0,'',0.00,0,0,0.00,0,0,0,1,'圆***样','pc'),(116,'2014070989095',0,1,2,2,'',0,0,0,0,'','','','','','','','',0,'',0,'','','','','','','','',0.00,0.00,0.00,0.00,0.00,0.00,0.00,0.00,0,0.00,0.00,0.00,0,'',1404265502,1404265502,1404265502,0,0,0,0,'','',0,'','',0,'',0.00,0,0,0.00,0,0,0,1,'jane_chenjiabin','pc'),(117,'2014070934151',0,1,2,2,'',0,0,0,0,'','','','','','','','',0,'',0,'','','','','','','','',0.00,0.00,0.00,0.00,0.00,0.00,0.00,0.00,0,0.00,0.00,0.00,0,'',1404259678,1404259678,1404259678,0,0,0,0,'','',0,'','',0,'',0.00,0,0,0.00,0,0,0,1,'月***3','pc'),(118,'2014070959506',0,1,2,2,'',0,0,0,0,'','','','','','','','',0,'',0,'','','','','','','','',0.00,0.00,0.00,0.00,0.00,0.00,0.00,0.00,0,0.00,0.00,0.00,0,'',1404253022,1404253022,1404253022,0,0,0,0,'','',0,'','',0,'',0.00,0,0,0.00,0,0,0,1,'tazisa','pc'),(119,'2014070998612',0,1,2,2,'',0,0,0,0,'','','','','','','','',0,'',0,'','','','','','','','',0.00,0.00,0.00,0.00,0.00,0.00,0.00,0.00,0,0.00,0.00,0.00,0,'',1404245534,1404245534,1404245534,0,0,0,0,'','',0,'','',0,'',0.00,0,0,0.00,0,0,0,1,'w***w','pc'),(120,'2014070930774',0,1,2,2,'',0,0,0,0,'','','','','','','','',0,'',0,'','','','','','','','',0.00,0.00,0.00,0.00,0.00,0.00,0.00,0.00,0,0.00,0.00,0.00,0,'',1404237214,1404237214,1404237214,0,0,0,0,'','',0,'','',0,'',0.00,0,0,0.00,0,0,0,1,'hui寒江雪','pc'),(121,'2014070921291',0,1,2,2,'',0,0,0,0,'','','','','','','','',0,'',0,'','','','','','','','',0.00,0.00,0.00,0.00,0.00,0.00,0.00,0.00,0,0.00,0.00,0.00,0,'',1404228062,1404228062,1404228062,0,0,0,0,'','',0,'','',0,'',0.00,0,0,0.00,0,0,0,1,'晚风轻临','pc'),(122,'2014070916657',0,1,2,2,'',0,0,0,0,'','','','','','','','',0,'',0,'','','','','','','','',0.00,0.00,0.00,0.00,0.00,0.00,0.00,0.00,0,0.00,0.00,0.00,0,'',1404218078,1404218078,1404218078,0,0,0,0,'','',0,'','',0,'',0.00,0,0,0.00,0,0,0,1,'j***0','pc'),(123,'2014070995178',0,1,2,2,'',0,0,0,0,'','','','','','','','',0,'',0,'','','','','','','','',0.00,0.00,0.00,0.00,0.00,0.00,0.00,0.00,0,0.00,0.00,0.00,0,'',1404207262,1404207262,1404207262,0,0,0,0,'','',0,'','',0,'',0.00,0,0,0.00,0,0,0,1,'1415926hu','pc'),(124,'2014070985461',0,1,2,2,'',0,0,0,0,'','','','','','','','',0,'',0,'','','','','','','','',0.00,0.00,0.00,0.00,0.00,0.00,0.00,0.00,0,0.00,0.00,0.00,0,'',1404195614,1404195614,1404195614,0,0,0,0,'','',0,'','',0,'',0.00,0,0,0.00,0,0,0,1,'风***下','pc'),(125,'2014070974815',0,1,2,2,'',0,0,0,0,'','','','','','','','',0,'',0,'','','','','','','','',0.00,0.00,0.00,0.00,0.00,0.00,0.00,0.00,0,0.00,0.00,0.00,0,'',1404183134,1404183134,1404183134,0,0,0,0,'','',0,'','',0,'',0.00,0,0,0.00,0,0,0,1,'唐***4','pc'),(126,'2014070943245',0,1,2,2,'',0,0,0,0,'','','','','','','','',0,'',0,'','','','','','','','',0.00,0.00,0.00,0.00,0.00,0.00,0.00,0.00,0,0.00,0.00,0.00,0,'',1404169822,1404169822,1404169822,0,0,0,0,'','',0,'','',0,'',0.00,0,0,0.00,0,0,0,1,'荧***石','pc'),(127,'2014070903460',0,1,2,2,'',0,0,0,0,'','','','','','','','',0,'',0,'','','','','','','','',0.00,0.00,0.00,0.00,0.00,0.00,0.00,0.00,0,0.00,0.00,0.00,0,'',1404155678,1404155678,1404155678,0,0,0,0,'','',0,'','',0,'',0.00,0,0,0.00,0,0,0,1,'t***0','pc'),(128,'2014070978037',0,1,2,2,'',0,0,0,0,'','','','','','','','',0,'',0,'','','','','','','','',0.00,0.00,0.00,0.00,0.00,0.00,0.00,0.00,0,0.00,0.00,0.00,0,'',1404140702,1404140702,1404140702,0,0,0,0,'','',0,'','',0,'',0.00,0,0,0.00,0,0,0,1,'辰***5','pc'),(129,'2014070979100',0,1,2,2,'',0,0,0,0,'','','','','','','','',0,'',0,'','','','','','','','',0.00,0.00,0.00,0.00,0.00,0.00,0.00,0.00,0,0.00,0.00,0.00,0,'',1404124894,1404124894,1404124894,0,0,0,0,'','',0,'','',0,'',0.00,0,0,0.00,0,0,0,1,'紫***人','pc'),(133,'2014070902200',0,1,2,2,'',0,0,0,0,'','','','','','','','',0,'',0,'','','','','','','','',0.00,0.00,0.00,0.00,0.00,0.00,0.00,0.00,0,0.00,0.00,0.00,0,'',1404286120,1404286120,1404286120,0,0,0,0,'','',0,'','',0,'',0.00,0,0,0.00,0,0,0,1,'s***妞','pc'),(134,'2014070979707',0,1,2,2,'',0,0,0,0,'','','','','','','','',0,'',0,'','','','','','','','',0.00,0.00,0.00,0.00,0.00,0.00,0.00,0.00,0,0.00,0.00,0.00,0,'',1404285288,1404285288,1404285288,0,0,0,0,'','',0,'','',0,'',0.00,0,0,0.00,0,0,0,1,'s***妞','pc'),(131,'2014070938355',1,0,0,0,'ww',1,3,36,398,'22222222','','22222222','','Yasfd@sdf.com','','','',1,'申通快递',4,'支付宝-网银直连','等待所有商品备齐后再发','','','','','','',999.00,15.00,0.00,0.00,0.00,0.00,0.00,0.00,0,0.00,0.00,1014.00,0,'本站',1404890485,0,0,0,0,0,0,'','',0,'','',0,'',0.00,0,0,0.00,0,130,0,1,'','pc'),(132,'2014070942873',1,0,0,0,'ww',1,3,36,398,'22222222','','22222222','','Yasfd@sdf.com','','','',1,'申通快递',4,'支付宝-网银直连','等待所有商品备齐后再发','','','','','','',1000.00,15.00,0.00,0.00,0.00,0.00,0.00,0.00,0,0.00,0.00,1015.00,0,'本站',1404890485,0,0,0,0,0,0,'','',0,'','',0,'',0.00,0,0,0.00,1,130,2,1,'','pc'),(135,'2014070983048',0,1,2,2,'',0,0,0,0,'','','','','','','','',0,'',0,'','','','','','','','',0.00,0.00,0.00,0.00,0.00,0.00,0.00,0.00,0,0.00,0.00,0.00,0,'',1404283624,1404283624,1404283624,0,0,0,0,'','',0,'','',0,'',0.00,0,0,0.00,0,0,0,1,'李***8','pc'),(136,'2014070945258',0,1,2,2,'',0,0,0,0,'','','','','','','','',0,'',0,'','','','','','','','',0.00,0.00,0.00,0.00,0.00,0.00,0.00,0.00,0,0.00,0.00,0.00,0,'',1404281128,1404281128,1404281128,0,0,0,0,'','',0,'','',0,'',0.00,0,0,0.00,0,0,0,1,'林***7','pc'),(137,'2014070985221',0,1,2,2,'',0,0,0,0,'','','','','','','','',0,'',0,'','','','','','','','',0.00,0.00,0.00,0.00,0.00,0.00,0.00,0.00,0,0.00,0.00,0.00,0,'',1404277800,1404277800,1404277800,0,0,0,0,'','',0,'','',0,'',0.00,0,0,0.00,0,0,0,1,'许***桨','pc'),(138,'2014070983453',0,1,2,2,'',0,0,0,0,'','','','','','','','',0,'',0,'','','','','','','','',0.00,0.00,0.00,0.00,0.00,0.00,0.00,0.00,0,0.00,0.00,0.00,0,'',1404273640,1404273640,1404273640,0,0,0,0,'','',0,'','',0,'',0.00,0,0,0.00,0,0,0,1,'和***d','pc'),(139,'2014070906883',0,1,2,2,'',0,0,0,0,'','','','','','','','',0,'',0,'','','','','','','','',0.00,0.00,0.00,0.00,0.00,0.00,0.00,0.00,0,0.00,0.00,0.00,0,'',1404268648,1404268648,1404268648,0,0,0,0,'','',0,'','',0,'',0.00,0,0,0.00,0,0,0,1,'z***i','pc'),(140,'2014070924193',0,1,2,2,'',0,0,0,0,'','','','','','','','',0,'',0,'','','','','','','','',0.00,0.00,0.00,0.00,0.00,0.00,0.00,0.00,0,0.00,0.00,0.00,0,'',1404262824,1404262824,1404262824,0,0,0,0,'','',0,'','',0,'',0.00,0,0,0.00,0,0,0,1,'心情旅站','pc'),(141,'2014070962795',0,1,2,2,'',0,0,0,0,'','','','','','','','',0,'',0,'','','','','','','','',0.00,0.00,0.00,0.00,0.00,0.00,0.00,0.00,0,0.00,0.00,0.00,0,'',1404256168,1404256168,1404256168,0,0,0,0,'','',0,'','',0,'',0.00,0,0,0.00,0,0,0,1,'wn438856','pc'),(142,'2014070908728',0,1,2,2,'',0,0,0,0,'','','','','','','','',0,'',0,'','','','','','','','',0.00,0.00,0.00,0.00,0.00,0.00,0.00,0.00,0,0.00,0.00,0.00,0,'',1404248680,1404248680,1404248680,0,0,0,0,'','',0,'','',0,'',0.00,0,0,0.00,0,0,0,1,'清***霖','pc'),(143,'2014070953768',0,1,2,2,'',0,0,0,0,'','','','','','','','',0,'',0,'','','','','','','','',0.00,0.00,0.00,0.00,0.00,0.00,0.00,0.00,0,0.00,0.00,0.00,0,'',1404240360,1404240360,1404240360,0,0,0,0,'','',0,'','',0,'',0.00,0,0,0.00,0,0,0,1,'gang刚爱傻','pc'),(144,'2014070900259',0,1,2,2,'',0,0,0,0,'','','','','','','','',0,'',0,'','','','','','','','',0.00,0.00,0.00,0.00,0.00,0.00,0.00,0.00,0,0.00,0.00,0.00,0,'',1404231208,1404231208,1404231208,0,0,0,0,'','',0,'','',0,'',0.00,0,0,0.00,0,0,0,1,'l***4','pc'),(145,'2014070996238',0,1,2,2,'',0,0,0,0,'','','','','','','','',0,'',0,'','','','','','','','',0.00,0.00,0.00,0.00,0.00,0.00,0.00,0.00,0,0.00,0.00,0.00,0,'',1404221224,1404221224,1404221224,0,0,0,0,'','',0,'','',0,'',0.00,0,0,0.00,0,0,0,1,'zfan1230','pc'),(146,'2014070922732',0,1,2,2,'',0,0,0,0,'','','','','','','','',0,'',0,'','','','','','','','',0.00,0.00,0.00,0.00,0.00,0.00,0.00,0.00,0,0.00,0.00,0.00,0,'',1404210408,1404210408,1404210408,0,0,0,0,'','',0,'','',0,'',0.00,0,0,0.00,0,0,0,1,'济***','pc'),(147,'2014070927528',0,1,2,2,'',0,0,0,0,'','','','','','','','',0,'',0,'','','','','','','','',0.00,0.00,0.00,0.00,0.00,0.00,0.00,0.00,0,0.00,0.00,0.00,0,'',1404198760,1404198760,1404198760,0,0,0,0,'','',0,'','',0,'',0.00,0,0,0.00,0,0,0,1,'云***3','pc'),(148,'2014070934000',0,1,2,2,'',0,0,0,0,'','','','','','','','',0,'',0,'','','','','','','','',0.00,0.00,0.00,0.00,0.00,0.00,0.00,0.00,0,0.00,0.00,0.00,0,'',1404186280,1404186280,1404186280,0,0,0,0,'','',0,'','',0,'',0.00,0,0,0.00,0,0,0,1,'bluesky19870922','pc'),(149,'2014070958436',0,1,2,2,'',0,0,0,0,'','','','','','','','',0,'',0,'','','','','','','','',0.00,0.00,0.00,0.00,0.00,0.00,0.00,0.00,0,0.00,0.00,0.00,0,'',1404172968,1404172968,1404172968,0,0,0,0,'','',0,'','',0,'',0.00,0,0,0.00,0,0,0,1,'r***0','pc'),(150,'2014070967603',0,1,2,2,'',0,0,0,0,'','','','','','','','',0,'',0,'','','','','','','','',0.00,0.00,0.00,0.00,0.00,0.00,0.00,0.00,0,0.00,0.00,0.00,0,'',1404158824,1404158824,1404158824,0,0,0,0,'','',0,'','',0,'',0.00,0,0,0.00,0,0,0,1,'惠***y','pc'),(151,'2014070940104',0,1,2,2,'',0,0,0,0,'','','','','','','','',0,'',0,'','','','','','','','',0.00,0.00,0.00,0.00,0.00,0.00,0.00,0.00,0,0.00,0.00,0.00,0,'',1404143848,1404143848,1404143848,0,0,0,0,'','',0,'','',0,'',0.00,0,0,0.00,0,0,0,1,'b***0','pc'),(152,'2014070951967',0,1,2,2,'',0,0,0,0,'','','','','','','','',0,'',0,'','','','','','','','',0.00,0.00,0.00,0.00,0.00,0.00,0.00,0.00,0,0.00,0.00,0.00,0,'',1404128040,1404128040,1404128040,0,0,0,0,'','',0,'','',0,'',0.00,0,0,0.00,0,0,0,1,'j***h','pc'),(153,'2014071070632',1,5,1,2,'ww',1,3,36,398,'22222222','','22222222','','Yasfd@sdf.com','','','',1,'申通快递',4,'支付宝-网银直连','等待所有商品备齐后再发','','','','','','',1000.00,15.00,0.00,0.00,0.00,0.00,1015.00,0.00,0,0.00,0.00,0.00,0,'本站',1404957958,1404957989,1404957994,1404958012,0,0,0,'20140710020617227','',0,'','',0,'',0.00,0,0,0.00,1,0,2,1,'','pc'),(154,'2014071097604',0,1,2,2,'',0,0,0,0,'','','','','','','','',0,'',0,'','','','','','','','',0.00,0.00,0.00,0.00,0.00,0.00,0.00,0.00,0,0.00,0.00,0.00,0,'',1404357566,1404357566,1404357566,0,0,0,0,'','',0,'','',0,'',0.00,0,0,0.00,0,0,0,1,'mzqn003','pc'),(155,'2014071066727',0,1,2,2,'',0,0,0,0,'','','','','','','','',0,'',0,'','','','','','','','',0.00,0.00,0.00,0.00,0.00,0.00,0.00,0.00,0,0.00,0.00,0.00,0,'',1404356734,1404356734,1404356734,0,0,0,0,'','',0,'','',0,'',0.00,0,0,0.00,0,0,0,1,'水滴123450','pc'),(156,'2014071070611',0,1,2,2,'',0,0,0,0,'','','','','','','','',0,'',0,'','','','','','','','',0.00,0.00,0.00,0.00,0.00,0.00,0.00,0.00,0,0.00,0.00,0.00,0,'',1404355070,1404355070,1404355070,0,0,0,0,'','',0,'','',0,'',0.00,0,0,0.00,0,0,0,1,'zsfyz','pc'),(157,'2014071049143',0,1,2,2,'',0,0,0,0,'','','','','','','','',0,'',0,'','','','','','','','',0.00,0.00,0.00,0.00,0.00,0.00,0.00,0.00,0,0.00,0.00,0.00,0,'',1404352574,1404352574,1404352574,0,0,0,0,'','',0,'','',0,'',0.00,0,0,0.00,0,0,0,1,'杨***4','pc'),(158,'2014071076825',0,1,2,2,'',0,0,0,0,'','','','','','','','',0,'',0,'','','','','','','','',0.00,0.00,0.00,0.00,0.00,0.00,0.00,0.00,0,0.00,0.00,0.00,0,'',1404349246,1404349246,1404349246,0,0,0,0,'','',0,'','',0,'',0.00,0,0,0.00,0,0,0,1,'andy83830606','pc'),(159,'2014071012209',0,1,2,2,'',0,0,0,0,'','','','','','','','',0,'',0,'','','','','','','','',0.00,0.00,0.00,0.00,0.00,0.00,0.00,0.00,0,0.00,0.00,0.00,0,'',1404345086,1404345086,1404345086,0,0,0,0,'','',0,'','',0,'',0.00,0,0,0.00,0,0,0,1,'翌日唯舞','pc'),(160,'2014071085634',0,1,2,2,'',0,0,0,0,'','','','','','','','',0,'',0,'','','','','','','','',0.00,0.00,0.00,0.00,0.00,0.00,0.00,0.00,0,0.00,0.00,0.00,0,'',1404340094,1404340094,1404340094,0,0,0,0,'','',0,'','',0,'',0.00,0,0,0.00,0,0,0,1,'w***9','pc'),(161,'2014071026855',0,1,2,2,'',0,0,0,0,'','','','','','','','',0,'',0,'','','','','','','','',0.00,0.00,0.00,0.00,0.00,0.00,0.00,0.00,0,0.00,0.00,0.00,0,'',1404334270,1404334270,1404334270,0,0,0,0,'','',0,'','',0,'',0.00,0,0,0.00,0,0,0,1,'oyw2012812','pc'),(162,'2014071076136',0,1,2,2,'',0,0,0,0,'','','','','','','','',0,'',0,'','','','','','','','',0.00,0.00,0.00,0.00,0.00,0.00,0.00,0.00,0,0.00,0.00,0.00,0,'',1404327614,1404327614,1404327614,0,0,0,0,'','',0,'','',0,'',0.00,0,0,0.00,0,0,0,1,'hemingwaysong','pc'),(163,'2014071042971',0,1,2,2,'',0,0,0,0,'','','','','','','','',0,'',0,'','','','','','','','',0.00,0.00,0.00,0.00,0.00,0.00,0.00,0.00,0,0.00,0.00,0.00,0,'',1404320126,1404320126,1404320126,0,0,0,0,'','',0,'','',0,'',0.00,0,0,0.00,0,0,0,1,'nan48016656','pc'),(164,'2014071018501',0,1,2,2,'',0,0,0,0,'','','','','','','','',0,'',0,'','','','','','','','',0.00,0.00,0.00,0.00,0.00,0.00,0.00,0.00,0,0.00,0.00,0.00,0,'',1404311806,1404311806,1404311806,0,0,0,0,'','',0,'','',0,'',0.00,0,0,0.00,0,0,0,1,'转***4','pc'),(165,'2014071062807',0,1,2,2,'',0,0,0,0,'','','','','','','','',0,'',0,'','','','','','','','',0.00,0.00,0.00,0.00,0.00,0.00,0.00,0.00,0,0.00,0.00,0.00,0,'',1404302654,1404302654,1404302654,0,0,0,0,'','',0,'','',0,'',0.00,0,0,0.00,0,0,0,1,'yangjun0898','pc'),(166,'2014071037227',0,1,2,2,'',0,0,0,0,'','','','','','','','',0,'',0,'','','','','','','','',0.00,0.00,0.00,0.00,0.00,0.00,0.00,0.00,0,0.00,0.00,0.00,0,'',1404292670,1404292670,1404292670,0,0,0,0,'','',0,'','',0,'',0.00,0,0,0.00,0,0,0,1,'张zjb','pc'),(167,'2014071039710',0,1,2,2,'',0,0,0,0,'','','','','','','','',0,'',0,'','','','','','','','',0.00,0.00,0.00,0.00,0.00,0.00,0.00,0.00,0,0.00,0.00,0.00,0,'',1404281854,1404281854,1404281854,0,0,0,0,'','',0,'','',0,'',0.00,0,0,0.00,0,0,0,1,'ljunze','pc'),(168,'2014071006171',0,1,2,2,'',0,0,0,0,'','','','','','','','',0,'',0,'','','','','','','','',0.00,0.00,0.00,0.00,0.00,0.00,0.00,0.00,0,0.00,0.00,0.00,0,'',1404270206,1404270206,1404270206,0,0,0,0,'','',0,'','',0,'',0.00,0,0,0.00,0,0,0,1,'ld3388569','pc'),(169,'2014071037555',0,1,2,2,'',0,0,0,0,'','','','','','','','',0,'',0,'','','','','','','','',0.00,0.00,0.00,0.00,0.00,0.00,0.00,0.00,0,0.00,0.00,0.00,0,'',1404257726,1404257726,1404257726,0,0,0,0,'','',0,'','',0,'',0.00,0,0,0.00,0,0,0,1,'时光之成','pc'),(170,'2014071079655',0,1,2,2,'',0,0,0,0,'','','','','','','','',0,'',0,'','','','','','','','',0.00,0.00,0.00,0.00,0.00,0.00,0.00,0.00,0,0.00,0.00,0.00,0,'',1404244414,1404244414,1404244414,0,0,0,0,'','',0,'','',0,'',0.00,0,0,0.00,0,0,0,1,'cmw683838','pc'),(171,'2014071090208',0,1,2,2,'',0,0,0,0,'','','','','','','','',0,'',0,'','','','','','','','',0.00,0.00,0.00,0.00,0.00,0.00,0.00,0.00,0,0.00,0.00,0.00,0,'',1404230270,1404230270,1404230270,0,0,0,0,'','',0,'','',0,'',0.00,0,0,0.00,0,0,0,1,'lcyyzm','pc'),(172,'2014071061566',0,1,2,2,'',0,0,0,0,'','','','','','','','',0,'',0,'','','','','','','','',0.00,0.00,0.00,0.00,0.00,0.00,0.00,0.00,0,0.00,0.00,0.00,0,'',1404215294,1404215294,1404215294,0,0,0,0,'','',0,'','',0,'',0.00,0,0,0.00,0,0,0,1,'d***3','pc'),(173,'2014071071372',0,1,2,2,'',0,0,0,0,'','','','','','','','',0,'',0,'','','','','','','','',0.00,0.00,0.00,0.00,0.00,0.00,0.00,0.00,0,0.00,0.00,0.00,0,'',1404199486,1404199486,1404199486,0,0,0,0,'','',0,'','',0,'',0.00,0,0,0.00,0,0,0,1,'susutianxingao','pc'),(175,'2014071075102',5,1,0,2,'232332',1,21,275,2291,'32232','','3233232','','asdf@asd1f.com','','','',1,'申通快递',3,'网银在线','等待所有商品备齐后再发','','','','','','',2876.00,0.00,0.00,0.00,0.00,0.00,0.00,0.00,0,0.00,0.00,2876.00,0,'本站',1404998854,1404998854,1404998854,0,0,0,0,'','',0,'','',0,'',0.00,0,0,0.00,0,174,0,1,'','pc'),(176,'2014071098383',5,1,0,2,'232332',1,21,275,2291,'32232','','3233232','','asdf@asd1f.com','','','',1,'申通快递',3,'网银在线','等待所有商品备齐后再发','','','','','','',1000.00,0.00,0.00,0.00,0.00,0.00,0.00,0.00,0,0.00,0.00,1000.00,0,'本站',1404998854,1404998854,1404998854,0,0,0,0,'','',0,'','',0,'',0.00,0,0,0.00,1,174,2,1,'','pc'),(184,'2014071130399',0,1,2,2,'',0,0,0,0,'','','','','','','','',0,'',0,'','','','','','','','',0.00,0.00,0.00,0.00,0.00,0.00,0.00,0.00,0,0.00,0.00,0.00,0,'',1404438735,1404438735,1404438735,0,0,0,0,'','',0,'','',0,'',0.00,0,0,0.00,0,0,0,1,'t***4','pc'),(178,'2014071192152',0,1,0,2,'22',1,22,283,2332,'22','','222','','22@qq.com','','','',1,'申通快递',1,'银行汇款/转帐','等待所有商品备齐后再发','','','','','','',600.00,0.00,0.00,0.00,0.00,0.00,0.00,0.00,0,0.00,0.00,600.00,0,'本站',1405040722,1405040722,1405040722,0,0,0,0,'','',0,'','',0,'',0.00,0,0,0.00,1,177,2,1,'','pc'),(179,'2014071190514',0,1,0,2,'22',1,22,283,2332,'22','','222','','22@qq.com','','','',1,'申通快递',1,'银行汇款/转帐','等待所有商品备齐后再发','','','','','','',777.00,0.00,0.00,0.00,0.00,0.00,0.00,0.00,0,0.00,0.00,777.00,0,'本站',1405040722,1405040722,1405040722,0,0,0,0,'','',0,'','',0,'',0.00,0,0,0.00,0,177,0,1,'','pc'),(183,'2014071108700',0,1,2,2,'',0,0,0,0,'','','','','','','','',0,'',0,'','','','','','','','',0.00,0.00,0.00,0.00,0.00,0.00,0.00,0.00,0,0.00,0.00,0.00,0,'',1404439567,1404439567,1404439567,0,0,0,0,'','',0,'','',0,'',0.00,0,0,0.00,0,0,0,1,'zisemiwu520','pc'),(181,'2014071197795',1,0,0,0,'ww',1,3,36,398,'22222222','','22222222','','Yasfd@sdf.com','','','',3,'圆通速递',1,'银行汇款/转帐','等待所有商品备齐后再发','','','','','','',1200.00,5.00,0.00,0.00,0.00,0.00,0.00,0.00,0,0.00,0.00,1205.00,0,'本站',1405041988,0,0,0,0,0,0,'','',0,'','',0,'',0.00,0,0,0.00,1,180,2,1,'','pc'),(182,'2014071144773',1,0,0,0,'ww',1,3,36,398,'22222222','','22222222','','Yasfd@sdf.com','','','',3,'圆通速递',1,'银行汇款/转帐','等待所有商品备齐后再发','','','','','','',2442.00,5.00,0.00,0.00,0.00,0.00,0.00,0.00,0,0.00,0.00,2447.00,0,'本站',1405041988,0,0,0,0,0,0,'','',0,'','',0,'',0.00,0,0,0.00,0,180,0,1,'','pc'),(185,'2014071197903',0,1,2,2,'',0,0,0,0,'','','','','','','','',0,'',0,'','','','','','','','',0.00,0.00,0.00,0.00,0.00,0.00,0.00,0.00,0,0.00,0.00,0.00,0,'',1404437071,1404437071,1404437071,0,0,0,0,'','',0,'','',0,'',0.00,0,0,0.00,0,0,0,1,'yeyun689','pc'),(186,'2014071193033',0,1,2,2,'',0,0,0,0,'','','','','','','','',0,'',0,'','','','','','','','',0.00,0.00,0.00,0.00,0.00,0.00,0.00,0.00,0,0.00,0.00,0.00,0,'',1404434575,1404434575,1404434575,0,0,0,0,'','',0,'','',0,'',0.00,0,0,0.00,0,0,0,1,'d***7','pc'),(187,'2014071162034',0,1,2,2,'',0,0,0,0,'','','','','','','','',0,'',0,'','','','','','','','',0.00,0.00,0.00,0.00,0.00,0.00,0.00,0.00,0,0.00,0.00,0.00,0,'',1404431247,1404431247,1404431247,0,0,0,0,'','',0,'','',0,'',0.00,0,0,0.00,0,0,0,1,'怡***格','pc'),(188,'2014071113119',0,1,2,2,'',0,0,0,0,'','','','','','','','',0,'',0,'','','','','','','','',0.00,0.00,0.00,0.00,0.00,0.00,0.00,0.00,0,0.00,0.00,0.00,0,'',1404427087,1404427087,1404427087,0,0,0,0,'','',0,'','',0,'',0.00,0,0,0.00,0,0,0,1,'花***3','pc'),(189,'2014071168461',0,1,2,2,'',0,0,0,0,'','','','','','','','',0,'',0,'','','','','','','','',0.00,0.00,0.00,0.00,0.00,0.00,0.00,0.00,0,0.00,0.00,0.00,0,'',1404422095,1404422095,1404422095,0,0,0,0,'','',0,'','',0,'',0.00,0,0,0.00,0,0,0,1,'杨***2','pc'),(190,'2014071172707',0,1,2,2,'',0,0,0,0,'','','','','','','','',0,'',0,'','','','','','','','',0.00,0.00,0.00,0.00,0.00,0.00,0.00,0.00,0,0.00,0.00,0.00,0,'',1404416271,1404416271,1404416271,0,0,0,0,'','',0,'','',0,'',0.00,0,0,0.00,0,0,0,1,'海***蓝','pc'),(191,'2014071199029',0,1,2,2,'',0,0,0,0,'','','','','','','','',0,'',0,'','','','','','','','',0.00,0.00,0.00,0.00,0.00,0.00,0.00,0.00,0,0.00,0.00,0.00,0,'',1404409615,1404409615,1404409615,0,0,0,0,'','',0,'','',0,'',0.00,0,0,0.00,0,0,0,1,'曹量1234','pc'),(192,'2014071138972',0,1,2,2,'',0,0,0,0,'','','','','','','','',0,'',0,'','','','','','','','',0.00,0.00,0.00,0.00,0.00,0.00,0.00,0.00,0,0.00,0.00,0.00,0,'',1404402127,1404402127,1404402127,0,0,0,0,'','',0,'','',0,'',0.00,0,0,0.00,0,0,0,1,'孟***轩','pc'),(193,'2014071147681',0,1,2,2,'',0,0,0,0,'','','','','','','','',0,'',0,'','','','','','','','',0.00,0.00,0.00,0.00,0.00,0.00,0.00,0.00,0,0.00,0.00,0.00,0,'',1404393807,1404393807,1404393807,0,0,0,0,'','',0,'','',0,'',0.00,0,0,0.00,0,0,0,1,'x***j','pc'),(194,'2014071156589',0,1,2,2,'',0,0,0,0,'','','','','','','','',0,'',0,'','','','','','','','',0.00,0.00,0.00,0.00,0.00,0.00,0.00,0.00,0,0.00,0.00,0.00,0,'',1404384655,1404384655,1404384655,0,0,0,0,'','',0,'','',0,'',0.00,0,0,0.00,0,0,0,1,'勇***荣','pc'),(195,'2014071114858',0,1,2,2,'',0,0,0,0,'','','','','','','','',0,'',0,'','','','','','','','',0.00,0.00,0.00,0.00,0.00,0.00,0.00,0.00,0,0.00,0.00,0.00,0,'',1404374671,1404374671,1404374671,0,0,0,0,'','',0,'','',0,'',0.00,0,0,0.00,0,0,0,1,'menfeng','pc'),(196,'2014071149675',0,1,2,2,'',0,0,0,0,'','','','','','','','',0,'',0,'','','','','','','','',0.00,0.00,0.00,0.00,0.00,0.00,0.00,0.00,0,0.00,0.00,0.00,0,'',1404363855,1404363855,1404363855,0,0,0,0,'','',0,'','',0,'',0.00,0,0,0.00,0,0,0,1,'z***1','pc'),(197,'2014071178474',0,1,2,2,'',0,0,0,0,'','','','','','','','',0,'',0,'','','','','','','','',0.00,0.00,0.00,0.00,0.00,0.00,0.00,0.00,0,0.00,0.00,0.00,0,'',1404352207,1404352207,1404352207,0,0,0,0,'','',0,'','',0,'',0.00,0,0,0.00,0,0,0,1,'欧默丹丹','pc'),(198,'2014071197698',0,1,2,2,'',0,0,0,0,'','','','','','','','',0,'',0,'','','','','','','','',0.00,0.00,0.00,0.00,0.00,0.00,0.00,0.00,0,0.00,0.00,0.00,0,'',1404339727,1404339727,1404339727,0,0,0,0,'','',0,'','',0,'',0.00,0,0,0.00,0,0,0,1,'ermao329','pc'),(199,'2014071119665',0,1,2,2,'',0,0,0,0,'','','','','','','','',0,'',0,'','','','','','','','',0.00,0.00,0.00,0.00,0.00,0.00,0.00,0.00,0,0.00,0.00,0.00,0,'',1404326415,1404326415,1404326415,0,0,0,0,'','',0,'','',0,'',0.00,0,0,0.00,0,0,0,1,'水***5','pc'),(200,'2014071175606',0,1,2,2,'',0,0,0,0,'','','','','','','','',0,'',0,'','','','','','','','',0.00,0.00,0.00,0.00,0.00,0.00,0.00,0.00,0,0.00,0.00,0.00,0,'',1404312271,1404312271,1404312271,0,0,0,0,'','',0,'','',0,'',0.00,0,0,0.00,0,0,0,1,'糖果妙恋0','pc'),(201,'2014071100414',0,1,2,2,'',0,0,0,0,'','','','','','','','',0,'',0,'','','','','','','','',0.00,0.00,0.00,0.00,0.00,0.00,0.00,0.00,0,0.00,0.00,0.00,0,'',1404297295,1404297295,1404297295,0,0,0,0,'','',0,'','',0,'',0.00,0,0,0.00,0,0,0,1,'panpan870504','pc'),(202,'2014071174810',0,1,2,2,'',0,0,0,0,'','','','','','','','',0,'',0,'','','','','','','','',0.00,0.00,0.00,0.00,0.00,0.00,0.00,0.00,0,0.00,0.00,0.00,0,'',1404281487,1404281487,1404281487,0,0,0,0,'','',0,'','',0,'',0.00,0,0,0.00,0,0,0,1,'q***3','pc'),(204,'2014071108171',1,5,1,2,'李女士',1,10,145,1196,'北戴河奥林匹克大道公园','','400-663-5268','','Yasfd@sdf.com','','','',1,'申通快递',4,'支付宝-网银直连','等待所有商品备齐后再发','','','','','','',2000.00,5.00,0.00,0.00,0.00,0.00,2005.00,0.00,0,0.00,0.00,0.00,0,'本站',1405066104,1405475515,1405475515,1405475559,0,0,0,'668896279127','',0,'','',0,'',0.00,0,0,0.00,1,203,2,1,'','pc'),(205,'2014071159626',1,0,0,0,'李女士',1,10,145,1196,'北戴河奥林匹克大道公园','','400-663-5268','','Yasfd@sdf.com','','','',3,'圆通速递',4,'支付宝-网银直连','等待所有商品备齐后再发','','','','','','',444.00,5.00,0.00,0.00,0.00,0.00,0.00,0.00,0,0.00,0.00,449.00,0,'本站',1405066104,0,0,0,0,0,0,'','',0,'','',0,'',0.00,0,0,0.00,0,203,0,1,'','pc'),(207,'2014070137323',1,0,0,0,'李女士',1,10,145,1196,'北戴河奥林匹克大道公园','','400-663-5268','','Yasfd@sdf.com','','','',1,'申通快递',2,'支付宝','等待所有商品备齐后再发','','','','','','',1600.00,15.00,0.00,0.00,0.00,0.00,0.00,0.00,0,0.00,0.00,1615.00,0,'本站',1404202400,0,0,0,0,0,0,'','',0,'','',0,'',0.00,0,0,0.00,1,206,2,1,'','pc'),(208,'2014070124467',1,5,1,2,'李女士',1,10,145,1196,'北戴河奥林匹克大道公园','','400-663-5268','','Yasfd@sdf.com','','','',3,'圆通速递',2,'支付宝','等待所有商品备齐后再发','','','','','','',0.00,15.00,0.00,0.00,0.00,0.00,15.00,0.00,0,0.00,0.00,0.00,0,'本站',1404202400,1404202470,1404202474,1404202540,0,0,0,'5733813557','',0,'','',0,'',0.00,0,0,0.00,0,206,0,1,'','pc'),(210,'2014071870455',5,0,0,0,'232332',1,21,275,2291,'32232','','3233232','','asdf@asd1f.com','','','',3,'圆通速递',3,'网银在线','等待所有商品备齐后再发','','','','','','',1000.00,5.00,0.00,18.05,0.00,0.00,0.00,0.00,0,0.00,0.00,1005.00,0,'本站',1405673411,0,0,0,0,0,0,'','',0,'','',0,'',0.00,0,0,0.00,1,209,2,1,'','pc'),(211,'2014071875568',5,0,0,0,'232332',1,21,275,2291,'32232','','3233232','','asdf@asd1f.com','','','',3,'圆通速递',3,'网银在线','等待所有商品备齐后再发','','','','','','',777.00,5.00,0.00,18.05,0.00,0.00,0.00,0.00,0,0.00,0.00,782.00,0,'本站',1405673411,0,0,0,0,0,0,'','',0,'','',0,'',0.00,0,0,0.00,0,209,0,1,'','pc'),(212,'2014072336253',4,0,0,0,'1111',1,2,52,512,'最西边','066000','135612313456','','68ec@ec.com','','','',2,'申通快递',2,'支付宝','等待所有商品备齐后再发','','','','0','','',2777.00,15.00,0.00,0.00,0.00,0.00,0.00,0.00,0,0.00,0.00,2792.00,0,'本站',1406054956,0,0,0,0,0,0,'','',0,'','',0,'',0.00,0,0,0.00,0,0,0,1,'','pc'),(213,'2014072349342',4,0,0,0,'1111',1,2,52,512,'最西边','066000','135612313456','','68ec@ec.com','','','',2,'申通快递',2,'支付宝','等待所有商品备齐后再发','','','','0','','',1065.60,15.00,0.00,0.00,0.00,0.00,0.00,0.00,0,0.00,0.00,1080.60,0,'本站',1406086912,0,0,0,0,0,0,'','',0,'','',0,'',0.00,0,0,0.00,0,0,0,1,'','pc'),(214,'2014072346475',4,0,0,0,'1111',1,2,52,512,'最西边','066000','135612313456','','68ec@ec.com','','','',2,'申通快递',2,'支付宝','等待所有商品备齐后再发','','','','0','','',2000.00,15.00,0.00,0.00,0.00,0.00,0.00,0.00,0,0.00,0.00,2015.00,0,'供货商',1406086912,0,0,0,0,0,0,'','',0,'','',0,'',0.00,0,0,0.00,0,0,0,1,'','pc'),(215,'2014072351092',4,0,0,0,'1111',1,2,52,512,'最西边','066000','135612313456','','68ec@ec.com','','','',2,'圆通速递',2,'支付宝','等待所有商品备齐后再发','','','','0','','',1065.60,5.00,0.00,0.00,0.00,0.00,0.00,0.00,0,0.00,0.00,1070.60,0,'本站',1406088041,0,0,0,0,0,0,'','',0,'','',0,'',0.00,0,34,0.00,0,0,0,1,'','pc'),(216,'2014072343348',4,0,0,0,'1111',1,2,52,512,'最西边','066000','135612313456','','68ec@ec.com','','','',2,'圆通速递',2,'支付宝','等待所有商品备齐后再发','','','','0','','',1000.00,5.00,0.00,0.00,0.00,0.00,0.00,0.00,0,0.00,0.00,1005.00,0,'供货商',1406088041,0,0,0,0,0,0,'','',0,'','',0,'',0.00,0,53,0.00,1,0,0,1,'','pc'),(220,'2014072349764',4,0,0,0,'1111',1,2,52,512,'最西边','066000','135612313456','','68ec@ec.com','','','',2,'圆通速递',2,'支付宝','等待所有商品备齐后再发','','','','0','','',777.00,5.00,0.00,0.00,0.00,0.00,0.00,0.00,0,0.00,0.00,782.00,0,'本站',1406089893,0,0,0,0,0,0,'','',0,'','',0,'',0.00,0,34,0.00,0,0,0,1,'','pc'),(218,'2014072370534',1,0,0,0,'李女士',1,10,145,1196,'北戴河奥林匹克大道公园','','400-663-5268','','Yasfd@sdf.com','','','',3,'圆通速递',2,'支付宝','等待所有商品备齐后再发','','','','','','',1000.00,5.00,0.00,0.00,0.00,0.00,0.00,0.00,0,0.00,0.00,1005.00,0,'本站',1406118526,0,0,0,0,0,0,'','',0,'','',0,'',0.00,0,0,0.00,1,217,2,1,'','pc'),(219,'2014072371593',1,0,0,0,'李女士',1,10,145,1196,'北戴河奥林匹克大道公园','','400-663-5268','','Yasfd@sdf.com','','','',3,'圆通速递',2,'支付宝','等待所有商品备齐后再发','','','','','','',777.00,5.00,0.00,0.00,0.00,0.00,0.00,0.00,0,0.00,0.00,782.00,0,'本站',1406118526,0,0,0,0,0,0,'','',0,'','',0,'',0.00,0,0,0.00,0,217,0,1,'','pc'),(221,'2014072329645',4,0,0,0,'1111',1,2,52,512,'最西边','066000','135612313456','','68ec@ec.com','','','',2,'圆通速递',2,'支付宝','等待所有商品备齐后再发','','','','0','','',0.00,5.00,0.00,0.00,0.00,0.00,0.00,0.00,0,0.00,0.00,5.00,0,'供货商',1406089893,0,0,0,0,0,0,'','',0,'','',0,'',0.00,0,53,0.00,1,0,0,1,'','pc'),(222,'2014072339262',4,0,0,0,'1111',1,2,52,512,'最西边','066000','135612313456','','68ec@ec.com','','','',2,'申通快递',2,'支付宝','等待所有商品备齐后再发','','','','0','','',777.00,15.00,0.00,0.00,0.00,0.00,0.00,0.00,0,0.00,0.00,792.00,0,'本站',1406090159,0,0,0,0,0,0,'','',0,'','',0,'',0.00,0,34,0.00,0,0,0,1,'','pc'),(223,'2014072360498',4,0,0,0,'1111',1,2,52,512,'最西边','066000','135612313456','','68ec@ec.com','','','',2,'申通快递',2,'支付宝','等待所有商品备齐后再发','','','','0','','',1000.00,15.00,0.00,0.00,0.00,0.00,0.00,0.00,0,0.00,0.00,1015.00,0,'供货商',1406090159,0,0,0,0,0,0,'','',0,'','',0,'',0.00,0,53,0.00,1,0,0,1,'','pc'),(224,'2014072336536',4,0,0,0,'1111',1,2,52,512,'最西边','066000','135612313456','','68ec@ec.com','','','',2,'申通快递',2,'支付宝','等待所有商品备齐后再发','','','','0','','',777.00,15.00,0.00,0.00,0.00,0.00,0.00,0.00,0,0.00,0.00,792.00,0,'本站',1406090282,0,0,0,0,0,0,'','',0,'','',0,'',0.00,0,34,0.00,0,0,0,1,'','pc'),(225,'2014072335139',4,0,0,0,'1111',1,2,52,512,'最西边','066000','135612313456','','68ec@ec.com','','','',2,'申通快递',2,'支付宝','等待所有商品备齐后再发','','','','0','','',1000.00,15.00,0.00,0.00,0.00,0.00,0.00,0.00,0,0.00,0.00,1015.00,0,'供货商',1406090282,0,0,0,0,0,0,'','',0,'','',0,'',0.00,0,53,0.00,1,0,0,1,'','pc'),(226,'2014072308574',4,0,0,0,'1111',1,2,52,512,'最西边','066000','135612313456','','68ec@ec.com','','','',2,'申通快递',2,'支付宝','等待所有商品备齐后再发','','','','0','','',777.00,15.00,0.00,0.00,0.00,0.00,0.00,0.00,0,0.00,0.00,792.00,0,'本站',1406090293,0,0,0,0,0,0,'','',0,'','',0,'',0.00,0,34,0.00,0,0,0,1,'','pc'),(227,'2014072339400',4,0,0,0,'1111',1,2,52,512,'最西边','066000','135612313456','','68ec@ec.com','','','',2,'申通快递',2,'支付宝','等待所有商品备齐后再发','','','','0','','',1000.00,15.00,0.00,0.00,0.00,0.00,0.00,0.00,0,0.00,0.00,1015.00,0,'供货商',1406090293,0,0,0,0,0,0,'','',0,'','',0,'',0.00,0,53,0.00,1,0,0,1,'','pc'),(228,'2014072324294',4,0,0,0,'1111',1,2,52,512,'最西边','066000','135612313456','','68ec@ec.com','','','',2,'圆通速递',2,'支付宝','等待所有商品备齐后再发','','','','0','','',1777.00,5.00,0.00,0.00,0.00,0.00,0.00,0.00,0,0.00,0.00,1782.00,0,'本站',1406090456,0,0,0,0,0,0,'','',0,'','',0,'',0.00,0,0,0.00,0,0,0,1,'','pc'),(229,'2014072390030',4,0,0,0,'1111',1,2,52,512,'最西边','066000','135612313456','','68ec@ec.com','','','',2,'圆通速递',2,'支付宝','等待所有商品备齐后再发','','','','0','','',777.00,5.00,0.00,0.00,0.00,0.00,0.00,0.00,0,0.00,0.00,782.00,0,'本站',1406090678,0,0,0,0,0,0,'','',0,'','',0,'',0.00,0,34,0.00,0,0,0,1,'','pc'),(230,'2014072374972',4,0,0,0,'1111',1,2,52,512,'最西边','066000','135612313456','','68ec@ec.com','','','',2,'圆通速递',2,'支付宝','等待所有商品备齐后再发','','','','0','','',1000.00,5.00,0.00,0.00,0.00,0.00,0.00,0.00,0,0.00,0.00,1005.00,0,'供货商',1406090755,0,0,0,0,0,0,'','',0,'','',0,'',0.00,0,53,0.00,1,0,0,1,'','pc'),(231,'2014072376430',4,0,0,0,'1111',1,2,52,512,'最西边','066000','135612313456','','68ec@ec.com','','','',2,'申通快递',2,'支付宝','等待所有商品备齐后再发','','','','0','','',2000.00,15.00,0.00,0.00,0.00,0.00,0.00,0.00,0,0.00,0.00,2015.00,0,'供货商',1406094655,0,0,0,0,0,0,'','',0,'','',0,'',0.00,0,0,0.00,1,0,0,1,'','pc'),(232,'2014072442740',4,0,0,0,'1111',1,2,52,512,'最西边','066000','135612313456','','68ec@ec.com','','','',2,'申通快递',2,'支付宝','等待所有商品备齐后再发','','','','0','','',777.00,15.00,0.00,0.00,0.00,0.00,0.00,0.00,0,0.00,0.00,792.00,0,'本站',1406134429,0,0,0,0,0,0,'','',0,'','',0,'',0.00,0,0,0.00,0,0,0,1,'','pc'),(233,'2014072471139',4,0,0,0,'1111',1,2,52,512,'最西边','066000','135612313456','','68ec@ec.com','','','',2,'申通快递',2,'支付宝','等待所有商品备齐后再发','','','','0','','',777.00,15.00,0.00,0.00,0.00,0.00,0.00,0.00,0,0.00,0.00,792.00,0,'本站',1406136463,0,0,0,0,0,0,'','',0,'','',0,'',0.00,0,0,0.00,0,0,0,1,'','pc'),(234,'2014072433268',4,0,0,0,'1111',1,2,52,512,'最西边','066000','135612313456','','68ec@ec.com','','','',2,'申通快递',2,'支付宝','等待所有商品备齐后再发','','','','0','','',2000.00,15.00,0.00,0.00,0.00,0.00,0.00,0.00,0,0.00,0.00,2015.00,0,'供货商',1406137227,0,0,0,0,0,0,'','',0,'','',0,'',0.00,0,0,0.00,1,0,0,1,'','pc'),(235,'2014072445954',4,0,0,0,'1111',1,2,52,512,'最西边','066000','135612313456','','68ec@ec.com','','','',2,'申通快递',2,'支付宝','等待所有商品备齐后再发','','','','0','','',2000.00,15.00,0.00,0.00,0.00,0.00,0.00,0.00,0,0.00,0.00,2015.00,0,'供货商',1406137579,0,0,0,0,0,0,'','',0,'','',0,'',0.00,0,0,0.00,1,0,0,1,'','pc'),(236,'2014072497877',4,0,0,0,'1111',1,2,52,512,'最西边','066000','135612313456','','68ec@ec.com','','','',2,'申通快递',2,'支付宝','等待所有商品备齐后再发','','','','0','','',2000.00,15.00,0.00,0.00,0.00,0.00,0.00,0.00,0,0.00,0.00,2015.00,0,'供货商',1406138137,0,0,0,0,0,0,'','',0,'','',0,'',0.00,0,0,0.00,1,0,0,1,'','pc'),(237,'2014072426735',4,0,0,0,'1111',1,2,52,512,'最西边','066000','135612313456','','68ec@ec.com','','','',2,'申通快递',2,'支付宝','等待所有商品备齐后再发','','','','0','','',2000.00,15.00,0.00,0.00,0.00,0.00,0.00,0.00,0,0.00,0.00,2015.00,0,'供货商',1406138471,0,0,0,0,0,0,'','',0,'','',0,'',0.00,0,0,0.00,1,0,0,1,'','pc'),(238,'2014072488952',4,0,0,0,'1111',1,2,52,512,'最西边','066000','135612313456','','68ec@ec.com','','','',2,'申通快递',2,'支付宝','等待所有商品备齐后再发','','','','0','','',2000.00,15.00,0.00,0.00,0.00,0.00,0.00,0.00,0,0.00,0.00,2015.00,0,'供货商',1406138693,0,0,0,0,0,0,'','',0,'','',0,'',0.00,0,0,0.00,1,0,0,1,'','pc'),(239,'2014072414042',4,0,0,0,'1111',1,2,52,512,'最西边','066000','135612313456','','68ec@ec.com','','','',2,'申通快递',2,'支付宝','等待所有商品备齐后再发','','','','0','','',2000.00,15.00,0.00,0.00,0.00,0.00,0.00,0.00,0,0.00,0.00,2015.00,0,'供货商',1406138817,0,0,0,0,0,0,'','',0,'','',0,'',0.00,0,0,0.00,1,0,0,1,'','pc'),(240,'2014072423739',4,0,0,0,'1111',1,2,52,512,'最西边','066000','135612313456','','68ec@ec.com','','','',2,'申通快递',2,'支付宝','等待所有商品备齐后再发','','','','0','','',2000.00,15.00,0.00,0.00,0.00,0.00,0.00,0.00,0,0.00,0.00,2015.00,0,'本站',1406138965,0,0,0,0,0,0,'','',0,'','',0,'',0.00,0,0,0.00,0,0,0,1,'','pc'),(241,'2014072486687',4,0,0,0,'1111',1,2,52,512,'最西边','066000','135612313456','','68ec@ec.com','','','',2,'申通快递',2,'支付宝','等待所有商品备齐后再发','','','','0','','',777.00,15.00,0.00,0.00,0.00,0.00,0.00,0.00,0,0.00,0.00,792.00,0,'本站',1406139198,0,0,0,0,0,0,'','',0,'','',0,'',0.00,0,0,0.00,0,0,0,1,'','pc'),(244,'2014072498386',1,0,0,0,'李女士',1,10,145,1196,'北戴河奥林匹克大道公园','','400-663-5268','','Yasfd@sdf.com','','','',2,'圆通速递',2,'支付宝','等待所有商品备齐后再发','','','','0','','',1332.00,5.00,0.00,0.00,0.00,0.00,0.00,0.00,0,0.00,0.00,1337.00,0,'本站',1406140110,0,0,0,0,0,0,'','',0,'','',0,'',0.00,0,0,0.00,0,0,0,1,'','pc'),(245,'2014072499188',1,0,0,0,'李女士',1,10,145,1196,'北戴河奥林匹克大道公园','','400-663-5268','','Yasfd@sdf.com','','','',2,'圆通速递',2,'支付宝','等待所有商品备齐后再发','','','','0','','',3000.00,5.00,0.00,0.00,0.00,0.00,0.00,0.00,0,0.00,0.00,3005.00,0,'供货商',1406140110,0,0,0,0,0,0,'','',0,'','',0,'',0.00,0,0,0.00,1,0,0,1,'','pc'),(246,'2014072405714',4,0,0,0,'1111',1,2,52,512,'最西边','066000','135612313456','','68ec@ec.com','','','',2,'申通快递',2,'支付宝','等待所有商品备齐后再发','','','','0','','',2000.00,15.00,0.00,0.00,0.00,0.00,0.00,0.00,0,0.00,0.00,2015.00,0,'供货商',1406140239,0,0,0,0,0,0,'','',0,'','',0,'',0.00,0,0,0.00,1,0,0,1,'','pc'),(247,'2014072492504',1,1,0,2,'李女士',1,10,145,1196,'北戴河奥林匹克大道公园','','400-663-5268','','Yasfd@sdf.com','','','',3,'圆通速递',5,'余额支付','等待所有商品备齐后再发','','','','','','',777.00,5.00,0.00,0.00,0.00,0.00,0.00,782.00,0,0.00,0.00,0.00,0,'本站',1406172915,1406172915,1406172915,0,0,0,0,'','',0,'','',0,'',0.00,0,0,0.00,0,0,0,1,'','pc'),(249,'2014072464641',1,1,0,2,'李女士',1,10,145,1196,'北戴河奥林匹克大道公园','','400-663-5268','','Yasfd@sdf.com','','','',3,'圆通速递',5,'余额支付','等待所有商品备齐后再发','','','','','','',1000.00,5.00,0.00,0.00,0.00,0.00,0.00,1787.00,0,0.00,0.00,1005.00,0,'本站',1406172947,1406172947,1406172947,0,0,0,0,'','',0,'','',0,'',0.00,0,0,0.00,1,248,2,1,'','pc'),(250,'2014072437676',1,4,1,2,'李女士',1,10,145,1196,'北戴河奥林匹克大道公园','','400-663-5268','','Yasfd@sdf.com','','','',3,'圆通速递',5,'余额支付','等待所有商品备齐后再发','','','','','','',777.00,5.00,0.00,0.00,0.00,0.00,0.00,1787.00,0,0.00,0.00,0.00,0,'本站',1406172947,1406172947,1406701554,1406701600,0,0,0,'1111111<br>请输入快递单号','',0,'','',0,'',0.00,0,0,0.00,0,248,0,1,'','pc'),(252,'2014073011841',5,0,0,0,'232332',1,21,275,2291,'32232','','3233232','','asdf@asd1f.com','','','',3,'圆通速递',3,'网银在线','等待所有商品备齐后再发','','','','','','',1000.00,5.00,0.00,18.05,0.00,0.00,0.00,0.00,0,0.00,0.00,1005.00,0,'本站',1406681925,0,0,0,0,0,0,'','',0,'','',0,'',0.00,0,0,0.00,1,251,1,1,'','pc'),(253,'2014073016062',5,0,0,0,'232332',1,21,275,2291,'32232','','3233232','','asdf@asd1f.com','','','',3,'圆通速递',3,'网银在线','等待所有商品备齐后再发','','','','','','',777.00,5.00,0.00,18.05,0.00,0.00,0.00,0.00,0,0.00,0.00,782.00,0,'本站',1406681925,0,0,0,0,0,0,'','',0,'','',0,'',0.00,0,0,0.00,0,251,0,1,'','pc'),(255,'2014073010847',3,5,1,2,'某某',1,2,52,500,'东城区第三军医院','','01012345678','','asdfsadf@sdf.com','','','',3,'圆通速递',3,'网银在线','等待所有商品备齐后再发','','','','','','',777.00,5.00,0.00,45.32,0.00,0.00,827.32,0.00,0,0.00,0.00,0.00,0,'本站',1406682136,1406771627,1406771647,1406771660,0,0,0,'请输入快递单号','',0,'','',0,'',0.00,0,0,0.00,0,254,0,1,'','pc'),(256,'2014073098616',3,0,0,0,'某某',1,2,52,500,'东城区第三军医院','','01012345678','','asdfsadf@sdf.com','','','',3,'圆通速递',3,'网银在线','等待所有商品备齐后再发','','','','','','',3700.00,5.00,0.00,45.32,0.00,0.00,0.00,0.00,0,0.00,0.00,3705.00,0,'本站',1406682136,0,0,0,0,0,0,'','',0,'','',0,'',0.00,0,0,0.00,1,254,1,1,'','pc'),(266,'2014080109542',5,0,0,0,'232332',1,21,275,2291,'32232','','3233232','','asdf@asd1f.com','','','',3,'圆通速递',3,'网银在线','等待所有商品备齐后再发','','','','','','',777.00,5.00,0.00,7.90,0.00,0.00,0.00,0.00,0,0.00,0.00,789.90,0,'本站',1406858848,0,0,0,0,0,0,'','',0,'','',0,'',0.00,0,0,0.00,0,0,0,1,'','pc'),(258,'2014073177175',5,5,1,2,'232332',1,21,275,2291,'32232','','3233232','','asdf@asd1f.com','','','',3,'圆通速递',3,'网银在线','等待所有商品备齐后再发','','','','','','',1000.00,5.00,0.00,18.05,0.00,0.00,1023.05,0.00,0,0.00,0.00,0.00,0,'本站',1406771461,1406771723,1406771731,1406771737,0,0,0,'请输入快递单号','',0,'','',0,'',0.00,0,0,0.00,1,257,1,2,'','pc'),(259,'2014073167028',5,0,0,0,'232332',1,21,275,2291,'32232','','3233232','','asdf@asd1f.com','','','',3,'圆通速递',3,'网银在线','等待所有商品备齐后再发','','','','','','',777.00,5.00,0.00,18.05,0.00,0.00,0.00,0.00,0,0.00,0.00,782.00,0,'本站',1406771461,0,0,0,0,0,0,'','',0,'','',0,'',0.00,0,0,0.00,0,257,0,1,'','pc'),(261,'2014080182336',5,0,0,0,'232332',1,21,275,2291,'32232','','3233232','','asdf@asd1f.com','','','',3,'圆通速递',3,'网银在线','等待所有商品备齐后再发','','','','','','',1000.00,5.00,0.00,18.05,0.00,0.00,0.00,0.00,0,0.00,0.00,1005.00,0,'本站',1406857696,0,0,0,0,0,0,'','',0,'','',0,'',0.00,0,0,0.00,1,260,1,1,'','pc'),(262,'2014080113555',5,0,0,0,'232332',1,21,275,2291,'32232','','3233232','','asdf@asd1f.com','','','',3,'圆通速递',3,'网银在线','等待所有商品备齐后再发','','','','','','',777.00,5.00,0.00,18.05,0.00,0.00,0.00,0.00,0,0.00,0.00,782.00,0,'本站',1406857696,0,0,0,0,0,0,'','',0,'','',0,'',0.00,0,0,0.00,0,260,0,1,'','pc'),(264,'2014080199866',5,0,0,0,'232332',1,21,275,2291,'32232','','3233232','','asdf@asd1f.com','','','',3,'圆通速递',3,'网银在线','等待所有商品备齐后再发','','','','','','',1000.00,5.00,0.00,18.05,0.00,0.00,0.00,0.00,0,0.00,0.00,1005.00,0,'本站',1406858605,0,0,0,0,0,0,'','',0,'','',0,'',0.00,0,0,0.00,1,263,1,1,'','pc'),(265,'2014080143602',5,0,0,0,'232332',1,21,275,2291,'32232','','3233232','','asdf@asd1f.com','','','',3,'圆通速递',3,'网银在线','等待所有商品备齐后再发','','','','','','',777.00,5.00,0.00,18.05,0.00,0.00,0.00,0.00,0,0.00,0.00,782.00,0,'本站',1406858605,0,0,0,0,0,0,'','',0,'','',0,'',0.00,0,0,0.00,0,263,0,1,'','pc'),(268,'2014080804086',5,0,0,0,'232332',1,21,275,2291,'32232','','3233232','','asdf@asd1f.com','仅工作日送货','','',3,'圆通速递',2,'支付宝','等待所有商品备齐后再发','','','','','','',1554.00,5.00,0.00,0.00,0.00,0.00,0.00,0.00,0,0.00,0.00,1559.00,0,'本站',1407467706,0,0,0,0,0,0,'','',0,'','',0,'',0.00,0,0,0.00,0,267,0,1,'','pc'),(269,'2014080864771',5,0,0,0,'232332',1,21,275,2291,'32232','','3233232','','asdf@asd1f.com','仅工作日送货','','',3,'圆通速递',2,'支付宝','等待所有商品备齐后再发','','','','','','',1000.00,5.00,0.00,0.00,0.00,0.00,0.00,0.00,0,0.00,0.00,1005.00,0,'本站',1407467706,0,0,0,0,0,0,'','',0,'','',0,'',0.00,0,0,0.00,1,267,1,1,'','pc'),(271,'2014081241998',5,0,0,0,'232332',1,21,275,2291,'32232','','3233232','','asdf@asd1f.com','仅工作日送货','','',3,'圆通速递',4,'支付宝-网银直连','等待所有商品备齐后再发','','','','','','',777.00,5.00,0.00,0.00,0.00,0.00,0.00,0.00,0,0.00,0.00,782.00,0,'本站',1407805184,0,0,0,0,0,0,'','',0,'','',0,'',0.00,0,0,0.00,0,270,0,1,'','pc'),(272,'2014081222695',5,0,0,0,'232332',1,21,275,2291,'32232','','3233232','','asdf@asd1f.com','仅工作日送货','','',3,'圆通速递',4,'支付宝-网银直连','等待所有商品备齐后再发','','','','','','',1000.00,5.00,0.00,0.00,0.00,0.00,0.00,0.00,0,0.00,0.00,1005.00,0,'本站',1407805184,0,0,0,0,0,0,'','',0,'','',0,'',0.00,0,0,0.00,1,270,1,1,'','pc');
/*!40000 ALTER TABLE `ecs_order_info` ENABLE KEYS */;
UNLOCK TABLES;

--
-- Table structure for table `ecs_pack`
--

DROP TABLE IF EXISTS `ecs_pack`;
/*!40101 SET @saved_cs_client     = @@character_set_client */;
/*!40101 SET character_set_client = utf8 */;
CREATE TABLE `ecs_pack` (
  `pack_id` tinyint(3) unsigned NOT NULL AUTO_INCREMENT,
  `pack_name` varchar(120) NOT NULL DEFAULT '',
  `pack_img` varchar(255) NOT NULL DEFAULT '',
  `pack_fee` decimal(6,2) unsigned NOT NULL DEFAULT '0.00',
  `free_money` smallint(5) unsigned NOT NULL DEFAULT '0',
  `pack_desc` varchar(255) NOT NULL DEFAULT '',
  PRIMARY KEY (`pack_id`)
) ENGINE=MyISAM AUTO_INCREMENT=2 DEFAULT CHARSET=utf8;
/*!40101 SET character_set_client = @saved_cs_client */;

--
-- Dumping data for table `ecs_pack`
--

LOCK TABLES `ecs_pack` WRITE;
/*!40000 ALTER TABLE `ecs_pack` DISABLE KEYS */;
/*!40000 ALTER TABLE `ecs_pack` ENABLE KEYS */;
UNLOCK TABLES;

--
-- Table structure for table `ecs_package_goods`
--

DROP TABLE IF EXISTS `ecs_package_goods`;
/*!40101 SET @saved_cs_client     = @@character_set_client */;
/*!40101 SET character_set_client = utf8 */;
CREATE TABLE `ecs_package_goods` (
  `package_id` mediumint(8) unsigned NOT NULL DEFAULT '0',
  `goods_id` mediumint(8) unsigned NOT NULL DEFAULT '0',
  `product_id` mediumint(8) unsigned NOT NULL DEFAULT '0',
  `goods_number` smallint(5) unsigned NOT NULL DEFAULT '1',
  `admin_id` tinyint(3) unsigned NOT NULL DEFAULT '0',
  PRIMARY KEY (`package_id`,`goods_id`,`admin_id`,`product_id`)
) ENGINE=MyISAM DEFAULT CHARSET=utf8;
/*!40101 SET character_set_client = @saved_cs_client */;

--
-- Dumping data for table `ecs_package_goods`
--

LOCK TABLES `ecs_package_goods` WRITE;
/*!40000 ALTER TABLE `ecs_package_goods` DISABLE KEYS */;
INSERT INTO `ecs_package_goods` VALUES (3,1,0,1,1),(3,27,0,1,1),(3,50,0,1,1);
/*!40000 ALTER TABLE `ecs_package_goods` ENABLE KEYS */;
UNLOCK TABLES;

--
-- Table structure for table `ecs_pay_log`
--

DROP TABLE IF EXISTS `ecs_pay_log`;
/*!40101 SET @saved_cs_client     = @@character_set_client */;
/*!40101 SET character_set_client = utf8 */;
CREATE TABLE `ecs_pay_log` (
  `log_id` int(10) unsigned NOT NULL AUTO_INCREMENT,
  `order_id` mediumint(8) unsigned NOT NULL DEFAULT '0',
  `order_amount` decimal(10,2) unsigned NOT NULL,
  `order_type` tinyint(1) unsigned NOT NULL DEFAULT '0',
  `is_paid` tinyint(1) unsigned NOT NULL DEFAULT '0',
  PRIMARY KEY (`log_id`)
) ENGINE=MyISAM AUTO_INCREMENT=67 DEFAULT CHARSET=utf8;
/*!40101 SET character_set_client = @saved_cs_client */;

--
-- Dumping data for table `ecs_pay_log`
--

LOCK TABLES `ecs_pay_log` WRITE;
/*!40000 ALTER TABLE `ecs_pay_log` DISABLE KEYS */;
INSERT INTO `ecs_pay_log` VALUES (1,1,115.00,0,0),(2,2,15.00,0,0),(3,3,15.00,0,0),(4,4,15.00,0,0),(5,5,3014.00,0,0),(6,6,815.00,0,0),(7,7,815.00,0,0),(8,8,224557.00,0,0),(9,9,792.00,0,0),(10,10,570.00,0,0),(11,11,1258.20,0,0),(12,12,903.00,0,0),(13,13,903.00,0,0),(14,14,792.00,0,0),(15,15,802.00,0,0),(16,16,792.00,0,0),(17,17,2457.00,0,0),(18,18,792.00,0,0),(19,19,792.00,0,0),(20,20,1791.00,0,0),(21,21,2579.00,0,0),(22,22,3356.00,0,0),(23,23,3123.00,0,0),(24,24,5454.00,0,0),(25,25,792.00,0,0),(26,26,2343.00,0,0),(27,27,570.71,0,0),(28,28,1125.00,0,0),(29,29,2140.40,0,0),(30,30,1121.53,0,0),(31,31,615.00,0,0),(32,32,2007.00,0,0),(33,35,2474.00,0,0),(34,38,2118.00,0,0),(35,41,3029.00,0,0),(36,44,1207.00,0,0),(37,47,2474.00,0,0),(38,50,2807.00,0,0),(39,53,2015.00,0,0),(40,54,615.00,0,0),(41,55,2474.00,0,0),(42,58,215.00,0,0),(43,59,19.30,0,0),(44,60,1607.00,0,0),(45,63,1014.00,0,0),(46,64,5214.00,0,0),(47,67,2029.00,0,0),(48,130,2029.00,0,0),(49,153,1015.00,0,0),(50,174,0.00,0,0),(51,177,0.00,0,0),(52,180,3652.00,0,0),(53,203,2454.00,0,0),(54,206,1304.00,0,0),(55,209,1805.05,0,0),(56,217,1429.60,0,0),(57,247,0.00,0,0),(58,248,0.00,0,0),(59,251,1805.05,0,0),(60,254,4532.32,0,0),(61,257,1805.05,0,0),(62,260,1805.05,0,0),(63,263,1805.05,0,0),(64,266,789.90,0,0),(65,267,2051.20,0,0),(66,270,1787.00,0,0);
/*!40000 ALTER TABLE `ecs_pay_log` ENABLE KEYS */;
UNLOCK TABLES;

--
-- Table structure for table `ecs_payment`
--

DROP TABLE IF EXISTS `ecs_payment`;
/*!40101 SET @saved_cs_client     = @@character_set_client */;
/*!40101 SET character_set_client = utf8 */;
CREATE TABLE `ecs_payment` (
  `pay_id` tinyint(3) unsigned NOT NULL AUTO_INCREMENT,
  `pay_code` varchar(20) NOT NULL DEFAULT '',
  `pay_name` varchar(120) NOT NULL DEFAULT '',
  `pay_fee` varchar(10) NOT NULL DEFAULT '0',
  `pay_desc` text NOT NULL,
  `pay_order` tinyint(3) unsigned NOT NULL DEFAULT '0',
  `pay_config` text NOT NULL,
  `enabled` tinyint(1) unsigned NOT NULL DEFAULT '0',
  `is_cod` tinyint(1) unsigned NOT NULL DEFAULT '0',
  `is_online` tinyint(1) unsigned NOT NULL DEFAULT '0',
  `pay_zhekou` tinyint(2) unsigned NOT NULL DEFAULT '0',
  PRIMARY KEY (`pay_id`),
  UNIQUE KEY `pay_code` (`pay_code`)
) ENGINE=MyISAM AUTO_INCREMENT=7 DEFAULT CHARSET=utf8;
/*!40101 SET character_set_client = @saved_cs_client */;

--
-- Dumping data for table `ecs_payment`
--

LOCK TABLES `ecs_payment` WRITE;
/*!40000 ALTER TABLE `ecs_payment` DISABLE KEYS */;
INSERT INTO `ecs_payment` VALUES (1,'bank','银行汇款/转帐','0','银行名称\r\n收款人信息：全称 ××× ；帐号或地址 ××× ；开户行 ×××。\r\n注意事项：办理电汇时，请在电汇单“汇款用途”一栏处注明您的订单号。',0,'a:0:{}',1,0,0,0),(2,'alipay','支付宝','0','支付宝网站(www.alipay.com) 是国内先进的网上支付平台。<br/>支付宝收款接口：在线即可开通，<font color=\"red\"><b>零预付，免年费</b></font>，单笔阶梯费率，无流量限制。<br/><a href=\"http://cloud.ecshop.com/payment_apply.php?mod=alipay\" target=\"_blank\"><font color=\"red\">立即在线申请</font></a>',0,'a:4:{i:0;a:3:{s:4:\"name\";s:14:\"alipay_account\";s:4:\"type\";s:4:\"text\";s:5:\"value\";s:0:\"\";}i:1;a:3:{s:4:\"name\";s:10:\"alipay_key\";s:4:\"type\";s:4:\"text\";s:5:\"value\";s:0:\"\";}i:2;a:3:{s:4:\"name\";s:14:\"alipay_partner\";s:4:\"type\";s:4:\"text\";s:5:\"value\";s:0:\"\";}i:3;a:3:{s:4:\"name\";s:17:\"alipay_pay_method\";s:4:\"type\";s:6:\"select\";s:5:\"value\";s:1:\"0\";}}',1,0,1,80),(3,'chinabank','网银在线','1%','网银在线（www.chinabank.com.cn）与中国工商银行、招商银行、中国建设银行、农业银行、民生银行等数十家金融机构达成协议。全面支持全国19家银行的信用卡及借记卡实现网上支付。<br/><a href=\"http://cloud.ecshop.com/payment_apply.php?mod=chinabank\" target=\"_blank\">立即在线申请</a>',0,'a:2:{i:0;a:3:{s:4:\"name\";s:17:\"chinabank_account\";s:4:\"type\";s:4:\"text\";s:5:\"value\";s:0:\"\";}i:1;a:3:{s:4:\"name\";s:13:\"chinabank_key\";s:4:\"type\";s:4:\"text\";s:5:\"value\";s:0:\"\";}}',0,0,1,0),(4,'alipay_bank','支付宝-网银直连','0','支付宝网站(www.alipay.com) 是国内先进的网上支付平台。<br/>支付宝收款接口：在线即可开通，<font color=\"red\"><b>零预付，免年费</b></font>，单笔阶梯费率，无流量限制。<br/><a href=\"http://cloud.ecshop.com/payment_apply.php?mod=alipay\" target=\"_blank\"><font color=\"red\">立即在线申请</font></a>',0,'a:3:{i:0;a:3:{s:4:\"name\";s:31:\"alipay_account_WWW_ecshop68_COM\";s:4:\"type\";s:4:\"text\";s:5:\"value\";s:0:\"\";}i:1;a:3:{s:4:\"name\";s:27:\"alipay_key_WWW_ecshop68_COM\";s:4:\"type\";s:4:\"text\";s:5:\"value\";s:0:\"\";}i:2;a:3:{s:4:\"name\";s:31:\"alipay_partner_WWW_ecshop68_COM\";s:4:\"type\";s:4:\"text\";s:5:\"value\";s:0:\"\";}}',1,0,1,0),(5,'balance','余额支付','0','使用帐户余额支付。只有会员才能使用，通过设置信用额度，可以透支。',0,'a:0:{}',0,0,1,0),(6,'cod','货到付款','0','开通城市：×××\r\n货到付款区域：×××',0,'a:0:{}',1,1,0,0);
/*!40000 ALTER TABLE `ecs_payment` ENABLE KEYS */;
UNLOCK TABLES;

--
-- Table structure for table `ecs_plugins`
--

DROP TABLE IF EXISTS `ecs_plugins`;
/*!40101 SET @saved_cs_client     = @@character_set_client */;
/*!40101 SET character_set_client = utf8 */;
CREATE TABLE `ecs_plugins` (
  `code` varchar(30) NOT NULL DEFAULT '',
  `version` varchar(10) NOT NULL DEFAULT '',
  `library` varchar(255) NOT NULL DEFAULT '',
  `assign` tinyint(1) unsigned NOT NULL DEFAULT '0',
  `install_date` int(10) unsigned NOT NULL DEFAULT '0',
  PRIMARY KEY (`code`)
) ENGINE=MyISAM DEFAULT CHARSET=utf8;
/*!40101 SET character_set_client = @saved_cs_client */;

--
-- Dumping data for table `ecs_plugins`
--

LOCK TABLES `ecs_plugins` WRITE;
/*!40000 ALTER TABLE `ecs_plugins` DISABLE KEYS */;
/*!40000 ALTER TABLE `ecs_plugins` ENABLE KEYS */;
UNLOCK TABLES;

--
-- Table structure for table `ecs_pricecut`
--

DROP TABLE IF EXISTS `ecs_pricecut`;
/*!40101 SET @saved_cs_client     = @@character_set_client */;
/*!40101 SET character_set_client = utf8 */;
CREATE TABLE `ecs_pricecut` (
  `pricecut_id` int(10) unsigned NOT NULL AUTO_INCREMENT,
  `goods_id` int(10) unsigned NOT NULL DEFAULT '0',
  `price` decimal(10,2) unsigned NOT NULL DEFAULT '0.00',
  `mobile` varchar(50) NOT NULL,
  `email` varchar(100) NOT NULL,
  `remark` varchar(255) NOT NULL,
  `add_time` int(10) unsigned NOT NULL,
  `status` tinyint(1) unsigned NOT NULL DEFAULT '0',
  PRIMARY KEY (`pricecut_id`)
) ENGINE=MyISAM AUTO_INCREMENT=23 DEFAULT CHARSET=utf8;
/*!40101 SET character_set_client = @saved_cs_client */;

--
-- Dumping data for table `ecs_pricecut`
--

LOCK TABLES `ecs_pricecut` WRITE;
/*!40000 ALTER TABLE `ecs_pricecut` DISABLE KEYS */;
INSERT INTO `ecs_pricecut` VALUES (22,60,900.00,'18716023209','2227988788@qq.com','',1405504192,1);
/*!40000 ALTER TABLE `ecs_pricecut` ENABLE KEYS */;
UNLOCK TABLES;

--
-- Table structure for table `ecs_products`
--

DROP TABLE IF EXISTS `ecs_products`;
/*!40101 SET @saved_cs_client     = @@character_set_client */;
/*!40101 SET character_set_client = utf8 */;
CREATE TABLE `ecs_products` (
  `product_id` mediumint(8) unsigned NOT NULL AUTO_INCREMENT,
  `goods_id` mediumint(8) unsigned NOT NULL DEFAULT '0',
  `goods_attr` varchar(50) DEFAULT NULL,
  `product_sn` varchar(60) DEFAULT NULL,
  `product_number` smallint(5) unsigned DEFAULT '0',
  PRIMARY KEY (`product_id`)
) ENGINE=MyISAM AUTO_INCREMENT=9 DEFAULT CHARSET=utf8;
/*!40101 SET character_set_client = @saved_cs_client */;

--
-- Dumping data for table `ecs_products`
--

LOCK TABLES `ecs_products` WRITE;
/*!40000 ALTER TABLE `ecs_products` DISABLE KEYS */;
INSERT INTO `ecs_products` VALUES (1,60,'158','ECS000060g_p1',100),(2,60,'159','ECS000060g_p2',90),(3,60,'157','ECS000060g_p3',66),(4,61,'162','ECS000061g_p4',0),(5,61,'161','ECS000061g_p5',60),(6,61,'160','ECS000061g_p6',33),(7,62,'163','ECS000062g_p7',0),(8,62,'164','ECS000062g_p8',1);
/*!40000 ALTER TABLE `ecs_products` ENABLE KEYS */;
UNLOCK TABLES;

--
-- Table structure for table `ecs_question`
--

DROP TABLE IF EXISTS `ecs_question`;
/*!40101 SET @saved_cs_client     = @@character_set_client */;
/*!40101 SET character_set_client = utf8 */;
CREATE TABLE `ecs_question` (
  `question_id` int(10) unsigned NOT NULL AUTO_INCREMENT,
  `id_value` int(10) unsigned NOT NULL DEFAULT '0',
  `question_type` tinyint(1) unsigned NOT NULL DEFAULT '0',
  `email` varchar(60) NOT NULL DEFAULT '',
  `user_name` varchar(60) NOT NULL DEFAULT '',
  `content` text NOT NULL,
  `add_time` int(10) unsigned NOT NULL DEFAULT '0',
  `ip_address` varchar(15) NOT NULL DEFAULT '',
  `status` tinyint(3) unsigned NOT NULL DEFAULT '0',
  `parent_id` int(10) unsigned NOT NULL DEFAULT '0',
  `user_id` int(10) unsigned NOT NULL DEFAULT '0',
  PRIMARY KEY (`question_id`),
  KEY `parent_id` (`parent_id`),
  KEY `id_value` (`id_value`)
) ENGINE=MyISAM AUTO_INCREMENT=23 DEFAULT CHARSET=utf8;
/*!40101 SET character_set_client = @saved_cs_client */;

--
-- Dumping data for table `ecs_question`
--

LOCK TABLES `ecs_question` WRITE;
/*!40000 ALTER TABLE `ecs_question` DISABLE KEYS */;
INSERT INTO `ecs_question` VALUES (1,33,0,'','','',1377506317,'127.0.0.1',0,0,0),(2,10,0,'adsff@asdf.com','','好用吗？',1377306266,'127.0.0.1',1,0,0),(3,10,1,'adf@asddf.com','','几天能到',1377306300,'127.0.0.1',1,0,0),(4,10,0,'e@e.com','admin','三到五天就可以送达',1377307143,'127.0.0.1',0,3,0),(5,10,0,'e@e.com','admin','亲可以多对比看看',1377307158,'127.0.0.1',0,2,0),(6,33,0,'e@e.com','admin','有货的，可以购买的哦',1377307176,'127.0.0.1',0,1,0),(7,10,0,'adsf@adsf.com','','请问昆明什么时候配货 时间确定不下来就考虑其它了。',1377307505,'127.0.0.1',1,0,0),(8,10,0,'e@e.com','admin','您好！此款商品目前各地现货状态，下单后立即发货。感谢您对京东的支持！祝您购物愉快！',1377307523,'127.0.0.1',0,7,0),(9,1,1,'adsf@asfd.com','','asdfasdfasdf',1377443858,'127.0.0.1',1,0,0),(10,40,0,'adsf@asdf.com','','不错不错支持一下',1377506052,'127.0.0.1',1,0,0),(11,40,3,'asdf@asdf.com','','买回来刚用了一个月就不亮了，怀疑是灯管焼了，请问那有这种灯管卖？',1377506124,'127.0.0.1',1,0,0),(12,40,3,'asdf@adsf.com','','你好，我在京东买的飞利浦护眼灯FDS632，请问为什么没有灯罩，而且18瓦的灯太亮了还热，是忘记给我送了，还是本来就不带灯罩',1377506156,'127.0.0.1',1,0,0),(13,40,0,'asdf@zsdf.com','','能调节灯光吗？ ',1377506197,'127.0.0.1',1,0,0),(14,40,0,'e@e.com','admin','您好！不可以，感谢您对京东的支持！祝您购物愉快！',1377506319,'127.0.0.1',0,13,0),(15,40,0,'e@e.com','admin','您好！这款本来就不带灯罩的。，感谢您对京东的支持！祝您购物愉快！',1377506333,'127.0.0.1',0,12,0),(16,40,0,'e@e.com','admin','您好！灯管型号是飞利浦PL-L 18W/840，感谢您对京东的支持！祝您购物愉快！',1377506346,'127.0.0.1',0,11,0),(17,40,0,'e@e.com','admin','感谢您对京东的支持！祝您购物愉快！',1377506355,'127.0.0.1',0,10,0),(18,1,0,'e@e.com','admin','您好！祝您购物愉快',1377506373,'127.0.0.1',0,9,0),(19,34,1,'Yasfd@sdf.com','68ecshop','多久能送达',1404979626,'127.0.0.1',1,0,1),(20,34,1,'Yasfd@sdf.com','68ecshop','配送',1404979720,'127.0.0.1',1,0,1),(21,60,0,'Yasfd@sdf.com','68ecshop','你年后',1405905395,'127.0.0.1',1,0,1),(22,61,0,'Yasfd@sdf.com','68ecshop','测试',1405909430,'127.0.0.1',1,0,1);
/*!40000 ALTER TABLE `ecs_question` ENABLE KEYS */;
UNLOCK TABLES;

--
-- Table structure for table `ecs_reg_extend_info`
--

DROP TABLE IF EXISTS `ecs_reg_extend_info`;
/*!40101 SET @saved_cs_client     = @@character_set_client */;
/*!40101 SET character_set_client = utf8 */;
CREATE TABLE `ecs_reg_extend_info` (
  `Id` int(10) unsigned NOT NULL AUTO_INCREMENT,
  `user_id` mediumint(8) unsigned NOT NULL,
  `reg_field_id` int(10) unsigned NOT NULL,
  `content` text NOT NULL,
  PRIMARY KEY (`Id`)
) ENGINE=MyISAM DEFAULT CHARSET=utf8;
/*!40101 SET character_set_client = @saved_cs_client */;

--
-- Dumping data for table `ecs_reg_extend_info`
--

LOCK TABLES `ecs_reg_extend_info` WRITE;
/*!40000 ALTER TABLE `ecs_reg_extend_info` DISABLE KEYS */;
/*!40000 ALTER TABLE `ecs_reg_extend_info` ENABLE KEYS */;
UNLOCK TABLES;

--
-- Table structure for table `ecs_reg_fields`
--

DROP TABLE IF EXISTS `ecs_reg_fields`;
/*!40101 SET @saved_cs_client     = @@character_set_client */;
/*!40101 SET character_set_client = utf8 */;
CREATE TABLE `ecs_reg_fields` (
  `id` tinyint(3) unsigned NOT NULL AUTO_INCREMENT,
  `reg_field_name` varchar(60) NOT NULL,
  `dis_order` tinyint(3) unsigned NOT NULL DEFAULT '100',
  `display` tinyint(1) unsigned NOT NULL DEFAULT '1',
  `type` tinyint(1) unsigned NOT NULL DEFAULT '0',
  `is_need` tinyint(1) unsigned NOT NULL DEFAULT '1',
  PRIMARY KEY (`id`)
) ENGINE=MyISAM AUTO_INCREMENT=7 DEFAULT CHARSET=utf8;
/*!40101 SET character_set_client = @saved_cs_client */;

--
-- Dumping data for table `ecs_reg_fields`
--

LOCK TABLES `ecs_reg_fields` WRITE;
/*!40000 ALTER TABLE `ecs_reg_fields` DISABLE KEYS */;
INSERT INTO `ecs_reg_fields` VALUES (1,'MSN',0,0,1,0),(2,'QQ',0,0,1,0),(3,'办公电话',0,0,1,0),(4,'家庭电话',0,0,1,0),(5,'手机',0,0,1,0),(6,'密码找回问题',0,0,1,0);
/*!40000 ALTER TABLE `ecs_reg_fields` ENABLE KEYS */;
UNLOCK TABLES;

--
-- Table structure for table `ecs_region`
--

DROP TABLE IF EXISTS `ecs_region`;
/*!40101 SET @saved_cs_client     = @@character_set_client */;
/*!40101 SET character_set_client = utf8 */;
CREATE TABLE `ecs_region` (
  `region_id` smallint(5) unsigned NOT NULL AUTO_INCREMENT,
  `parent_id` smallint(5) unsigned NOT NULL DEFAULT '0',
  `region_name` varchar(120) NOT NULL DEFAULT '',
  `region_type` tinyint(1) NOT NULL DEFAULT '2',
  `agency_id` smallint(5) unsigned NOT NULL DEFAULT '0',
  PRIMARY KEY (`region_id`),
  KEY `parent_id` (`parent_id`),
  KEY `region_type` (`region_type`),
  KEY `agency_id` (`agency_id`)
) ENGINE=MyISAM AUTO_INCREMENT=3409 DEFAULT CHARSET=utf8;
/*!40101 SET character_set_client = @saved_cs_client */;

--
-- Dumping data for table `ecs_region`
--

LOCK TABLES `ecs_region` WRITE;
/*!40000 ALTER TABLE `ecs_region` DISABLE KEYS */;
INSERT INTO `ecs_region` VALUES (1,0,'中国',0,0),(2,1,'北京',1,0),(3,1,'安徽',1,0),(4,1,'福建',1,0),(5,1,'甘肃',1,0),(6,1,'广东',1,0),(7,1,'广西',1,0),(8,1,'贵州',1,0),(9,1,'海南',1,0),(10,1,'河北',1,0),(11,1,'河南',1,0),(12,1,'黑龙江',1,0),(13,1,'湖北',1,0),(14,1,'湖南',1,0),(15,1,'吉林',1,0),(16,1,'江苏',1,0),(17,1,'江西',1,0),(18,1,'辽宁',1,0),(19,1,'内蒙古',1,0),(20,1,'宁夏',1,0),(21,1,'青海',1,0),(22,1,'山东',1,0),(23,1,'山西',1,0),(24,1,'陕西',1,0),(25,1,'上海',1,0),(26,1,'四川',1,0),(27,1,'天津',1,0),(28,1,'西藏',1,0),(29,1,'新疆',1,0),(30,1,'云南',1,0),(31,1,'浙江',1,0),(32,1,'重庆',1,0),(33,1,'香港',1,0),(34,1,'澳门',1,0),(35,1,'台湾',1,0),(36,3,'安庆',2,0),(37,3,'蚌埠',2,0),(38,3,'巢湖',2,0),(39,3,'池州',2,0),(40,3,'滁州',2,0),(41,3,'阜阳',2,0),(42,3,'淮北',2,0),(43,3,'淮南',2,0),(44,3,'黄山',2,0),(45,3,'六安',2,0),(46,3,'马鞍山',2,0),(47,3,'宿州',2,0),(48,3,'铜陵',2,0),(49,3,'芜湖',2,0),(50,3,'宣城',2,0),(51,3,'亳州',2,0),(52,2,'北京',2,0),(53,4,'福州',2,0),(54,4,'龙岩',2,0),(55,4,'南平',2,0),(56,4,'宁德',2,0),(57,4,'莆田',2,0),(58,4,'泉州',2,0),(59,4,'三明',2,0),(60,4,'厦门',2,0),(61,4,'漳州',2,0),(62,5,'兰州',2,0),(63,5,'白银',2,0),(64,5,'定西',2,0),(65,5,'甘南',2,0),(66,5,'嘉峪关',2,0),(67,5,'金昌',2,0),(68,5,'酒泉',2,0),(69,5,'临夏',2,0),(70,5,'陇南',2,0),(71,5,'平凉',2,0),(72,5,'庆阳',2,0),(73,5,'天水',2,0),(74,5,'武威',2,0),(75,5,'张掖',2,0),(76,6,'广州',2,0),(77,6,'深圳',2,0),(78,6,'潮州',2,0),(79,6,'东莞',2,0),(80,6,'佛山',2,0),(81,6,'河源',2,0),(82,6,'惠州',2,0),(83,6,'江门',2,0),(84,6,'揭阳',2,0),(85,6,'茂名',2,0),(86,6,'梅州',2,0),(87,6,'清远',2,0),(88,6,'汕头',2,0),(89,6,'汕尾',2,0),(90,6,'韶关',2,0),(91,6,'阳江',2,0),(92,6,'云浮',2,0),(93,6,'湛江',2,0),(94,6,'肇庆',2,0),(95,6,'中山',2,0),(96,6,'珠海',2,0),(97,7,'南宁',2,0),(98,7,'桂林',2,0),(99,7,'百色',2,0),(100,7,'北海',2,0),(101,7,'崇左',2,0),(102,7,'防城港',2,0),(103,7,'贵港',2,0),(104,7,'河池',2,0),(105,7,'贺州',2,0),(106,7,'来宾',2,0),(107,7,'柳州',2,0),(108,7,'钦州',2,0),(109,7,'梧州',2,0),(110,7,'玉林',2,0),(111,8,'贵阳',2,0),(112,8,'安顺',2,0),(113,8,'毕节',2,0),(114,8,'六盘水',2,0),(115,8,'黔东南',2,0),(116,8,'黔南',2,0),(117,8,'黔西南',2,0),(118,8,'铜仁',2,0),(119,8,'遵义',2,0),(120,9,'海口',2,0),(121,9,'三亚',2,0),(122,9,'白沙',2,0),(123,9,'保亭',2,0),(124,9,'昌江',2,0),(125,9,'澄迈县',2,0),(126,9,'定安县',2,0),(127,9,'东方',2,0),(128,9,'乐东',2,0),(129,9,'临高县',2,0),(130,9,'陵水',2,0),(131,9,'琼海',2,0),(132,9,'琼中',2,0),(133,9,'屯昌县',2,0),(134,9,'万宁',2,0),(135,9,'文昌',2,0),(136,9,'五指山',2,0),(137,9,'儋州',2,0),(138,10,'石家庄',2,0),(139,10,'保定',2,0),(140,10,'沧州',2,0),(141,10,'承德',2,0),(142,10,'邯郸',2,0),(143,10,'衡水',2,0),(144,10,'廊坊',2,0),(145,10,'秦皇岛',2,0),(146,10,'唐山',2,0),(147,10,'邢台',2,0),(148,10,'张家口',2,0),(149,11,'郑州',2,0),(150,11,'洛阳',2,0),(151,11,'开封',2,0),(152,11,'安阳',2,0),(153,11,'鹤壁',2,0),(154,11,'济源',2,0),(155,11,'焦作',2,0),(156,11,'南阳',2,0),(157,11,'平顶山',2,0),(158,11,'三门峡',2,0),(159,11,'商丘',2,0),(160,11,'新乡',2,0),(161,11,'信阳',2,0),(162,11,'许昌',2,0),(163,11,'周口',2,0),(164,11,'驻马店',2,0),(165,11,'漯河',2,0),(166,11,'濮阳',2,0),(167,12,'哈尔滨',2,0),(168,12,'大庆',2,0),(169,12,'大兴安岭',2,0),(170,12,'鹤岗',2,0),(171,12,'黑河',2,0),(172,12,'鸡西',2,0),(173,12,'佳木斯',2,0),(174,12,'牡丹江',2,0),(175,12,'七台河',2,0),(176,12,'齐齐哈尔',2,0),(177,12,'双鸭山',2,0),(178,12,'绥化',2,0),(179,12,'伊春',2,0),(180,13,'武汉',2,0),(181,13,'仙桃',2,0),(182,13,'鄂州',2,0),(183,13,'黄冈',2,0),(184,13,'黄石',2,0),(185,13,'荆门',2,0),(186,13,'荆州',2,0),(187,13,'潜江',2,0),(188,13,'神农架林区',2,0),(189,13,'十堰',2,0),(190,13,'随州',2,0),(191,13,'天门',2,0),(192,13,'咸宁',2,0),(193,13,'襄樊',2,0),(194,13,'孝感',2,0),(195,13,'宜昌',2,0),(196,13,'恩施',2,0),(197,14,'长沙',2,0),(198,14,'张家界',2,0),(199,14,'常德',2,0),(200,14,'郴州',2,0),(201,14,'衡阳',2,0),(202,14,'怀化',2,0),(203,14,'娄底',2,0),(204,14,'邵阳',2,0),(205,14,'湘潭',2,0),(206,14,'湘西',2,0),(207,14,'益阳',2,0),(208,14,'永州',2,0),(209,14,'岳阳',2,0),(210,14,'株洲',2,0),(211,15,'长春',2,0),(212,15,'吉林',2,0),(213,15,'白城',2,0),(214,15,'白山',2,0),(215,15,'辽源',2,0),(216,15,'四平',2,0),(217,15,'松原',2,0),(218,15,'通化',2,0),(219,15,'延边',2,0),(220,16,'南京',2,0),(221,16,'苏州',2,0),(222,16,'无锡',2,0),(223,16,'常州',2,0),(224,16,'淮安',2,0),(225,16,'连云港',2,0),(226,16,'南通',2,0),(227,16,'宿迁',2,0),(228,16,'泰州',2,0),(229,16,'徐州',2,0),(230,16,'盐城',2,0),(231,16,'扬州',2,0),(232,16,'镇江',2,0),(233,17,'南昌',2,0),(234,17,'抚州',2,0),(235,17,'赣州',2,0),(236,17,'吉安',2,0),(237,17,'景德镇',2,0),(238,17,'九江',2,0),(239,17,'萍乡',2,0),(240,17,'上饶',2,0),(241,17,'新余',2,0),(242,17,'宜春',2,0),(243,17,'鹰潭',2,0),(244,18,'沈阳',2,0),(245,18,'大连',2,0),(246,18,'鞍山',2,0),(247,18,'本溪',2,0),(248,18,'朝阳',2,0),(249,18,'丹东',2,0),(250,18,'抚顺',2,0),(251,18,'阜新',2,0),(252,18,'葫芦岛',2,0),(253,18,'锦州',2,0),(254,18,'辽阳',2,0),(255,18,'盘锦',2,0),(256,18,'铁岭',2,0),(257,18,'营口',2,0),(258,19,'呼和浩特',2,0),(259,19,'阿拉善盟',2,0),(260,19,'巴彦淖尔盟',2,0),(261,19,'包头',2,0),(262,19,'赤峰',2,0),(263,19,'鄂尔多斯',2,0),(264,19,'呼伦贝尔',2,0),(265,19,'通辽',2,0),(266,19,'乌海',2,0),(267,19,'乌兰察布市',2,0),(268,19,'锡林郭勒盟',2,0),(269,19,'兴安盟',2,0),(270,20,'银川',2,0),(271,20,'固原',2,0),(272,20,'石嘴山',2,0),(273,20,'吴忠',2,0),(274,20,'中卫',2,0),(275,21,'西宁',2,0),(276,21,'果洛',2,0),(277,21,'海北',2,0),(278,21,'海东',2,0),(279,21,'海南',2,0),(280,21,'海西',2,0),(281,21,'黄南',2,0),(282,21,'玉树',2,0),(283,22,'济南',2,0),(284,22,'青岛',2,0),(285,22,'滨州',2,0),(286,22,'德州',2,0),(287,22,'东营',2,0),(288,22,'菏泽',2,0),(289,22,'济宁',2,0),(290,22,'莱芜',2,0),(291,22,'聊城',2,0),(292,22,'临沂',2,0),(293,22,'日照',2,0),(294,22,'泰安',2,0),(295,22,'威海',2,0),(296,22,'潍坊',2,0),(297,22,'烟台',2,0),(298,22,'枣庄',2,0),(299,22,'淄博',2,0),(300,23,'太原',2,0),(301,23,'长治',2,0),(302,23,'大同',2,0),(303,23,'晋城',2,0),(304,23,'晋中',2,0),(305,23,'临汾',2,0),(306,23,'吕梁',2,0),(307,23,'朔州',2,0),(308,23,'忻州',2,0),(309,23,'阳泉',2,0),(310,23,'运城',2,0),(311,24,'西安',2,0),(312,24,'安康',2,0),(313,24,'宝鸡',2,0),(314,24,'汉中',2,0),(315,24,'商洛',2,0),(316,24,'铜川',2,0),(317,24,'渭南',2,0),(318,24,'咸阳',2,0),(319,24,'延安',2,0),(320,24,'榆林',2,0),(321,25,'上海',2,0),(322,26,'成都',2,0),(323,26,'绵阳',2,0),(324,26,'阿坝',2,0),(325,26,'巴中',2,0),(326,26,'达州',2,0),(327,26,'德阳',2,0),(328,26,'甘孜',2,0),(329,26,'广安',2,0),(330,26,'广元',2,0),(331,26,'乐山',2,0),(332,26,'凉山',2,0),(333,26,'眉山',2,0),(334,26,'南充',2,0),(335,26,'内江',2,0),(336,26,'攀枝花',2,0),(337,26,'遂宁',2,0),(338,26,'雅安',2,0),(339,26,'宜宾',2,0),(340,26,'资阳',2,0),(341,26,'自贡',2,0),(342,26,'泸州',2,0),(343,27,'天津',2,0),(344,28,'拉萨',2,0),(345,28,'阿里',2,0),(346,28,'昌都',2,0),(347,28,'林芝',2,0),(348,28,'那曲',2,0),(349,28,'日喀则',2,0),(350,28,'山南',2,0),(351,29,'乌鲁木齐',2,0),(352,29,'阿克苏',2,0),(353,29,'阿拉尔',2,0),(354,29,'巴音郭楞',2,0),(355,29,'博尔塔拉',2,0),(356,29,'昌吉',2,0),(357,29,'哈密',2,0),(358,29,'和田',2,0),(359,29,'喀什',2,0),(360,29,'克拉玛依',2,0),(361,29,'克孜勒苏',2,0),(362,29,'石河子',2,0),(363,29,'图木舒克',2,0),(364,29,'吐鲁番',2,0),(365,29,'五家渠',2,0),(366,29,'伊犁',2,0),(367,30,'昆明',2,0),(368,30,'怒江',2,0),(369,30,'普洱',2,0),(370,30,'丽江',2,0),(371,30,'保山',2,0),(372,30,'楚雄',2,0),(373,30,'大理',2,0),(374,30,'德宏',2,0),(375,30,'迪庆',2,0),(376,30,'红河',2,0),(377,30,'临沧',2,0),(378,30,'曲靖',2,0),(379,30,'文山',2,0),(380,30,'西双版纳',2,0),(381,30,'玉溪',2,0),(382,30,'昭通',2,0),(383,31,'杭州',2,0),(384,31,'湖州',2,0),(385,31,'嘉兴',2,0),(386,31,'金华',2,0),(387,31,'丽水',2,0),(388,31,'宁波',2,0),(389,31,'绍兴',2,0),(390,31,'台州',2,0),(391,31,'温州',2,0),(392,31,'舟山',2,0),(393,31,'衢州',2,0),(394,32,'重庆',2,0),(395,33,'香港',2,0),(396,34,'澳门',2,0),(397,35,'台湾',2,0),(398,36,'迎江区',3,0),(399,36,'大观区',3,0),(400,36,'宜秀区',3,0),(401,36,'桐城市',3,0),(402,36,'怀宁县',3,0),(403,36,'枞阳县',3,0),(404,36,'潜山县',3,0),(405,36,'太湖县',3,0),(406,36,'宿松县',3,0),(407,36,'望江县',3,0),(408,36,'岳西县',3,0),(409,37,'中市区',3,0),(410,37,'东市区',3,0),(411,37,'西市区',3,0),(412,37,'郊区',3,0),(413,37,'怀远县',3,0),(414,37,'五河县',3,0),(415,37,'固镇县',3,0),(416,38,'居巢区',3,0),(417,38,'庐江县',3,0),(418,38,'无为县',3,0),(419,38,'含山县',3,0),(420,38,'和县',3,0),(421,39,'贵池区',3,0),(422,39,'东至县',3,0),(423,39,'石台县',3,0),(424,39,'青阳县',3,0),(425,40,'琅琊区',3,0),(426,40,'南谯区',3,0),(427,40,'天长市',3,0),(428,40,'明光市',3,0),(429,40,'来安县',3,0),(430,40,'全椒县',3,0),(431,40,'定远县',3,0),(432,40,'凤阳县',3,0),(433,41,'蚌山区',3,0),(434,41,'龙子湖区',3,0),(435,41,'禹会区',3,0),(436,41,'淮上区',3,0),(437,41,'颍州区',3,0),(438,41,'颍东区',3,0),(439,41,'颍泉区',3,0),(440,41,'界首市',3,0),(441,41,'临泉县',3,0),(442,41,'太和县',3,0),(443,41,'阜南县',3,0),(444,41,'颖上县',3,0),(445,42,'相山区',3,0),(446,42,'杜集区',3,0),(447,42,'烈山区',3,0),(448,42,'濉溪县',3,0),(449,43,'田家庵区',3,0),(450,43,'大通区',3,0),(451,43,'谢家集区',3,0),(452,43,'八公山区',3,0),(453,43,'潘集区',3,0),(454,43,'凤台县',3,0),(455,44,'屯溪区',3,0),(456,44,'黄山区',3,0),(457,44,'徽州区',3,0),(458,44,'歙县',3,0),(459,44,'休宁县',3,0),(460,44,'黟县',3,0),(461,44,'祁门县',3,0),(462,45,'金安区',3,0),(463,45,'裕安区',3,0),(464,45,'寿县',3,0),(465,45,'霍邱县',3,0),(466,45,'舒城县',3,0),(467,45,'金寨县',3,0),(468,45,'霍山县',3,0),(469,46,'雨山区',3,0),(470,46,'花山区',3,0),(471,46,'金家庄区',3,0),(472,46,'当涂县',3,0),(473,47,'埇桥区',3,0),(474,47,'砀山县',3,0),(475,47,'萧县',3,0),(476,47,'灵璧县',3,0),(477,47,'泗县',3,0),(478,48,'铜官山区',3,0),(479,48,'狮子山区',3,0),(480,48,'郊区',3,0),(481,48,'铜陵县',3,0),(482,49,'镜湖区',3,0),(483,49,'弋江区',3,0),(484,49,'鸠江区',3,0),(485,49,'三山区',3,0),(486,49,'芜湖县',3,0),(487,49,'繁昌县',3,0),(488,49,'南陵县',3,0),(489,50,'宣州区',3,0),(490,50,'宁国市',3,0),(491,50,'郎溪县',3,0),(492,50,'广德县',3,0),(493,50,'泾县',3,0),(494,50,'绩溪县',3,0),(495,50,'旌德县',3,0),(496,51,'涡阳县',3,0),(497,51,'蒙城县',3,0),(498,51,'利辛县',3,0),(499,51,'谯城区',3,0),(500,52,'东城区',3,0),(501,52,'西城区',3,0),(502,52,'海淀区',3,0),(503,52,'朝阳区',3,0),(504,52,'崇文区',3,0),(505,52,'宣武区',3,0),(506,52,'丰台区',3,0),(507,52,'石景山区',3,0),(508,52,'房山区',3,0),(509,52,'门头沟区',3,0),(510,52,'通州区',3,0),(511,52,'顺义区',3,0),(512,52,'昌平区',3,0),(513,52,'怀柔区',3,0),(514,52,'平谷区',3,0),(515,52,'大兴区',3,0),(516,52,'密云县',3,0),(517,52,'延庆县',3,0),(518,53,'鼓楼区',3,0),(519,53,'台江区',3,0),(520,53,'仓山区',3,0),(521,53,'马尾区',3,0),(522,53,'晋安区',3,0),(523,53,'福清市',3,0),(524,53,'长乐市',3,0),(525,53,'闽侯县',3,0),(526,53,'连江县',3,0),(527,53,'罗源县',3,0),(528,53,'闽清县',3,0),(529,53,'永泰县',3,0),(530,53,'平潭县',3,0),(531,54,'新罗区',3,0),(532,54,'漳平市',3,0),(533,54,'长汀县',3,0),(534,54,'永定县',3,0),(535,54,'上杭县',3,0),(536,54,'武平县',3,0),(537,54,'连城县',3,0),(538,55,'延平区',3,0),(539,55,'邵武市',3,0),(540,55,'武夷山市',3,0),(541,55,'建瓯市',3,0),(542,55,'建阳市',3,0),(543,55,'顺昌县',3,0),(544,55,'浦城县',3,0),(545,55,'光泽县',3,0),(546,55,'松溪县',3,0),(547,55,'政和县',3,0),(548,56,'蕉城区',3,0),(549,56,'福安市',3,0),(550,56,'福鼎市',3,0),(551,56,'霞浦县',3,0),(552,56,'古田县',3,0),(553,56,'屏南县',3,0),(554,56,'寿宁县',3,0),(555,56,'周宁县',3,0),(556,56,'柘荣县',3,0),(557,57,'城厢区',3,0),(558,57,'涵江区',3,0),(559,57,'荔城区',3,0),(560,57,'秀屿区',3,0),(561,57,'仙游县',3,0),(562,58,'鲤城区',3,0),(563,58,'丰泽区',3,0),(564,58,'洛江区',3,0),(565,58,'清濛开发区',3,0),(566,58,'泉港区',3,0),(567,58,'石狮市',3,0),(568,58,'晋江市',3,0),(569,58,'南安市',3,0),(570,58,'惠安县',3,0),(571,58,'安溪县',3,0),(572,58,'永春县',3,0),(573,58,'德化县',3,0),(574,58,'金门县',3,0),(575,59,'梅列区',3,0),(576,59,'三元区',3,0),(577,59,'永安市',3,0),(578,59,'明溪县',3,0),(579,59,'清流县',3,0),(580,59,'宁化县',3,0),(581,59,'大田县',3,0),(582,59,'尤溪县',3,0),(583,59,'沙县',3,0),(584,59,'将乐县',3,0),(585,59,'泰宁县',3,0),(586,59,'建宁县',3,0),(587,60,'思明区',3,0),(588,60,'海沧区',3,0),(589,60,'湖里区',3,0),(590,60,'集美区',3,0),(591,60,'同安区',3,0),(592,60,'翔安区',3,0),(593,61,'芗城区',3,0),(594,61,'龙文区',3,0),(595,61,'龙海市',3,0),(596,61,'云霄县',3,0),(597,61,'漳浦县',3,0),(598,61,'诏安县',3,0),(599,61,'长泰县',3,0),(600,61,'东山县',3,0),(601,61,'南靖县',3,0),(602,61,'平和县',3,0),(603,61,'华安县',3,0),(604,62,'皋兰县',3,0),(605,62,'城关区',3,0),(606,62,'七里河区',3,0),(607,62,'西固区',3,0),(608,62,'安宁区',3,0),(609,62,'红古区',3,0),(610,62,'永登县',3,0),(611,62,'榆中县',3,0),(612,63,'白银区',3,0),(613,63,'平川区',3,0),(614,63,'会宁县',3,0),(615,63,'景泰县',3,0),(616,63,'靖远县',3,0),(617,64,'临洮县',3,0),(618,64,'陇西县',3,0),(619,64,'通渭县',3,0),(620,64,'渭源县',3,0),(621,64,'漳县',3,0),(622,64,'岷县',3,0),(623,64,'安定区',3,0),(624,64,'安定区',3,0),(625,65,'合作市',3,0),(626,65,'临潭县',3,0),(627,65,'卓尼县',3,0),(628,65,'舟曲县',3,0),(629,65,'迭部县',3,0),(630,65,'玛曲县',3,0),(631,65,'碌曲县',3,0),(632,65,'夏河县',3,0),(633,66,'嘉峪关市',3,0),(634,67,'金川区',3,0),(635,67,'永昌县',3,0),(636,68,'肃州区',3,0),(637,68,'玉门市',3,0),(638,68,'敦煌市',3,0),(639,68,'金塔县',3,0),(640,68,'瓜州县',3,0),(641,68,'肃北',3,0),(642,68,'阿克塞',3,0),(643,69,'临夏市',3,0),(644,69,'临夏县',3,0),(645,69,'康乐县',3,0),(646,69,'永靖县',3,0),(647,69,'广河县',3,0),(648,69,'和政县',3,0),(649,69,'东乡族自治县',3,0),(650,69,'积石山',3,0),(651,70,'成县',3,0),(652,70,'徽县',3,0),(653,70,'康县',3,0),(654,70,'礼县',3,0),(655,70,'两当县',3,0),(656,70,'文县',3,0),(657,70,'西和县',3,0),(658,70,'宕昌县',3,0),(659,70,'武都区',3,0),(660,71,'崇信县',3,0),(661,71,'华亭县',3,0),(662,71,'静宁县',3,0),(663,71,'灵台县',3,0),(664,71,'崆峒区',3,0),(665,71,'庄浪县',3,0),(666,71,'泾川县',3,0),(667,72,'合水县',3,0),(668,72,'华池县',3,0),(669,72,'环县',3,0),(670,72,'宁县',3,0),(671,72,'庆城县',3,0),(672,72,'西峰区',3,0),(673,72,'镇原县',3,0),(674,72,'正宁县',3,0),(675,73,'甘谷县',3,0),(676,73,'秦安县',3,0),(677,73,'清水县',3,0),(678,73,'秦州区',3,0),(679,73,'麦积区',3,0),(680,73,'武山县',3,0),(681,73,'张家川',3,0),(682,74,'古浪县',3,0),(683,74,'民勤县',3,0),(684,74,'天祝',3,0),(685,74,'凉州区',3,0),(686,75,'高台县',3,0),(687,75,'临泽县',3,0),(688,75,'民乐县',3,0),(689,75,'山丹县',3,0),(690,75,'肃南',3,0),(691,75,'甘州区',3,0),(692,76,'从化市',3,0),(693,76,'天河区',3,0),(694,76,'东山区',3,0),(695,76,'白云区',3,0),(696,76,'海珠区',3,0),(697,76,'荔湾区',3,0),(698,76,'越秀区',3,0),(699,76,'黄埔区',3,0),(700,76,'番禺区',3,0),(701,76,'花都区',3,0),(702,76,'增城区',3,0),(703,76,'从化区',3,0),(704,76,'市郊',3,0),(705,77,'福田区',3,0),(706,77,'罗湖区',3,0),(707,77,'南山区',3,0),(708,77,'宝安区',3,0),(709,77,'龙岗区',3,0),(710,77,'盐田区',3,0),(711,78,'湘桥区',3,0),(712,78,'潮安县',3,0),(713,78,'饶平县',3,0),(714,79,'南城区',3,0),(715,79,'东城区',3,0),(716,79,'万江区',3,0),(717,79,'莞城区',3,0),(718,79,'石龙镇',3,0),(719,79,'虎门镇',3,0),(720,79,'麻涌镇',3,0),(721,79,'道滘镇',3,0),(722,79,'石碣镇',3,0),(723,79,'沙田镇',3,0),(724,79,'望牛墩镇',3,0),(725,79,'洪梅镇',3,0),(726,79,'茶山镇',3,0),(727,79,'寮步镇',3,0),(728,79,'大岭山镇',3,0),(729,79,'大朗镇',3,0),(730,79,'黄江镇',3,0),(731,79,'樟木头',3,0),(732,79,'凤岗镇',3,0),(733,79,'塘厦镇',3,0),(734,79,'谢岗镇',3,0),(735,79,'厚街镇',3,0),(736,79,'清溪镇',3,0),(737,79,'常平镇',3,0),(738,79,'桥头镇',3,0),(739,79,'横沥镇',3,0),(740,79,'东坑镇',3,0),(741,79,'企石镇',3,0),(742,79,'石排镇',3,0),(743,79,'长安镇',3,0),(744,79,'中堂镇',3,0),(745,79,'高埗镇',3,0),(746,80,'禅城区',3,0),(747,80,'南海区',3,0),(748,80,'顺德区',3,0),(749,80,'三水区',3,0),(750,80,'高明区',3,0),(751,81,'东源县',3,0),(752,81,'和平县',3,0),(753,81,'源城区',3,0),(754,81,'连平县',3,0),(755,81,'龙川县',3,0),(756,81,'紫金县',3,0),(757,82,'惠阳区',3,0),(758,82,'惠城区',3,0),(759,82,'大亚湾',3,0),(760,82,'博罗县',3,0),(761,82,'惠东县',3,0),(762,82,'龙门县',3,0),(763,83,'江海区',3,0),(764,83,'蓬江区',3,0),(765,83,'新会区',3,0),(766,83,'台山市',3,0),(767,83,'开平市',3,0),(768,83,'鹤山市',3,0),(769,83,'恩平市',3,0),(770,84,'榕城区',3,0),(771,84,'普宁市',3,0),(772,84,'揭东县',3,0),(773,84,'揭西县',3,0),(774,84,'惠来县',3,0),(775,85,'茂南区',3,0),(776,85,'茂港区',3,0),(777,85,'高州市',3,0),(778,85,'化州市',3,0),(779,85,'信宜市',3,0),(780,85,'电白县',3,0),(781,86,'梅县',3,0),(782,86,'梅江区',3,0),(783,86,'兴宁市',3,0),(784,86,'大埔县',3,0),(785,86,'丰顺县',3,0),(786,86,'五华县',3,0),(787,86,'平远县',3,0),(788,86,'蕉岭县',3,0),(789,87,'清城区',3,0),(790,87,'英德市',3,0),(791,87,'连州市',3,0),(792,87,'佛冈县',3,0),(793,87,'阳山县',3,0),(794,87,'清新县',3,0),(795,87,'连山',3,0),(796,87,'连南',3,0),(797,88,'南澳县',3,0),(798,88,'潮阳区',3,0),(799,88,'澄海区',3,0),(800,88,'龙湖区',3,0),(801,88,'金平区',3,0),(802,88,'濠江区',3,0),(803,88,'潮南区',3,0),(804,89,'城区',3,0),(805,89,'陆丰市',3,0),(806,89,'海丰县',3,0),(807,89,'陆河县',3,0),(808,90,'曲江县',3,0),(809,90,'浈江区',3,0),(810,90,'武江区',3,0),(811,90,'曲江区',3,0),(812,90,'乐昌市',3,0),(813,90,'南雄市',3,0),(814,90,'始兴县',3,0),(815,90,'仁化县',3,0),(816,90,'翁源县',3,0),(817,90,'新丰县',3,0),(818,90,'乳源',3,0),(819,91,'江城区',3,0),(820,91,'阳春市',3,0),(821,91,'阳西县',3,0),(822,91,'阳东县',3,0),(823,92,'云城区',3,0),(824,92,'罗定市',3,0),(825,92,'新兴县',3,0),(826,92,'郁南县',3,0),(827,92,'云安县',3,0),(828,93,'赤坎区',3,0),(829,93,'霞山区',3,0),(830,93,'坡头区',3,0),(831,93,'麻章区',3,0),(832,93,'廉江市',3,0),(833,93,'雷州市',3,0),(834,93,'吴川市',3,0),(835,93,'遂溪县',3,0),(836,93,'徐闻县',3,0),(837,94,'肇庆市',3,0),(838,94,'高要市',3,0),(839,94,'四会市',3,0),(840,94,'广宁县',3,0),(841,94,'怀集县',3,0),(842,94,'封开县',3,0),(843,94,'德庆县',3,0),(844,95,'石岐街道',3,0),(845,95,'东区街道',3,0),(846,95,'西区街道',3,0),(847,95,'环城街道',3,0),(848,95,'中山港街道',3,0),(849,95,'五桂山街道',3,0),(850,96,'香洲区',3,0),(851,96,'斗门区',3,0),(852,96,'金湾区',3,0),(853,97,'邕宁区',3,0),(854,97,'青秀区',3,0),(855,97,'兴宁区',3,0),(856,97,'良庆区',3,0),(857,97,'西乡塘区',3,0),(858,97,'江南区',3,0),(859,97,'武鸣县',3,0),(860,97,'隆安县',3,0),(861,97,'马山县',3,0),(862,97,'上林县',3,0),(863,97,'宾阳县',3,0),(864,97,'横县',3,0),(865,98,'秀峰区',3,0),(866,98,'叠彩区',3,0),(867,98,'象山区',3,0),(868,98,'七星区',3,0),(869,98,'雁山区',3,0),(870,98,'阳朔县',3,0),(871,98,'临桂县',3,0),(872,98,'灵川县',3,0),(873,98,'全州县',3,0),(874,98,'平乐县',3,0),(875,98,'兴安县',3,0),(876,98,'灌阳县',3,0),(877,98,'荔浦县',3,0),(878,98,'资源县',3,0),(879,98,'永福县',3,0),(880,98,'龙胜',3,0),(881,98,'恭城',3,0),(882,99,'右江区',3,0),(883,99,'凌云县',3,0),(884,99,'平果县',3,0),(885,99,'西林县',3,0),(886,99,'乐业县',3,0),(887,99,'德保县',3,0),(888,99,'田林县',3,0),(889,99,'田阳县',3,0),(890,99,'靖西县',3,0),(891,99,'田东县',3,0),(892,99,'那坡县',3,0),(893,99,'隆林',3,0),(894,100,'海城区',3,0),(895,100,'银海区',3,0),(896,100,'铁山港区',3,0),(897,100,'合浦县',3,0),(898,101,'江州区',3,0),(899,101,'凭祥市',3,0),(900,101,'宁明县',3,0),(901,101,'扶绥县',3,0),(902,101,'龙州县',3,0),(903,101,'大新县',3,0),(904,101,'天等县',3,0),(905,102,'港口区',3,0),(906,102,'防城区',3,0),(907,102,'东兴市',3,0),(908,102,'上思县',3,0),(909,103,'港北区',3,0),(910,103,'港南区',3,0),(911,103,'覃塘区',3,0),(912,103,'桂平市',3,0),(913,103,'平南县',3,0),(914,104,'金城江区',3,0),(915,104,'宜州市',3,0),(916,104,'天峨县',3,0),(917,104,'凤山县',3,0),(918,104,'南丹县',3,0),(919,104,'东兰县',3,0),(920,104,'都安',3,0),(921,104,'罗城',3,0),(922,104,'巴马',3,0),(923,104,'环江',3,0),(924,104,'大化',3,0),(925,105,'八步区',3,0),(926,105,'钟山县',3,0),(927,105,'昭平县',3,0),(928,105,'富川',3,0),(929,106,'兴宾区',3,0),(930,106,'合山市',3,0),(931,106,'象州县',3,0),(932,106,'武宣县',3,0),(933,106,'忻城县',3,0),(934,106,'金秀',3,0),(935,107,'城中区',3,0),(936,107,'鱼峰区',3,0),(937,107,'柳北区',3,0),(938,107,'柳南区',3,0),(939,107,'柳江县',3,0),(940,107,'柳城县',3,0),(941,107,'鹿寨县',3,0),(942,107,'融安县',3,0),(943,107,'融水',3,0),(944,107,'三江',3,0),(945,108,'钦南区',3,0),(946,108,'钦北区',3,0),(947,108,'灵山县',3,0),(948,108,'浦北县',3,0),(949,109,'万秀区',3,0),(950,109,'蝶山区',3,0),(951,109,'长洲区',3,0),(952,109,'岑溪市',3,0),(953,109,'苍梧县',3,0),(954,109,'藤县',3,0),(955,109,'蒙山县',3,0),(956,110,'玉州区',3,0),(957,110,'北流市',3,0),(958,110,'容县',3,0),(959,110,'陆川县',3,0),(960,110,'博白县',3,0),(961,110,'兴业县',3,0),(962,111,'南明区',3,0),(963,111,'云岩区',3,0),(964,111,'花溪区',3,0),(965,111,'乌当区',3,0),(966,111,'白云区',3,0),(967,111,'小河区',3,0),(968,111,'金阳新区',3,0),(969,111,'新天园区',3,0),(970,111,'清镇市',3,0),(971,111,'开阳县',3,0),(972,111,'修文县',3,0),(973,111,'息烽县',3,0),(974,112,'西秀区',3,0),(975,112,'关岭',3,0),(976,112,'镇宁',3,0),(977,112,'紫云',3,0),(978,112,'平坝县',3,0),(979,112,'普定县',3,0),(980,113,'毕节市',3,0),(981,113,'大方县',3,0),(982,113,'黔西县',3,0),(983,113,'金沙县',3,0),(984,113,'织金县',3,0),(985,113,'纳雍县',3,0),(986,113,'赫章县',3,0),(987,113,'威宁',3,0),(988,114,'钟山区',3,0),(989,114,'六枝特区',3,0),(990,114,'水城县',3,0),(991,114,'盘县',3,0),(992,115,'凯里市',3,0),(993,115,'黄平县',3,0),(994,115,'施秉县',3,0),(995,115,'三穗县',3,0),(996,115,'镇远县',3,0),(997,115,'岑巩县',3,0),(998,115,'天柱县',3,0),(999,115,'锦屏县',3,0),(1000,115,'剑河县',3,0),(1001,115,'台江县',3,0),(1002,115,'黎平县',3,0),(1003,115,'榕江县',3,0),(1004,115,'从江县',3,0),(1005,115,'雷山县',3,0),(1006,115,'麻江县',3,0),(1007,115,'丹寨县',3,0),(1008,116,'都匀市',3,0),(1009,116,'福泉市',3,0),(1010,116,'荔波县',3,0),(1011,116,'贵定县',3,0),(1012,116,'瓮安县',3,0),(1013,116,'独山县',3,0),(1014,116,'平塘县',3,0),(1015,116,'罗甸县',3,0),(1016,116,'长顺县',3,0),(1017,116,'龙里县',3,0),(1018,116,'惠水县',3,0),(1019,116,'三都',3,0),(1020,117,'兴义市',3,0),(1021,117,'兴仁县',3,0),(1022,117,'普安县',3,0),(1023,117,'晴隆县',3,0),(1024,117,'贞丰县',3,0),(1025,117,'望谟县',3,0),(1026,117,'册亨县',3,0),(1027,117,'安龙县',3,0),(1028,118,'铜仁市',3,0),(1029,118,'江口县',3,0),(1030,118,'石阡县',3,0),(1031,118,'思南县',3,0),(1032,118,'德江县',3,0),(1033,118,'玉屏',3,0),(1034,118,'印江',3,0),(1035,118,'沿河',3,0),(1036,118,'松桃',3,0),(1037,118,'万山特区',3,0),(1038,119,'红花岗区',3,0),(1039,119,'务川县',3,0),(1040,119,'道真县',3,0),(1041,119,'汇川区',3,0),(1042,119,'赤水市',3,0),(1043,119,'仁怀市',3,0),(1044,119,'遵义县',3,0),(1045,119,'桐梓县',3,0),(1046,119,'绥阳县',3,0),(1047,119,'正安县',3,0),(1048,119,'凤冈县',3,0),(1049,119,'湄潭县',3,0),(1050,119,'余庆县',3,0),(1051,119,'习水县',3,0),(1052,119,'道真',3,0),(1053,119,'务川',3,0),(1054,120,'秀英区',3,0),(1055,120,'龙华区',3,0),(1056,120,'琼山区',3,0),(1057,120,'美兰区',3,0),(1058,137,'市区',3,0),(1059,137,'洋浦开发区',3,0),(1060,137,'那大镇',3,0),(1061,137,'王五镇',3,0),(1062,137,'雅星镇',3,0),(1063,137,'大成镇',3,0),(1064,137,'中和镇',3,0),(1065,137,'峨蔓镇',3,0),(1066,137,'南丰镇',3,0),(1067,137,'白马井镇',3,0),(1068,137,'兰洋镇',3,0),(1069,137,'和庆镇',3,0),(1070,137,'海头镇',3,0),(1071,137,'排浦镇',3,0),(1072,137,'东成镇',3,0),(1073,137,'光村镇',3,0),(1074,137,'木棠镇',3,0),(1075,137,'新州镇',3,0),(1076,137,'三都镇',3,0),(1077,137,'其他',3,0),(1078,138,'长安区',3,0),(1079,138,'桥东区',3,0),(1080,138,'桥西区',3,0),(1081,138,'新华区',3,0),(1082,138,'裕华区',3,0),(1083,138,'井陉矿区',3,0),(1084,138,'高新区',3,0),(1085,138,'辛集市',3,0),(1086,138,'藁城市',3,0),(1087,138,'晋州市',3,0),(1088,138,'新乐市',3,0),(1089,138,'鹿泉市',3,0),(1090,138,'井陉县',3,0),(1091,138,'正定县',3,0),(1092,138,'栾城县',3,0),(1093,138,'行唐县',3,0),(1094,138,'灵寿县',3,0),(1095,138,'高邑县',3,0),(1096,138,'深泽县',3,0),(1097,138,'赞皇县',3,0),(1098,138,'无极县',3,0),(1099,138,'平山县',3,0),(1100,138,'元氏县',3,0),(1101,138,'赵县',3,0),(1102,139,'新市区',3,0),(1103,139,'南市区',3,0),(1104,139,'北市区',3,0),(1105,139,'涿州市',3,0),(1106,139,'定州市',3,0),(1107,139,'安国市',3,0),(1108,139,'高碑店市',3,0),(1109,139,'满城县',3,0),(1110,139,'清苑县',3,0),(1111,139,'涞水县',3,0),(1112,139,'阜平县',3,0),(1113,139,'徐水县',3,0),(1114,139,'定兴县',3,0),(1115,139,'唐县',3,0),(1116,139,'高阳县',3,0),(1117,139,'容城县',3,0),(1118,139,'涞源县',3,0),(1119,139,'望都县',3,0),(1120,139,'安新县',3,0),(1121,139,'易县',3,0),(1122,139,'曲阳县',3,0),(1123,139,'蠡县',3,0),(1124,139,'顺平县',3,0),(1125,139,'博野县',3,0),(1126,139,'雄县',3,0),(1127,140,'运河区',3,0),(1128,140,'新华区',3,0),(1129,140,'泊头市',3,0),(1130,140,'任丘市',3,0),(1131,140,'黄骅市',3,0),(1132,140,'河间市',3,0),(1133,140,'沧县',3,0),(1134,140,'青县',3,0),(1135,140,'东光县',3,0),(1136,140,'海兴县',3,0),(1137,140,'盐山县',3,0),(1138,140,'肃宁县',3,0),(1139,140,'南皮县',3,0),(1140,140,'吴桥县',3,0),(1141,140,'献县',3,0),(1142,140,'孟村',3,0),(1143,141,'双桥区',3,0),(1144,141,'双滦区',3,0),(1145,141,'鹰手营子矿区',3,0),(1146,141,'承德县',3,0),(1147,141,'兴隆县',3,0),(1148,141,'平泉县',3,0),(1149,141,'滦平县',3,0),(1150,141,'隆化县',3,0),(1151,141,'丰宁',3,0),(1152,141,'宽城',3,0),(1153,141,'围场',3,0),(1154,142,'从台区',3,0),(1155,142,'复兴区',3,0),(1156,142,'邯山区',3,0),(1157,142,'峰峰矿区',3,0),(1158,142,'武安市',3,0),(1159,142,'邯郸县',3,0),(1160,142,'临漳县',3,0),(1161,142,'成安县',3,0),(1162,142,'大名县',3,0),(1163,142,'涉县',3,0),(1164,142,'磁县',3,0),(1165,142,'肥乡县',3,0),(1166,142,'永年县',3,0),(1167,142,'邱县',3,0),(1168,142,'鸡泽县',3,0),(1169,142,'广平县',3,0),(1170,142,'馆陶县',3,0),(1171,142,'魏县',3,0),(1172,142,'曲周县',3,0),(1173,143,'桃城区',3,0),(1174,143,'冀州市',3,0),(1175,143,'深州市',3,0),(1176,143,'枣强县',3,0),(1177,143,'武邑县',3,0),(1178,143,'武强县',3,0),(1179,143,'饶阳县',3,0),(1180,143,'安平县',3,0),(1181,143,'故城县',3,0),(1182,143,'景县',3,0),(1183,143,'阜城县',3,0),(1184,144,'安次区',3,0),(1185,144,'广阳区',3,0),(1186,144,'霸州市',3,0),(1187,144,'三河市',3,0),(1188,144,'固安县',3,0),(1189,144,'永清县',3,0),(1190,144,'香河县',3,0),(1191,144,'大城县',3,0),(1192,144,'文安县',3,0),(1193,144,'大厂',3,0),(1194,145,'海港区',3,0),(1195,145,'山海关区',3,0),(1196,145,'北戴河区',3,0),(1197,145,'昌黎县',3,0),(1198,145,'抚宁县',3,0),(1199,145,'卢龙县',3,0),(1200,145,'青龙',3,0),(1201,146,'路北区',3,0),(1202,146,'路南区',3,0),(1203,146,'古冶区',3,0),(1204,146,'开平区',3,0),(1205,146,'丰南区',3,0),(1206,146,'丰润区',3,0),(1207,146,'遵化市',3,0),(1208,146,'迁安市',3,0),(1209,146,'滦县',3,0),(1210,146,'滦南县',3,0),(1211,146,'乐亭县',3,0),(1212,146,'迁西县',3,0),(1213,146,'玉田县',3,0),(1214,146,'唐海县',3,0),(1215,147,'桥东区',3,0),(1216,147,'桥西区',3,0),(1217,147,'南宫市',3,0),(1218,147,'沙河市',3,0),(1219,147,'邢台县',3,0),(1220,147,'临城县',3,0),(1221,147,'内丘县',3,0),(1222,147,'柏乡县',3,0),(1223,147,'隆尧县',3,0),(1224,147,'任县',3,0),(1225,147,'南和县',3,0),(1226,147,'宁晋县',3,0),(1227,147,'巨鹿县',3,0),(1228,147,'新河县',3,0),(1229,147,'广宗县',3,0),(1230,147,'平乡县',3,0),(1231,147,'威县',3,0),(1232,147,'清河县',3,0),(1233,147,'临西县',3,0),(1234,148,'桥西区',3,0),(1235,148,'桥东区',3,0),(1236,148,'宣化区',3,0),(1237,148,'下花园区',3,0),(1238,148,'宣化县',3,0),(1239,148,'张北县',3,0),(1240,148,'康保县',3,0),(1241,148,'沽源县',3,0),(1242,148,'尚义县',3,0),(1243,148,'蔚县',3,0),(1244,148,'阳原县',3,0),(1245,148,'怀安县',3,0),(1246,148,'万全县',3,0),(1247,148,'怀来县',3,0),(1248,148,'涿鹿县',3,0),(1249,148,'赤城县',3,0),(1250,148,'崇礼县',3,0),(1251,149,'金水区',3,0),(1252,149,'邙山区',3,0),(1253,149,'二七区',3,0),(1254,149,'管城区',3,0),(1255,149,'中原区',3,0),(1256,149,'上街区',3,0),(1257,149,'惠济区',3,0),(1258,149,'郑东新区',3,0),(1259,149,'经济技术开发区',3,0),(1260,149,'高新开发区',3,0),(1261,149,'出口加工区',3,0),(1262,149,'巩义市',3,0),(1263,149,'荥阳市',3,0),(1264,149,'新密市',3,0),(1265,149,'新郑市',3,0),(1266,149,'登封市',3,0),(1267,149,'中牟县',3,0),(1268,150,'西工区',3,0),(1269,150,'老城区',3,0),(1270,150,'涧西区',3,0),(1271,150,'瀍河回族区',3,0),(1272,150,'洛龙区',3,0),(1273,150,'吉利区',3,0),(1274,150,'偃师市',3,0),(1275,150,'孟津县',3,0),(1276,150,'新安县',3,0),(1277,150,'栾川县',3,0),(1278,150,'嵩县',3,0),(1279,150,'汝阳县',3,0),(1280,150,'宜阳县',3,0),(1281,150,'洛宁县',3,0),(1282,150,'伊川县',3,0),(1283,151,'鼓楼区',3,0),(1284,151,'龙亭区',3,0),(1285,151,'顺河回族区',3,0),(1286,151,'金明区',3,0),(1287,151,'禹王台区',3,0),(1288,151,'杞县',3,0),(1289,151,'通许县',3,0),(1290,151,'尉氏县',3,0),(1291,151,'开封县',3,0),(1292,151,'兰考县',3,0),(1293,152,'北关区',3,0),(1294,152,'文峰区',3,0),(1295,152,'殷都区',3,0),(1296,152,'龙安区',3,0),(1297,152,'林州市',3,0),(1298,152,'安阳县',3,0),(1299,152,'汤阴县',3,0),(1300,152,'滑县',3,0),(1301,152,'内黄县',3,0),(1302,153,'淇滨区',3,0),(1303,153,'山城区',3,0),(1304,153,'鹤山区',3,0),(1305,153,'浚县',3,0),(1306,153,'淇县',3,0),(1307,154,'济源市',3,0),(1308,155,'解放区',3,0),(1309,155,'中站区',3,0),(1310,155,'马村区',3,0),(1311,155,'山阳区',3,0),(1312,155,'沁阳市',3,0),(1313,155,'孟州市',3,0),(1314,155,'修武县',3,0),(1315,155,'博爱县',3,0),(1316,155,'武陟县',3,0),(1317,155,'温县',3,0),(1318,156,'卧龙区',3,0),(1319,156,'宛城区',3,0),(1320,156,'邓州市',3,0),(1321,156,'南召县',3,0),(1322,156,'方城县',3,0),(1323,156,'西峡县',3,0),(1324,156,'镇平县',3,0),(1325,156,'内乡县',3,0),(1326,156,'淅川县',3,0),(1327,156,'社旗县',3,0),(1328,156,'唐河县',3,0),(1329,156,'新野县',3,0),(1330,156,'桐柏县',3,0),(1331,157,'新华区',3,0),(1332,157,'卫东区',3,0),(1333,157,'湛河区',3,0),(1334,157,'石龙区',3,0),(1335,157,'舞钢市',3,0),(1336,157,'汝州市',3,0),(1337,157,'宝丰县',3,0),(1338,157,'叶县',3,0),(1339,157,'鲁山县',3,0),(1340,157,'郏县',3,0),(1341,158,'湖滨区',3,0),(1342,158,'义马市',3,0),(1343,158,'灵宝市',3,0),(1344,158,'渑池县',3,0),(1345,158,'陕县',3,0),(1346,158,'卢氏县',3,0),(1347,159,'梁园区',3,0),(1348,159,'睢阳区',3,0),(1349,159,'永城市',3,0),(1350,159,'民权县',3,0),(1351,159,'睢县',3,0),(1352,159,'宁陵县',3,0),(1353,159,'虞城县',3,0),(1354,159,'柘城县',3,0),(1355,159,'夏邑县',3,0),(1356,160,'卫滨区',3,0),(1357,160,'红旗区',3,0),(1358,160,'凤泉区',3,0),(1359,160,'牧野区',3,0),(1360,160,'卫辉市',3,0),(1361,160,'辉县市',3,0),(1362,160,'新乡县',3,0),(1363,160,'获嘉县',3,0),(1364,160,'原阳县',3,0),(1365,160,'延津县',3,0),(1366,160,'封丘县',3,0),(1367,160,'长垣县',3,0),(1368,161,'浉河区',3,0),(1369,161,'平桥区',3,0),(1370,161,'罗山县',3,0),(1371,161,'光山县',3,0),(1372,161,'新县',3,0),(1373,161,'商城县',3,0),(1374,161,'固始县',3,0),(1375,161,'潢川县',3,0),(1376,161,'淮滨县',3,0),(1377,161,'息县',3,0),(1378,162,'魏都区',3,0),(1379,162,'禹州市',3,0),(1380,162,'长葛市',3,0),(1381,162,'许昌县',3,0),(1382,162,'鄢陵县',3,0),(1383,162,'襄城县',3,0),(1384,163,'川汇区',3,0),(1385,163,'项城市',3,0),(1386,163,'扶沟县',3,0),(1387,163,'西华县',3,0),(1388,163,'商水县',3,0),(1389,163,'沈丘县',3,0),(1390,163,'郸城县',3,0),(1391,163,'淮阳县',3,0),(1392,163,'太康县',3,0),(1393,163,'鹿邑县',3,0),(1394,164,'驿城区',3,0),(1395,164,'西平县',3,0),(1396,164,'上蔡县',3,0),(1397,164,'平舆县',3,0),(1398,164,'正阳县',3,0),(1399,164,'确山县',3,0),(1400,164,'泌阳县',3,0),(1401,164,'汝南县',3,0),(1402,164,'遂平县',3,0),(1403,164,'新蔡县',3,0),(1404,165,'郾城区',3,0),(1405,165,'源汇区',3,0),(1406,165,'召陵区',3,0),(1407,165,'舞阳县',3,0),(1408,165,'临颍县',3,0),(1409,166,'华龙区',3,0),(1410,166,'清丰县',3,0),(1411,166,'南乐县',3,0),(1412,166,'范县',3,0),(1413,166,'台前县',3,0),(1414,166,'濮阳县',3,0),(1415,167,'道里区',3,0),(1416,167,'南岗区',3,0),(1417,167,'动力区',3,0),(1418,167,'平房区',3,0),(1419,167,'香坊区',3,0),(1420,167,'太平区',3,0),(1421,167,'道外区',3,0),(1422,167,'阿城区',3,0),(1423,167,'呼兰区',3,0),(1424,167,'松北区',3,0),(1425,167,'尚志市',3,0),(1426,167,'双城市',3,0),(1427,167,'五常市',3,0),(1428,167,'方正县',3,0),(1429,167,'宾县',3,0),(1430,167,'依兰县',3,0),(1431,167,'巴彦县',3,0),(1432,167,'通河县',3,0),(1433,167,'木兰县',3,0),(1434,167,'延寿县',3,0),(1435,168,'萨尔图区',3,0),(1436,168,'红岗区',3,0),(1437,168,'龙凤区',3,0),(1438,168,'让胡路区',3,0),(1439,168,'大同区',3,0),(1440,168,'肇州县',3,0),(1441,168,'肇源县',3,0),(1442,168,'林甸县',3,0),(1443,168,'杜尔伯特',3,0),(1444,169,'呼玛县',3,0),(1445,169,'漠河县',3,0),(1446,169,'塔河县',3,0),(1447,170,'兴山区',3,0),(1448,170,'工农区',3,0),(1449,170,'南山区',3,0),(1450,170,'兴安区',3,0),(1451,170,'向阳区',3,0),(1452,170,'东山区',3,0),(1453,170,'萝北县',3,0),(1454,170,'绥滨县',3,0),(1455,171,'爱辉区',3,0),(1456,171,'五大连池市',3,0),(1457,171,'北安市',3,0),(1458,171,'嫩江县',3,0),(1459,171,'逊克县',3,0),(1460,171,'孙吴县',3,0),(1461,172,'鸡冠区',3,0),(1462,172,'恒山区',3,0),(1463,172,'城子河区',3,0),(1464,172,'滴道区',3,0),(1465,172,'梨树区',3,0),(1466,172,'虎林市',3,0),(1467,172,'密山市',3,0),(1468,172,'鸡东县',3,0),(1469,173,'前进区',3,0),(1470,173,'郊区',3,0),(1471,173,'向阳区',3,0),(1472,173,'东风区',3,0),(1473,173,'同江市',3,0),(1474,173,'富锦市',3,0),(1475,173,'桦南县',3,0),(1476,173,'桦川县',3,0),(1477,173,'汤原县',3,0),(1478,173,'抚远县',3,0),(1479,174,'爱民区',3,0),(1480,174,'东安区',3,0),(1481,174,'阳明区',3,0),(1482,174,'西安区',3,0),(1483,174,'绥芬河市',3,0),(1484,174,'海林市',3,0),(1485,174,'宁安市',3,0),(1486,174,'穆棱市',3,0),(1487,174,'东宁县',3,0),(1488,174,'林口县',3,0),(1489,175,'桃山区',3,0),(1490,175,'新兴区',3,0),(1491,175,'茄子河区',3,0),(1492,175,'勃利县',3,0),(1493,176,'龙沙区',3,0),(1494,176,'昂昂溪区',3,0),(1495,176,'铁峰区',3,0),(1496,176,'建华区',3,0),(1497,176,'富拉尔基区',3,0),(1498,176,'碾子山区',3,0),(1499,176,'梅里斯达斡尔区',3,0),(1500,176,'讷河市',3,0),(1501,176,'龙江县',3,0),(1502,176,'依安县',3,0),(1503,176,'泰来县',3,0),(1504,176,'甘南县',3,0),(1505,176,'富裕县',3,0),(1506,176,'克山县',3,0),(1507,176,'克东县',3,0),(1508,176,'拜泉县',3,0),(1509,177,'尖山区',3,0),(1510,177,'岭东区',3,0),(1511,177,'四方台区',3,0),(1512,177,'宝山区',3,0),(1513,177,'集贤县',3,0),(1514,177,'友谊县',3,0),(1515,177,'宝清县',3,0),(1516,177,'饶河县',3,0),(1517,178,'北林区',3,0),(1518,178,'安达市',3,0),(1519,178,'肇东市',3,0),(1520,178,'海伦市',3,0),(1521,178,'望奎县',3,0),(1522,178,'兰西县',3,0),(1523,178,'青冈县',3,0),(1524,178,'庆安县',3,0),(1525,178,'明水县',3,0),(1526,178,'绥棱县',3,0),(1527,179,'伊春区',3,0),(1528,179,'带岭区',3,0),(1529,179,'南岔区',3,0),(1530,179,'金山屯区',3,0),(1531,179,'西林区',3,0),(1532,179,'美溪区',3,0),(1533,179,'乌马河区',3,0),(1534,179,'翠峦区',3,0),(1535,179,'友好区',3,0),(1536,179,'上甘岭区',3,0),(1537,179,'五营区',3,0),(1538,179,'红星区',3,0),(1539,179,'新青区',3,0),(1540,179,'汤旺河区',3,0),(1541,179,'乌伊岭区',3,0),(1542,179,'铁力市',3,0),(1543,179,'嘉荫县',3,0),(1544,180,'江岸区',3,0),(1545,180,'武昌区',3,0),(1546,180,'江汉区',3,0),(1547,180,'硚口区',3,0),(1548,180,'汉阳区',3,0),(1549,180,'青山区',3,0),(1550,180,'洪山区',3,0),(1551,180,'东西湖区',3,0),(1552,180,'汉南区',3,0),(1553,180,'蔡甸区',3,0),(1554,180,'江夏区',3,0),(1555,180,'黄陂区',3,0),(1556,180,'新洲区',3,0),(1557,180,'经济开发区',3,0),(1558,181,'仙桃市',3,0),(1559,182,'鄂城区',3,0),(1560,182,'华容区',3,0),(1561,182,'梁子湖区',3,0),(1562,183,'黄州区',3,0),(1563,183,'麻城市',3,0),(1564,183,'武穴市',3,0),(1565,183,'团风县',3,0),(1566,183,'红安县',3,0),(1567,183,'罗田县',3,0),(1568,183,'英山县',3,0),(1569,183,'浠水县',3,0),(1570,183,'蕲春县',3,0),(1571,183,'黄梅县',3,0),(1572,184,'黄石港区',3,0),(1573,184,'西塞山区',3,0),(1574,184,'下陆区',3,0),(1575,184,'铁山区',3,0),(1576,184,'大冶市',3,0),(1577,184,'阳新县',3,0),(1578,185,'东宝区',3,0),(1579,185,'掇刀区',3,0),(1580,185,'钟祥市',3,0),(1581,185,'京山县',3,0),(1582,185,'沙洋县',3,0),(1583,186,'沙市区',3,0),(1584,186,'荆州区',3,0),(1585,186,'石首市',3,0),(1586,186,'洪湖市',3,0),(1587,186,'松滋市',3,0),(1588,186,'公安县',3,0),(1589,186,'监利县',3,0),(1590,186,'江陵县',3,0),(1591,187,'潜江市',3,0),(1592,188,'神农架林区',3,0),(1593,189,'张湾区',3,0),(1594,189,'茅箭区',3,0),(1595,189,'丹江口市',3,0),(1596,189,'郧县',3,0),(1597,189,'郧西县',3,0),(1598,189,'竹山县',3,0),(1599,189,'竹溪县',3,0),(1600,189,'房县',3,0),(1601,190,'曾都区',3,0),(1602,190,'广水市',3,0),(1603,191,'天门市',3,0),(1604,192,'咸安区',3,0),(1605,192,'赤壁市',3,0),(1606,192,'嘉鱼县',3,0),(1607,192,'通城县',3,0),(1608,192,'崇阳县',3,0),(1609,192,'通山县',3,0),(1610,193,'襄城区',3,0),(1611,193,'樊城区',3,0),(1612,193,'襄阳区',3,0),(1613,193,'老河口市',3,0),(1614,193,'枣阳市',3,0),(1615,193,'宜城市',3,0),(1616,193,'南漳县',3,0),(1617,193,'谷城县',3,0),(1618,193,'保康县',3,0),(1619,194,'孝南区',3,0),(1620,194,'应城市',3,0),(1621,194,'安陆市',3,0),(1622,194,'汉川市',3,0),(1623,194,'孝昌县',3,0),(1624,194,'大悟县',3,0),(1625,194,'云梦县',3,0),(1626,195,'长阳',3,0),(1627,195,'五峰',3,0),(1628,195,'西陵区',3,0),(1629,195,'伍家岗区',3,0),(1630,195,'点军区',3,0),(1631,195,'猇亭区',3,0),(1632,195,'夷陵区',3,0),(1633,195,'宜都市',3,0),(1634,195,'当阳市',3,0),(1635,195,'枝江市',3,0),(1636,195,'远安县',3,0),(1637,195,'兴山县',3,0),(1638,195,'秭归县',3,0),(1639,196,'恩施市',3,0),(1640,196,'利川市',3,0),(1641,196,'建始县',3,0),(1642,196,'巴东县',3,0),(1643,196,'宣恩县',3,0),(1644,196,'咸丰县',3,0),(1645,196,'来凤县',3,0),(1646,196,'鹤峰县',3,0),(1647,197,'岳麓区',3,0),(1648,197,'芙蓉区',3,0),(1649,197,'天心区',3,0),(1650,197,'开福区',3,0),(1651,197,'雨花区',3,0),(1652,197,'开发区',3,0),(1653,197,'浏阳市',3,0),(1654,197,'长沙县',3,0),(1655,197,'望城县',3,0),(1656,197,'宁乡县',3,0),(1657,198,'永定区',3,0),(1658,198,'武陵源区',3,0),(1659,198,'慈利县',3,0),(1660,198,'桑植县',3,0),(1661,199,'武陵区',3,0),(1662,199,'鼎城区',3,0),(1663,199,'津市市',3,0),(1664,199,'安乡县',3,0),(1665,199,'汉寿县',3,0),(1666,199,'澧县',3,0),(1667,199,'临澧县',3,0),(1668,199,'桃源县',3,0),(1669,199,'石门县',3,0),(1670,200,'北湖区',3,0),(1671,200,'苏仙区',3,0),(1672,200,'资兴市',3,0),(1673,200,'桂阳县',3,0),(1674,200,'宜章县',3,0),(1675,200,'永兴县',3,0),(1676,200,'嘉禾县',3,0),(1677,200,'临武县',3,0),(1678,200,'汝城县',3,0),(1679,200,'桂东县',3,0),(1680,200,'安仁县',3,0),(1681,201,'雁峰区',3,0),(1682,201,'珠晖区',3,0),(1683,201,'石鼓区',3,0),(1684,201,'蒸湘区',3,0),(1685,201,'南岳区',3,0),(1686,201,'耒阳市',3,0),(1687,201,'常宁市',3,0),(1688,201,'衡阳县',3,0),(1689,201,'衡南县',3,0),(1690,201,'衡山县',3,0),(1691,201,'衡东县',3,0),(1692,201,'祁东县',3,0),(1693,202,'鹤城区',3,0),(1694,202,'靖州',3,0),(1695,202,'麻阳',3,0),(1696,202,'通道',3,0),(1697,202,'新晃',3,0),(1698,202,'芷江',3,0),(1699,202,'沅陵县',3,0),(1700,202,'辰溪县',3,0),(1701,202,'溆浦县',3,0),(1702,202,'中方县',3,0),(1703,202,'会同县',3,0),(1704,202,'洪江市',3,0),(1705,203,'娄星区',3,0),(1706,203,'冷水江市',3,0),(1707,203,'涟源市',3,0),(1708,203,'双峰县',3,0),(1709,203,'新化县',3,0),(1710,204,'城步',3,0),(1711,204,'双清区',3,0),(1712,204,'大祥区',3,0),(1713,204,'北塔区',3,0),(1714,204,'武冈市',3,0),(1715,204,'邵东县',3,0),(1716,204,'新邵县',3,0),(1717,204,'邵阳县',3,0),(1718,204,'隆回县',3,0),(1719,204,'洞口县',3,0),(1720,204,'绥宁县',3,0),(1721,204,'新宁县',3,0),(1722,205,'岳塘区',3,0),(1723,205,'雨湖区',3,0),(1724,205,'湘乡市',3,0),(1725,205,'韶山市',3,0),(1726,205,'湘潭县',3,0),(1727,206,'吉首市',3,0),(1728,206,'泸溪县',3,0),(1729,206,'凤凰县',3,0),(1730,206,'花垣县',3,0),(1731,206,'保靖县',3,0),(1732,206,'古丈县',3,0),(1733,206,'永顺县',3,0),(1734,206,'龙山县',3,0),(1735,207,'赫山区',3,0),(1736,207,'资阳区',3,0),(1737,207,'沅江市',3,0),(1738,207,'南县',3,0),(1739,207,'桃江县',3,0),(1740,207,'安化县',3,0),(1741,208,'江华',3,0),(1742,208,'冷水滩区',3,0),(1743,208,'零陵区',3,0),(1744,208,'祁阳县',3,0),(1745,208,'东安县',3,0),(1746,208,'双牌县',3,0),(1747,208,'道县',3,0),(1748,208,'江永县',3,0),(1749,208,'宁远县',3,0),(1750,208,'蓝山县',3,0),(1751,208,'新田县',3,0),(1752,209,'岳阳楼区',3,0),(1753,209,'君山区',3,0),(1754,209,'云溪区',3,0),(1755,209,'汨罗市',3,0),(1756,209,'临湘市',3,0),(1757,209,'岳阳县',3,0),(1758,209,'华容县',3,0),(1759,209,'湘阴县',3,0),(1760,209,'平江县',3,0),(1761,210,'天元区',3,0),(1762,210,'荷塘区',3,0),(1763,210,'芦淞区',3,0),(1764,210,'石峰区',3,0),(1765,210,'醴陵市',3,0),(1766,210,'株洲县',3,0),(1767,210,'攸县',3,0),(1768,210,'茶陵县',3,0),(1769,210,'炎陵县',3,0),(1770,211,'朝阳区',3,0),(1771,211,'宽城区',3,0),(1772,211,'二道区',3,0),(1773,211,'南关区',3,0),(1774,211,'绿园区',3,0),(1775,211,'双阳区',3,0),(1776,211,'净月潭开发区',3,0),(1777,211,'高新技术开发区',3,0),(1778,211,'经济技术开发区',3,0),(1779,211,'汽车产业开发区',3,0),(1780,211,'德惠市',3,0),(1781,211,'九台市',3,0),(1782,211,'榆树市',3,0),(1783,211,'农安县',3,0),(1784,212,'船营区',3,0),(1785,212,'昌邑区',3,0),(1786,212,'龙潭区',3,0),(1787,212,'丰满区',3,0),(1788,212,'蛟河市',3,0),(1789,212,'桦甸市',3,0),(1790,212,'舒兰市',3,0),(1791,212,'磐石市',3,0),(1792,212,'永吉县',3,0),(1793,213,'洮北区',3,0),(1794,213,'洮南市',3,0),(1795,213,'大安市',3,0),(1796,213,'镇赉县',3,0),(1797,213,'通榆县',3,0),(1798,214,'江源区',3,0),(1799,214,'八道江区',3,0),(1800,214,'长白',3,0),(1801,214,'临江市',3,0),(1802,214,'抚松县',3,0),(1803,214,'靖宇县',3,0),(1804,215,'龙山区',3,0),(1805,215,'西安区',3,0),(1806,215,'东丰县',3,0),(1807,215,'东辽县',3,0),(1808,216,'铁西区',3,0),(1809,216,'铁东区',3,0),(1810,216,'伊通',3,0),(1811,216,'公主岭市',3,0),(1812,216,'双辽市',3,0),(1813,216,'梨树县',3,0),(1814,217,'前郭尔罗斯',3,0),(1815,217,'宁江区',3,0),(1816,217,'长岭县',3,0),(1817,217,'乾安县',3,0),(1818,217,'扶余县',3,0),(1819,218,'东昌区',3,0),(1820,218,'二道江区',3,0),(1821,218,'梅河口市',3,0),(1822,218,'集安市',3,0),(1823,218,'通化县',3,0),(1824,218,'辉南县',3,0),(1825,218,'柳河县',3,0),(1826,219,'延吉市',3,0),(1827,219,'图们市',3,0),(1828,219,'敦化市',3,0),(1829,219,'珲春市',3,0),(1830,219,'龙井市',3,0),(1831,219,'和龙市',3,0),(1832,219,'安图县',3,0),(1833,219,'汪清县',3,0),(1834,220,'玄武区',3,0),(1835,220,'鼓楼区',3,0),(1836,220,'白下区',3,0),(1837,220,'建邺区',3,0),(1838,220,'秦淮区',3,0),(1839,220,'雨花台区',3,0),(1840,220,'下关区',3,0),(1841,220,'栖霞区',3,0),(1842,220,'浦口区',3,0),(1843,220,'江宁区',3,0),(1844,220,'六合区',3,0),(1845,220,'溧水县',3,0),(1846,220,'高淳县',3,0),(1847,221,'沧浪区',3,0),(1848,221,'金阊区',3,0),(1849,221,'平江区',3,0),(1850,221,'虎丘区',3,0),(1851,221,'吴中区',3,0),(1852,221,'相城区',3,0),(1853,221,'园区',3,0),(1854,221,'新区',3,0),(1855,221,'常熟市',3,0),(1856,221,'张家港市',3,0),(1857,221,'玉山镇',3,0),(1858,221,'巴城镇',3,0),(1859,221,'周市镇',3,0),(1860,221,'陆家镇',3,0),(1861,221,'花桥镇',3,0),(1862,221,'淀山湖镇',3,0),(1863,221,'张浦镇',3,0),(1864,221,'周庄镇',3,0),(1865,221,'千灯镇',3,0),(1866,221,'锦溪镇',3,0),(1867,221,'开发区',3,0),(1868,221,'吴江市',3,0),(1869,221,'太仓市',3,0),(1870,222,'崇安区',3,0),(1871,222,'北塘区',3,0),(1872,222,'南长区',3,0),(1873,222,'锡山区',3,0),(1874,222,'惠山区',3,0),(1875,222,'滨湖区',3,0),(1876,222,'新区',3,0),(1877,222,'江阴市',3,0),(1878,222,'宜兴市',3,0),(1879,223,'天宁区',3,0),(1880,223,'钟楼区',3,0),(1881,223,'戚墅堰区',3,0),(1882,223,'郊区',3,0),(1883,223,'新北区',3,0),(1884,223,'武进区',3,0),(1885,223,'溧阳市',3,0),(1886,223,'金坛市',3,0),(1887,224,'清河区',3,0),(1888,224,'清浦区',3,0),(1889,224,'楚州区',3,0),(1890,224,'淮阴区',3,0),(1891,224,'涟水县',3,0),(1892,224,'洪泽县',3,0),(1893,224,'盱眙县',3,0),(1894,224,'金湖县',3,0),(1895,225,'新浦区',3,0),(1896,225,'连云区',3,0),(1897,225,'海州区',3,0),(1898,225,'赣榆县',3,0),(1899,225,'东海县',3,0),(1900,225,'灌云县',3,0),(1901,225,'灌南县',3,0),(1902,226,'崇川区',3,0),(1903,226,'港闸区',3,0),(1904,226,'经济开发区',3,0),(1905,226,'启东市',3,0),(1906,226,'如皋市',3,0),(1907,226,'通州市',3,0),(1908,226,'海门市',3,0),(1909,226,'海安县',3,0),(1910,226,'如东县',3,0),(1911,227,'宿城区',3,0),(1912,227,'宿豫区',3,0),(1913,227,'宿豫县',3,0),(1914,227,'沭阳县',3,0),(1915,227,'泗阳县',3,0),(1916,227,'泗洪县',3,0),(1917,228,'海陵区',3,0),(1918,228,'高港区',3,0),(1919,228,'兴化市',3,0),(1920,228,'靖江市',3,0),(1921,228,'泰兴市',3,0),(1922,228,'姜堰市',3,0),(1923,229,'云龙区',3,0),(1924,229,'鼓楼区',3,0),(1925,229,'九里区',3,0),(1926,229,'贾汪区',3,0),(1927,229,'泉山区',3,0),(1928,229,'新沂市',3,0),(1929,229,'邳州市',3,0),(1930,229,'丰县',3,0),(1931,229,'沛县',3,0),(1932,229,'铜山县',3,0),(1933,229,'睢宁县',3,0),(1934,230,'城区',3,0),(1935,230,'亭湖区',3,0),(1936,230,'盐都区',3,0),(1937,230,'盐都县',3,0),(1938,230,'东台市',3,0),(1939,230,'大丰市',3,0),(1940,230,'响水县',3,0),(1941,230,'滨海县',3,0),(1942,230,'阜宁县',3,0),(1943,230,'射阳县',3,0),(1944,230,'建湖县',3,0),(1945,231,'广陵区',3,0),(1946,231,'维扬区',3,0),(1947,231,'邗江区',3,0),(1948,231,'仪征市',3,0),(1949,231,'高邮市',3,0),(1950,231,'江都市',3,0),(1951,231,'宝应县',3,0),(1952,232,'京口区',3,0),(1953,232,'润州区',3,0),(1954,232,'丹徒区',3,0),(1955,232,'丹阳市',3,0),(1956,232,'扬中市',3,0),(1957,232,'句容市',3,0),(1958,233,'东湖区',3,0),(1959,233,'西湖区',3,0),(1960,233,'青云谱区',3,0),(1961,233,'湾里区',3,0),(1962,233,'青山湖区',3,0),(1963,233,'红谷滩新区',3,0),(1964,233,'昌北区',3,0),(1965,233,'高新区',3,0),(1966,233,'南昌县',3,0),(1967,233,'新建县',3,0),(1968,233,'安义县',3,0),(1969,233,'进贤县',3,0),(1970,234,'临川区',3,0),(1971,234,'南城县',3,0),(1972,234,'黎川县',3,0),(1973,234,'南丰县',3,0),(1974,234,'崇仁县',3,0),(1975,234,'乐安县',3,0),(1976,234,'宜黄县',3,0),(1977,234,'金溪县',3,0),(1978,234,'资溪县',3,0),(1979,234,'东乡县',3,0),(1980,234,'广昌县',3,0),(1981,235,'章贡区',3,0),(1982,235,'于都县',3,0),(1983,235,'瑞金市',3,0),(1984,235,'南康市',3,0),(1985,235,'赣县',3,0),(1986,235,'信丰县',3,0),(1987,235,'大余县',3,0),(1988,235,'上犹县',3,0),(1989,235,'崇义县',3,0),(1990,235,'安远县',3,0),(1991,235,'龙南县',3,0),(1992,235,'定南县',3,0),(1993,235,'全南县',3,0),(1994,235,'宁都县',3,0),(1995,235,'兴国县',3,0),(1996,235,'会昌县',3,0),(1997,235,'寻乌县',3,0),(1998,235,'石城县',3,0),(1999,236,'安福县',3,0),(2000,236,'吉州区',3,0),(2001,236,'青原区',3,0),(2002,236,'井冈山市',3,0),(2003,236,'吉安县',3,0),(2004,236,'吉水县',3,0),(2005,236,'峡江县',3,0),(2006,236,'新干县',3,0),(2007,236,'永丰县',3,0),(2008,236,'泰和县',3,0),(2009,236,'遂川县',3,0),(2010,236,'万安县',3,0),(2011,236,'永新县',3,0),(2012,237,'珠山区',3,0),(2013,237,'昌江区',3,0),(2014,237,'乐平市',3,0),(2015,237,'浮梁县',3,0),(2016,238,'浔阳区',3,0),(2017,238,'庐山区',3,0),(2018,238,'瑞昌市',3,0),(2019,238,'九江县',3,0),(2020,238,'武宁县',3,0),(2021,238,'修水县',3,0),(2022,238,'永修县',3,0),(2023,238,'德安县',3,0),(2024,238,'星子县',3,0),(2025,238,'都昌县',3,0),(2026,238,'湖口县',3,0),(2027,238,'彭泽县',3,0),(2028,239,'安源区',3,0),(2029,239,'湘东区',3,0),(2030,239,'莲花县',3,0),(2031,239,'芦溪县',3,0),(2032,239,'上栗县',3,0),(2033,240,'信州区',3,0),(2034,240,'德兴市',3,0),(2035,240,'上饶县',3,0),(2036,240,'广丰县',3,0),(2037,240,'玉山县',3,0),(2038,240,'铅山县',3,0),(2039,240,'横峰县',3,0),(2040,240,'弋阳县',3,0),(2041,240,'余干县',3,0),(2042,240,'波阳县',3,0),(2043,240,'万年县',3,0),(2044,240,'婺源县',3,0),(2045,241,'渝水区',3,0),(2046,241,'分宜县',3,0),(2047,242,'袁州区',3,0),(2048,242,'丰城市',3,0),(2049,242,'樟树市',3,0),(2050,242,'高安市',3,0),(2051,242,'奉新县',3,0),(2052,242,'万载县',3,0),(2053,242,'上高县',3,0),(2054,242,'宜丰县',3,0),(2055,242,'靖安县',3,0),(2056,242,'铜鼓县',3,0),(2057,243,'月湖区',3,0),(2058,243,'贵溪市',3,0),(2059,243,'余江县',3,0),(2060,244,'沈河区',3,0),(2061,244,'皇姑区',3,0),(2062,244,'和平区',3,0),(2063,244,'大东区',3,0),(2064,244,'铁西区',3,0),(2065,244,'苏家屯区',3,0),(2066,244,'东陵区',3,0),(2067,244,'沈北新区',3,0),(2068,244,'于洪区',3,0),(2069,244,'浑南新区',3,0),(2070,244,'新民市',3,0),(2071,244,'辽中县',3,0),(2072,244,'康平县',3,0),(2073,244,'法库县',3,0),(2074,245,'西岗区',3,0),(2075,245,'中山区',3,0),(2076,245,'沙河口区',3,0),(2077,245,'甘井子区',3,0),(2078,245,'旅顺口区',3,0),(2079,245,'金州区',3,0),(2080,245,'开发区',3,0),(2081,245,'瓦房店市',3,0),(2082,245,'普兰店市',3,0),(2083,245,'庄河市',3,0),(2084,245,'长海县',3,0),(2085,246,'铁东区',3,0),(2086,246,'铁西区',3,0),(2087,246,'立山区',3,0),(2088,246,'千山区',3,0),(2089,246,'岫岩',3,0),(2090,246,'海城市',3,0),(2091,246,'台安县',3,0),(2092,247,'本溪',3,0),(2093,247,'平山区',3,0),(2094,247,'明山区',3,0),(2095,247,'溪湖区',3,0),(2096,247,'南芬区',3,0),(2097,247,'桓仁',3,0),(2098,248,'双塔区',3,0),(2099,248,'龙城区',3,0),(2100,248,'喀喇沁左翼蒙古族自治县',3,0),(2101,248,'北票市',3,0),(2102,248,'凌源市',3,0),(2103,248,'朝阳县',3,0),(2104,248,'建平县',3,0),(2105,249,'振兴区',3,0),(2106,249,'元宝区',3,0),(2107,249,'振安区',3,0),(2108,249,'宽甸',3,0),(2109,249,'东港市',3,0),(2110,249,'凤城市',3,0),(2111,250,'顺城区',3,0),(2112,250,'新抚区',3,0),(2113,250,'东洲区',3,0),(2114,250,'望花区',3,0),(2115,250,'清原',3,0),(2116,250,'新宾',3,0),(2117,250,'抚顺县',3,0),(2118,251,'阜新',3,0),(2119,251,'海州区',3,0),(2120,251,'新邱区',3,0),(2121,251,'太平区',3,0),(2122,251,'清河门区',3,0),(2123,251,'细河区',3,0),(2124,251,'彰武县',3,0),(2125,252,'龙港区',3,0),(2126,252,'南票区',3,0),(2127,252,'连山区',3,0),(2128,252,'兴城市',3,0),(2129,252,'绥中县',3,0),(2130,252,'建昌县',3,0),(2131,253,'太和区',3,0),(2132,253,'古塔区',3,0),(2133,253,'凌河区',3,0),(2134,253,'凌海市',3,0),(2135,253,'北镇市',3,0),(2136,253,'黑山县',3,0),(2137,253,'义县',3,0),(2138,254,'白塔区',3,0),(2139,254,'文圣区',3,0),(2140,254,'宏伟区',3,0),(2141,254,'太子河区',3,0),(2142,254,'弓长岭区',3,0),(2143,254,'灯塔市',3,0),(2144,254,'辽阳县',3,0),(2145,255,'双台子区',3,0),(2146,255,'兴隆台区',3,0),(2147,255,'大洼县',3,0),(2148,255,'盘山县',3,0),(2149,256,'银州区',3,0),(2150,256,'清河区',3,0),(2151,256,'调兵山市',3,0),(2152,256,'开原市',3,0),(2153,256,'铁岭县',3,0),(2154,256,'西丰县',3,0),(2155,256,'昌图县',3,0),(2156,257,'站前区',3,0),(2157,257,'西市区',3,0),(2158,257,'鲅鱼圈区',3,0),(2159,257,'老边区',3,0),(2160,257,'盖州市',3,0),(2161,257,'大石桥市',3,0),(2162,258,'回民区',3,0),(2163,258,'玉泉区',3,0),(2164,258,'新城区',3,0),(2165,258,'赛罕区',3,0),(2166,258,'清水河县',3,0),(2167,258,'土默特左旗',3,0),(2168,258,'托克托县',3,0),(2169,258,'和林格尔县',3,0),(2170,258,'武川县',3,0),(2171,259,'阿拉善左旗',3,0),(2172,259,'阿拉善右旗',3,0),(2173,259,'额济纳旗',3,0),(2174,260,'临河区',3,0),(2175,260,'五原县',3,0),(2176,260,'磴口县',3,0),(2177,260,'乌拉特前旗',3,0),(2178,260,'乌拉特中旗',3,0),(2179,260,'乌拉特后旗',3,0),(2180,260,'杭锦后旗',3,0),(2181,261,'昆都仑区',3,0),(2182,261,'青山区',3,0),(2183,261,'东河区',3,0),(2184,261,'九原区',3,0),(2185,261,'石拐区',3,0),(2186,261,'白云矿区',3,0),(2187,261,'土默特右旗',3,0),(2188,261,'固阳县',3,0),(2189,261,'达尔罕茂明安联合旗',3,0),(2190,262,'红山区',3,0),(2191,262,'元宝山区',3,0),(2192,262,'松山区',3,0),(2193,262,'阿鲁科尔沁旗',3,0),(2194,262,'巴林左旗',3,0),(2195,262,'巴林右旗',3,0),(2196,262,'林西县',3,0),(2197,262,'克什克腾旗',3,0),(2198,262,'翁牛特旗',3,0),(2199,262,'喀喇沁旗',3,0),(2200,262,'宁城县',3,0),(2201,262,'敖汉旗',3,0),(2202,263,'东胜区',3,0),(2203,263,'达拉特旗',3,0),(2204,263,'准格尔旗',3,0),(2205,263,'鄂托克前旗',3,0),(2206,263,'鄂托克旗',3,0),(2207,263,'杭锦旗',3,0),(2208,263,'乌审旗',3,0),(2209,263,'伊金霍洛旗',3,0),(2210,264,'海拉尔区',3,0),(2211,264,'莫力达瓦',3,0),(2212,264,'满洲里市',3,0),(2213,264,'牙克石市',3,0),(2214,264,'扎兰屯市',3,0),(2215,264,'额尔古纳市',3,0),(2216,264,'根河市',3,0),(2217,264,'阿荣旗',3,0),(2218,264,'鄂伦春自治旗',3,0),(2219,264,'鄂温克族自治旗',3,0),(2220,264,'陈巴尔虎旗',3,0),(2221,264,'新巴尔虎左旗',3,0),(2222,264,'新巴尔虎右旗',3,0),(2223,265,'科尔沁区',3,0),(2224,265,'霍林郭勒市',3,0),(2225,265,'科尔沁左翼中旗',3,0),(2226,265,'科尔沁左翼后旗',3,0),(2227,265,'开鲁县',3,0),(2228,265,'库伦旗',3,0),(2229,265,'奈曼旗',3,0),(2230,265,'扎鲁特旗',3,0),(2231,266,'海勃湾区',3,0),(2232,266,'乌达区',3,0),(2233,266,'海南区',3,0),(2234,267,'化德县',3,0),(2235,267,'集宁区',3,0),(2236,267,'丰镇市',3,0),(2237,267,'卓资县',3,0),(2238,267,'商都县',3,0),(2239,267,'兴和县',3,0),(2240,267,'凉城县',3,0),(2241,267,'察哈尔右翼前旗',3,0),(2242,267,'察哈尔右翼中旗',3,0),(2243,267,'察哈尔右翼后旗',3,0),(2244,267,'四子王旗',3,0),(2245,268,'二连浩特市',3,0),(2246,268,'锡林浩特市',3,0),(2247,268,'阿巴嘎旗',3,0),(2248,268,'苏尼特左旗',3,0),(2249,268,'苏尼特右旗',3,0),(2250,268,'东乌珠穆沁旗',3,0),(2251,268,'西乌珠穆沁旗',3,0),(2252,268,'太仆寺旗',3,0),(2253,268,'镶黄旗',3,0),(2254,268,'正镶白旗',3,0),(2255,268,'正蓝旗',3,0),(2256,268,'多伦县',3,0),(2257,269,'乌兰浩特市',3,0),(2258,269,'阿尔山市',3,0),(2259,269,'科尔沁右翼前旗',3,0),(2260,269,'科尔沁右翼中旗',3,0),(2261,269,'扎赉特旗',3,0),(2262,269,'突泉县',3,0),(2263,270,'西夏区',3,0),(2264,270,'金凤区',3,0),(2265,270,'兴庆区',3,0),(2266,270,'灵武市',3,0),(2267,270,'永宁县',3,0),(2268,270,'贺兰县',3,0),(2269,271,'原州区',3,0),(2270,271,'海原县',3,0),(2271,271,'西吉县',3,0),(2272,271,'隆德县',3,0),(2273,271,'泾源县',3,0),(2274,271,'彭阳县',3,0),(2275,272,'惠农县',3,0),(2276,272,'大武口区',3,0),(2277,272,'惠农区',3,0),(2278,272,'陶乐县',3,0),(2279,272,'平罗县',3,0),(2280,273,'利通区',3,0),(2281,273,'中卫县',3,0),(2282,273,'青铜峡市',3,0),(2283,273,'中宁县',3,0),(2284,273,'盐池县',3,0),(2285,273,'同心县',3,0),(2286,274,'沙坡头区',3,0),(2287,274,'海原县',3,0),(2288,274,'中宁县',3,0),(2289,275,'城中区',3,0),(2290,275,'城东区',3,0),(2291,275,'城西区',3,0),(2292,275,'城北区',3,0),(2293,275,'湟中县',3,0),(2294,275,'湟源县',3,0),(2295,275,'大通',3,0),(2296,276,'玛沁县',3,0),(2297,276,'班玛县',3,0),(2298,276,'甘德县',3,0),(2299,276,'达日县',3,0),(2300,276,'久治县',3,0),(2301,276,'玛多县',3,0),(2302,277,'海晏县',3,0),(2303,277,'祁连县',3,0),(2304,277,'刚察县',3,0),(2305,277,'门源',3,0),(2306,278,'平安县',3,0),(2307,278,'乐都县',3,0),(2308,278,'民和',3,0),(2309,278,'互助',3,0),(2310,278,'化隆',3,0),(2311,278,'循化',3,0),(2312,279,'共和县',3,0),(2313,279,'同德县',3,0),(2314,279,'贵德县',3,0),(2315,279,'兴海县',3,0),(2316,279,'贵南县',3,0),(2317,280,'德令哈市',3,0),(2318,280,'格尔木市',3,0),(2319,280,'乌兰县',3,0),(2320,280,'都兰县',3,0),(2321,280,'天峻县',3,0),(2322,281,'同仁县',3,0),(2323,281,'尖扎县',3,0),(2324,281,'泽库县',3,0),(2325,281,'河南蒙古族自治县',3,0),(2326,282,'玉树县',3,0),(2327,282,'杂多县',3,0),(2328,282,'称多县',3,0),(2329,282,'治多县',3,0),(2330,282,'囊谦县',3,0),(2331,282,'曲麻莱县',3,0),(2332,283,'市中区',3,0),(2333,283,'历下区',3,0),(2334,283,'天桥区',3,0),(2335,283,'槐荫区',3,0),(2336,283,'历城区',3,0),(2337,283,'长清区',3,0),(2338,283,'章丘市',3,0),(2339,283,'平阴县',3,0),(2340,283,'济阳县',3,0),(2341,283,'商河县',3,0),(2342,284,'市南区',3,0),(2343,284,'市北区',3,0),(2344,284,'城阳区',3,0),(2345,284,'四方区',3,0),(2346,284,'李沧区',3,0),(2347,284,'黄岛区',3,0),(2348,284,'崂山区',3,0),(2349,284,'胶州市',3,0),(2350,284,'即墨市',3,0),(2351,284,'平度市',3,0),(2352,284,'胶南市',3,0),(2353,284,'莱西市',3,0),(2354,285,'滨城区',3,0),(2355,285,'惠民县',3,0),(2356,285,'阳信县',3,0),(2357,285,'无棣县',3,0),(2358,285,'沾化县',3,0),(2359,285,'博兴县',3,0),(2360,285,'邹平县',3,0),(2361,286,'德城区',3,0),(2362,286,'陵县',3,0),(2363,286,'乐陵市',3,0),(2364,286,'禹城市',3,0),(2365,286,'宁津县',3,0),(2366,286,'庆云县',3,0),(2367,286,'临邑县',3,0),(2368,286,'齐河县',3,0),(2369,286,'平原县',3,0),(2370,286,'夏津县',3,0),(2371,286,'武城县',3,0),(2372,287,'东营区',3,0),(2373,287,'河口区',3,0),(2374,287,'垦利县',3,0),(2375,287,'利津县',3,0),(2376,287,'广饶县',3,0),(2377,288,'牡丹区',3,0),(2378,288,'曹县',3,0),(2379,288,'单县',3,0),(2380,288,'成武县',3,0),(2381,288,'巨野县',3,0),(2382,288,'郓城县',3,0),(2383,288,'鄄城县',3,0),(2384,288,'定陶县',3,0),(2385,288,'东明县',3,0),(2386,289,'市中区',3,0),(2387,289,'任城区',3,0),(2388,289,'曲阜市',3,0),(2389,289,'兖州市',3,0),(2390,289,'邹城市',3,0),(2391,289,'微山县',3,0),(2392,289,'鱼台县',3,0),(2393,289,'金乡县',3,0),(2394,289,'嘉祥县',3,0),(2395,289,'汶上县',3,0),(2396,289,'泗水县',3,0),(2397,289,'梁山县',3,0),(2398,290,'莱城区',3,0),(2399,290,'钢城区',3,0),(2400,291,'东昌府区',3,0),(2401,291,'临清市',3,0),(2402,291,'阳谷县',3,0),(2403,291,'莘县',3,0),(2404,291,'茌平县',3,0),(2405,291,'东阿县',3,0),(2406,291,'冠县',3,0),(2407,291,'高唐县',3,0),(2408,292,'兰山区',3,0),(2409,292,'罗庄区',3,0),(2410,292,'河东区',3,0),(2411,292,'沂南县',3,0),(2412,292,'郯城县',3,0),(2413,292,'沂水县',3,0),(2414,292,'苍山县',3,0),(2415,292,'费县',3,0),(2416,292,'平邑县',3,0),(2417,292,'莒南县',3,0),(2418,292,'蒙阴县',3,0),(2419,292,'临沭县',3,0),(2420,293,'东港区',3,0),(2421,293,'岚山区',3,0),(2422,293,'五莲县',3,0),(2423,293,'莒县',3,0),(2424,294,'泰山区',3,0),(2425,294,'岱岳区',3,0),(2426,294,'新泰市',3,0),(2427,294,'肥城市',3,0),(2428,294,'宁阳县',3,0),(2429,294,'东平县',3,0),(2430,295,'荣成市',3,0),(2431,295,'乳山市',3,0),(2432,295,'环翠区',3,0),(2433,295,'文登市',3,0),(2434,296,'潍城区',3,0),(2435,296,'寒亭区',3,0),(2436,296,'坊子区',3,0),(2437,296,'奎文区',3,0),(2438,296,'青州市',3,0),(2439,296,'诸城市',3,0),(2440,296,'寿光市',3,0),(2441,296,'安丘市',3,0),(2442,296,'高密市',3,0),(2443,296,'昌邑市',3,0),(2444,296,'临朐县',3,0),(2445,296,'昌乐县',3,0),(2446,297,'芝罘区',3,0),(2447,297,'福山区',3,0),(2448,297,'牟平区',3,0),(2449,297,'莱山区',3,0),(2450,297,'开发区',3,0),(2451,297,'龙口市',3,0),(2452,297,'莱阳市',3,0),(2453,297,'莱州市',3,0),(2454,297,'蓬莱市',3,0),(2455,297,'招远市',3,0),(2456,297,'栖霞市',3,0),(2457,297,'海阳市',3,0),(2458,297,'长岛县',3,0),(2459,298,'市中区',3,0),(2460,298,'山亭区',3,0),(2461,298,'峄城区',3,0),(2462,298,'台儿庄区',3,0),(2463,298,'薛城区',3,0),(2464,298,'滕州市',3,0),(2465,299,'张店区',3,0),(2466,299,'临淄区',3,0),(2467,299,'淄川区',3,0),(2468,299,'博山区',3,0),(2469,299,'周村区',3,0),(2470,299,'桓台县',3,0),(2471,299,'高青县',3,0),(2472,299,'沂源县',3,0),(2473,300,'杏花岭区',3,0),(2474,300,'小店区',3,0),(2475,300,'迎泽区',3,0),(2476,300,'尖草坪区',3,0),(2477,300,'万柏林区',3,0),(2478,300,'晋源区',3,0),(2479,300,'高新开发区',3,0),(2480,300,'民营经济开发区',3,0),(2481,300,'经济技术开发区',3,0),(2482,300,'清徐县',3,0),(2483,300,'阳曲县',3,0),(2484,300,'娄烦县',3,0),(2485,300,'古交市',3,0),(2486,301,'城区',3,0),(2487,301,'郊区',3,0),(2488,301,'沁县',3,0),(2489,301,'潞城市',3,0),(2490,301,'长治县',3,0),(2491,301,'襄垣县',3,0),(2492,301,'屯留县',3,0),(2493,301,'平顺县',3,0),(2494,301,'黎城县',3,0),(2495,301,'壶关县',3,0),(2496,301,'长子县',3,0),(2497,301,'武乡县',3,0),(2498,301,'沁源县',3,0),(2499,302,'城区',3,0),(2500,302,'矿区',3,0),(2501,302,'南郊区',3,0),(2502,302,'新荣区',3,0),(2503,302,'阳高县',3,0),(2504,302,'天镇县',3,0),(2505,302,'广灵县',3,0),(2506,302,'灵丘县',3,0),(2507,302,'浑源县',3,0),(2508,302,'左云县',3,0),(2509,302,'大同县',3,0),(2510,303,'城区',3,0),(2511,303,'高平市',3,0),(2512,303,'沁水县',3,0),(2513,303,'阳城县',3,0),(2514,303,'陵川县',3,0),(2515,303,'泽州县',3,0),(2516,304,'榆次区',3,0),(2517,304,'介休市',3,0),(2518,304,'榆社县',3,0),(2519,304,'左权县',3,0),(2520,304,'和顺县',3,0),(2521,304,'昔阳县',3,0),(2522,304,'寿阳县',3,0),(2523,304,'太谷县',3,0),(2524,304,'祁县',3,0),(2525,304,'平遥县',3,0),(2526,304,'灵石县',3,0),(2527,305,'尧都区',3,0),(2528,305,'侯马市',3,0),(2529,305,'霍州市',3,0),(2530,305,'曲沃县',3,0),(2531,305,'翼城县',3,0),(2532,305,'襄汾县',3,0),(2533,305,'洪洞县',3,0),(2534,305,'吉县',3,0),(2535,305,'安泽县',3,0),(2536,305,'浮山县',3,0),(2537,305,'古县',3,0),(2538,305,'乡宁县',3,0),(2539,305,'大宁县',3,0),(2540,305,'隰县',3,0),(2541,305,'永和县',3,0),(2542,305,'蒲县',3,0),(2543,305,'汾西县',3,0),(2544,306,'离石市',3,0),(2545,306,'离石区',3,0),(2546,306,'孝义市',3,0),(2547,306,'汾阳市',3,0),(2548,306,'文水县',3,0),(2549,306,'交城县',3,0),(2550,306,'兴县',3,0),(2551,306,'临县',3,0),(2552,306,'柳林县',3,0),(2553,306,'石楼县',3,0),(2554,306,'岚县',3,0),(2555,306,'方山县',3,0),(2556,306,'中阳县',3,0),(2557,306,'交口县',3,0),(2558,307,'朔城区',3,0),(2559,307,'平鲁区',3,0),(2560,307,'山阴县',3,0),(2561,307,'应县',3,0),(2562,307,'右玉县',3,0),(2563,307,'怀仁县',3,0),(2564,308,'忻府区',3,0),(2565,308,'原平市',3,0),(2566,308,'定襄县',3,0),(2567,308,'五台县',3,0),(2568,308,'代县',3,0),(2569,308,'繁峙县',3,0),(2570,308,'宁武县',3,0),(2571,308,'静乐县',3,0),(2572,308,'神池县',3,0),(2573,308,'五寨县',3,0),(2574,308,'岢岚县',3,0),(2575,308,'河曲县',3,0),(2576,308,'保德县',3,0),(2577,308,'偏关县',3,0),(2578,309,'城区',3,0),(2579,309,'矿区',3,0),(2580,309,'郊区',3,0),(2581,309,'平定县',3,0),(2582,309,'盂县',3,0),(2583,310,'盐湖区',3,0),(2584,310,'永济市',3,0),(2585,310,'河津市',3,0),(2586,310,'临猗县',3,0),(2587,310,'万荣县',3,0),(2588,310,'闻喜县',3,0),(2589,310,'稷山县',3,0),(2590,310,'新绛县',3,0),(2591,310,'绛县',3,0),(2592,310,'垣曲县',3,0),(2593,310,'夏县',3,0),(2594,310,'平陆县',3,0),(2595,310,'芮城县',3,0),(2596,311,'莲湖区',3,0),(2597,311,'新城区',3,0),(2598,311,'碑林区',3,0),(2599,311,'雁塔区',3,0),(2600,311,'灞桥区',3,0),(2601,311,'未央区',3,0),(2602,311,'阎良区',3,0),(2603,311,'临潼区',3,0),(2604,311,'长安区',3,0),(2605,311,'蓝田县',3,0),(2606,311,'周至县',3,0),(2607,311,'户县',3,0),(2608,311,'高陵县',3,0),(2609,312,'汉滨区',3,0),(2610,312,'汉阴县',3,0),(2611,312,'石泉县',3,0),(2612,312,'宁陕县',3,0),(2613,312,'紫阳县',3,0),(2614,312,'岚皋县',3,0),(2615,312,'平利县',3,0),(2616,312,'镇坪县',3,0),(2617,312,'旬阳县',3,0),(2618,312,'白河县',3,0),(2619,313,'陈仓区',3,0),(2620,313,'渭滨区',3,0),(2621,313,'金台区',3,0),(2622,313,'凤翔县',3,0),(2623,313,'岐山县',3,0),(2624,313,'扶风县',3,0),(2625,313,'眉县',3,0),(2626,313,'陇县',3,0),(2627,313,'千阳县',3,0),(2628,313,'麟游县',3,0),(2629,313,'凤县',3,0),(2630,313,'太白县',3,0),(2631,314,'汉台区',3,0),(2632,314,'南郑县',3,0),(2633,314,'城固县',3,0),(2634,314,'洋县',3,0),(2635,314,'西乡县',3,0),(2636,314,'勉县',3,0),(2637,314,'宁强县',3,0),(2638,314,'略阳县',3,0),(2639,314,'镇巴县',3,0),(2640,314,'留坝县',3,0),(2641,314,'佛坪县',3,0),(2642,315,'商州区',3,0),(2643,315,'洛南县',3,0),(2644,315,'丹凤县',3,0),(2645,315,'商南县',3,0),(2646,315,'山阳县',3,0),(2647,315,'镇安县',3,0),(2648,315,'柞水县',3,0),(2649,316,'耀州区',3,0),(2650,316,'王益区',3,0),(2651,316,'印台区',3,0),(2652,316,'宜君县',3,0),(2653,317,'临渭区',3,0),(2654,317,'韩城市',3,0),(2655,317,'华阴市',3,0),(2656,317,'华县',3,0),(2657,317,'潼关县',3,0),(2658,317,'大荔县',3,0),(2659,317,'合阳县',3,0),(2660,317,'澄城县',3,0),(2661,317,'蒲城县',3,0),(2662,317,'白水县',3,0),(2663,317,'富平县',3,0),(2664,318,'秦都区',3,0),(2665,318,'渭城区',3,0),(2666,318,'杨陵区',3,0),(2667,318,'兴平市',3,0),(2668,318,'三原县',3,0),(2669,318,'泾阳县',3,0),(2670,318,'乾县',3,0),(2671,318,'礼泉县',3,0),(2672,318,'永寿县',3,0),(2673,318,'彬县',3,0),(2674,318,'长武县',3,0),(2675,318,'旬邑县',3,0),(2676,318,'淳化县',3,0),(2677,318,'武功县',3,0),(2678,319,'吴起县',3,0),(2679,319,'宝塔区',3,0),(2680,319,'延长县',3,0),(2681,319,'延川县',3,0),(2682,319,'子长县',3,0),(2683,319,'安塞县',3,0),(2684,319,'志丹县',3,0),(2685,319,'甘泉县',3,0),(2686,319,'富县',3,0),(2687,319,'洛川县',3,0),(2688,319,'宜川县',3,0),(2689,319,'黄龙县',3,0),(2690,319,'黄陵县',3,0),(2691,320,'榆阳区',3,0),(2692,320,'神木县',3,0),(2693,320,'府谷县',3,0),(2694,320,'横山县',3,0),(2695,320,'靖边县',3,0),(2696,320,'定边县',3,0),(2697,320,'绥德县',3,0),(2698,320,'米脂县',3,0),(2699,320,'佳县',3,0),(2700,320,'吴堡县',3,0),(2701,320,'清涧县',3,0),(2702,320,'子洲县',3,0),(2703,321,'长宁区',3,0),(2704,321,'闸北区',3,0),(2705,321,'闵行区',3,0),(2706,321,'徐汇区',3,0),(2707,321,'浦东新区',3,0),(2708,321,'杨浦区',3,0),(2709,321,'普陀区',3,0),(2710,321,'静安区',3,0),(2711,321,'卢湾区',3,0),(2712,321,'虹口区',3,0),(2713,321,'黄浦区',3,0),(2714,321,'南汇区',3,0),(2715,321,'松江区',3,0),(2716,321,'嘉定区',3,0),(2717,321,'宝山区',3,0),(2718,321,'青浦区',3,0),(2719,321,'金山区',3,0),(2720,321,'奉贤区',3,0),(2721,321,'崇明县',3,0),(2722,322,'青羊区',3,0),(2723,322,'锦江区',3,0),(2724,322,'金牛区',3,0),(2725,322,'武侯区',3,0),(2726,322,'成华区',3,0),(2727,322,'龙泉驿区',3,0),(2728,322,'青白江区',3,0),(2729,322,'新都区',3,0),(2730,322,'温江区',3,0),(2731,322,'高新区',3,0),(2732,322,'高新西区',3,0),(2733,322,'都江堰市',3,0),(2734,322,'彭州市',3,0),(2735,322,'邛崃市',3,0),(2736,322,'崇州市',3,0),(2737,322,'金堂县',3,0),(2738,322,'双流县',3,0),(2739,322,'郫县',3,0),(2740,322,'大邑县',3,0),(2741,322,'蒲江县',3,0),(2742,322,'新津县',3,0),(2743,322,'都江堰市',3,0),(2744,322,'彭州市',3,0),(2745,322,'邛崃市',3,0),(2746,322,'崇州市',3,0),(2747,322,'金堂县',3,0),(2748,322,'双流县',3,0),(2749,322,'郫县',3,0),(2750,322,'大邑县',3,0),(2751,322,'蒲江县',3,0),(2752,322,'新津县',3,0),(2753,323,'涪城区',3,0),(2754,323,'游仙区',3,0),(2755,323,'江油市',3,0),(2756,323,'盐亭县',3,0),(2757,323,'三台县',3,0),(2758,323,'平武县',3,0),(2759,323,'安县',3,0),(2760,323,'梓潼县',3,0),(2761,323,'北川县',3,0),(2762,324,'马尔康县',3,0),(2763,324,'汶川县',3,0),(2764,324,'理县',3,0),(2765,324,'茂县',3,0),(2766,324,'松潘县',3,0),(2767,324,'九寨沟县',3,0),(2768,324,'金川县',3,0),(2769,324,'小金县',3,0),(2770,324,'黑水县',3,0),(2771,324,'壤塘县',3,0),(2772,324,'阿坝县',3,0),(2773,324,'若尔盖县',3,0),(2774,324,'红原县',3,0),(2775,325,'巴州区',3,0),(2776,325,'通江县',3,0),(2777,325,'南江县',3,0),(2778,325,'平昌县',3,0),(2779,326,'通川区',3,0),(2780,326,'万源市',3,0),(2781,326,'达县',3,0),(2782,326,'宣汉县',3,0),(2783,326,'开江县',3,0),(2784,326,'大竹县',3,0),(2785,326,'渠县',3,0),(2786,327,'旌阳区',3,0),(2787,327,'广汉市',3,0),(2788,327,'什邡市',3,0),(2789,327,'绵竹市',3,0),(2790,327,'罗江县',3,0),(2791,327,'中江县',3,0),(2792,328,'康定县',3,0),(2793,328,'丹巴县',3,0),(2794,328,'泸定县',3,0),(2795,328,'炉霍县',3,0),(2796,328,'九龙县',3,0),(2797,328,'甘孜县',3,0),(2798,328,'雅江县',3,0),(2799,328,'新龙县',3,0),(2800,328,'道孚县',3,0),(2801,328,'白玉县',3,0),(2802,328,'理塘县',3,0),(2803,328,'德格县',3,0),(2804,328,'乡城县',3,0),(2805,328,'石渠县',3,0),(2806,328,'稻城县',3,0),(2807,328,'色达县',3,0),(2808,328,'巴塘县',3,0),(2809,328,'得荣县',3,0),(2810,329,'广安区',3,0),(2811,329,'华蓥市',3,0),(2812,329,'岳池县',3,0),(2813,329,'武胜县',3,0),(2814,329,'邻水县',3,0),(2815,330,'利州区',3,0),(2816,330,'元坝区',3,0),(2817,330,'朝天区',3,0),(2818,330,'旺苍县',3,0),(2819,330,'青川县',3,0),(2820,330,'剑阁县',3,0),(2821,330,'苍溪县',3,0),(2822,331,'峨眉山市',3,0),(2823,331,'乐山市',3,0),(2824,331,'犍为县',3,0),(2825,331,'井研县',3,0),(2826,331,'夹江县',3,0),(2827,331,'沐川县',3,0),(2828,331,'峨边',3,0),(2829,331,'马边',3,0),(2830,332,'西昌市',3,0),(2831,332,'盐源县',3,0),(2832,332,'德昌县',3,0),(2833,332,'会理县',3,0),(2834,332,'会东县',3,0),(2835,332,'宁南县',3,0),(2836,332,'普格县',3,0),(2837,332,'布拖县',3,0),(2838,332,'金阳县',3,0),(2839,332,'昭觉县',3,0),(2840,332,'喜德县',3,0),(2841,332,'冕宁县',3,0),(2842,332,'越西县',3,0),(2843,332,'甘洛县',3,0),(2844,332,'美姑县',3,0),(2845,332,'雷波县',3,0),(2846,332,'木里',3,0),(2847,333,'东坡区',3,0),(2848,333,'仁寿县',3,0),(2849,333,'彭山县',3,0),(2850,333,'洪雅县',3,0),(2851,333,'丹棱县',3,0),(2852,333,'青神县',3,0),(2853,334,'阆中市',3,0),(2854,334,'南部县',3,0),(2855,334,'营山县',3,0),(2856,334,'蓬安县',3,0),(2857,334,'仪陇县',3,0),(2858,334,'顺庆区',3,0),(2859,334,'高坪区',3,0),(2860,334,'嘉陵区',3,0),(2861,334,'西充县',3,0),(2862,335,'市中区',3,0),(2863,335,'东兴区',3,0),(2864,335,'威远县',3,0),(2865,335,'资中县',3,0),(2866,335,'隆昌县',3,0),(2867,336,'东  区',3,0),(2868,336,'西  区',3,0),(2869,336,'仁和区',3,0),(2870,336,'米易县',3,0),(2871,336,'盐边县',3,0),(2872,337,'船山区',3,0),(2873,337,'安居区',3,0),(2874,337,'蓬溪县',3,0),(2875,337,'射洪县',3,0),(2876,337,'大英县',3,0),(2877,338,'雨城区',3,0),(2878,338,'名山县',3,0),(2879,338,'荥经县',3,0),(2880,338,'汉源县',3,0),(2881,338,'石棉县',3,0),(2882,338,'天全县',3,0),(2883,338,'芦山县',3,0),(2884,338,'宝兴县',3,0),(2885,339,'翠屏区',3,0),(2886,339,'宜宾县',3,0),(2887,339,'南溪县',3,0),(2888,339,'江安县',3,0),(2889,339,'长宁县',3,0),(2890,339,'高县',3,0),(2891,339,'珙县',3,0),(2892,339,'筠连县',3,0),(2893,339,'兴文县',3,0),(2894,339,'屏山县',3,0),(2895,340,'雁江区',3,0),(2896,340,'简阳市',3,0),(2897,340,'安岳县',3,0),(2898,340,'乐至县',3,0),(2899,341,'大安区',3,0),(2900,341,'自流井区',3,0),(2901,341,'贡井区',3,0),(2902,341,'沿滩区',3,0),(2903,341,'荣县',3,0),(2904,341,'富顺县',3,0),(2905,342,'江阳区',3,0),(2906,342,'纳溪区',3,0),(2907,342,'龙马潭区',3,0),(2908,342,'泸县',3,0),(2909,342,'合江县',3,0),(2910,342,'叙永县',3,0),(2911,342,'古蔺县',3,0),(2912,343,'和平区',3,0),(2913,343,'河西区',3,0),(2914,343,'南开区',3,0),(2915,343,'河北区',3,0),(2916,343,'河东区',3,0),(2917,343,'红桥区',3,0),(2918,343,'东丽区',3,0),(2919,343,'津南区',3,0),(2920,343,'西青区',3,0),(2921,343,'北辰区',3,0),(2922,343,'塘沽区',3,0),(2923,343,'汉沽区',3,0),(2924,343,'大港区',3,0),(2925,343,'武清区',3,0),(2926,343,'宝坻区',3,0),(2927,343,'经济开发区',3,0),(2928,343,'宁河县',3,0),(2929,343,'静海县',3,0),(2930,343,'蓟县',3,0),(2931,344,'城关区',3,0),(2932,344,'林周县',3,0),(2933,344,'当雄县',3,0),(2934,344,'尼木县',3,0),(2935,344,'曲水县',3,0),(2936,344,'堆龙德庆县',3,0),(2937,344,'达孜县',3,0),(2938,344,'墨竹工卡县',3,0),(2939,345,'噶尔县',3,0),(2940,345,'普兰县',3,0),(2941,345,'札达县',3,0),(2942,345,'日土县',3,0),(2943,345,'革吉县',3,0),(2944,345,'改则县',3,0),(2945,345,'措勤县',3,0),(2946,346,'昌都县',3,0),(2947,346,'江达县',3,0),(2948,346,'贡觉县',3,0),(2949,346,'类乌齐县',3,0),(2950,346,'丁青县',3,0),(2951,346,'察雅县',3,0),(2952,346,'八宿县',3,0),(2953,346,'左贡县',3,0),(2954,346,'芒康县',3,0),(2955,346,'洛隆县',3,0),(2956,346,'边坝县',3,0),(2957,347,'林芝县',3,0),(2958,347,'工布江达县',3,0),(2959,347,'米林县',3,0),(2960,347,'墨脱县',3,0),(2961,347,'波密县',3,0),(2962,347,'察隅县',3,0),(2963,347,'朗县',3,0),(2964,348,'那曲县',3,0),(2965,348,'嘉黎县',3,0),(2966,348,'比如县',3,0),(2967,348,'聂荣县',3,0),(2968,348,'安多县',3,0),(2969,348,'申扎县',3,0),(2970,348,'索县',3,0),(2971,348,'班戈县',3,0),(2972,348,'巴青县',3,0),(2973,348,'尼玛县',3,0),(2974,349,'日喀则市',3,0),(2975,349,'南木林县',3,0),(2976,349,'江孜县',3,0),(2977,349,'定日县',3,0),(2978,349,'萨迦县',3,0),(2979,349,'拉孜县',3,0),(2980,349,'昂仁县',3,0),(2981,349,'谢通门县',3,0),(2982,349,'白朗县',3,0),(2983,349,'仁布县',3,0),(2984,349,'康马县',3,0),(2985,349,'定结县',3,0),(2986,349,'仲巴县',3,0),(2987,349,'亚东县',3,0),(2988,349,'吉隆县',3,0),(2989,349,'聂拉木县',3,0),(2990,349,'萨嘎县',3,0),(2991,349,'岗巴县',3,0),(2992,350,'乃东县',3,0),(2993,350,'扎囊县',3,0),(2994,350,'贡嘎县',3,0),(2995,350,'桑日县',3,0),(2996,350,'琼结县',3,0),(2997,350,'曲松县',3,0),(2998,350,'措美县',3,0),(2999,350,'洛扎县',3,0),(3000,350,'加查县',3,0),(3001,350,'隆子县',3,0),(3002,350,'错那县',3,0),(3003,350,'浪卡子县',3,0),(3004,351,'天山区',3,0),(3005,351,'沙依巴克区',3,0),(3006,351,'新市区',3,0),(3007,351,'水磨沟区',3,0),(3008,351,'头屯河区',3,0),(3009,351,'达坂城区',3,0),(3010,351,'米东区',3,0),(3011,351,'乌鲁木齐县',3,0),(3012,352,'阿克苏市',3,0),(3013,352,'温宿县',3,0),(3014,352,'库车县',3,0),(3015,352,'沙雅县',3,0),(3016,352,'新和县',3,0),(3017,352,'拜城县',3,0),(3018,352,'乌什县',3,0),(3019,352,'阿瓦提县',3,0),(3020,352,'柯坪县',3,0),(3021,353,'阿拉尔市',3,0),(3022,354,'库尔勒市',3,0),(3023,354,'轮台县',3,0),(3024,354,'尉犁县',3,0),(3025,354,'若羌县',3,0),(3026,354,'且末县',3,0),(3027,354,'焉耆',3,0),(3028,354,'和静县',3,0),(3029,354,'和硕县',3,0),(3030,354,'博湖县',3,0),(3031,355,'博乐市',3,0),(3032,355,'精河县',3,0),(3033,355,'温泉县',3,0),(3034,356,'呼图壁县',3,0),(3035,356,'米泉市',3,0),(3036,356,'昌吉市',3,0),(3037,356,'阜康市',3,0),(3038,356,'玛纳斯县',3,0),(3039,356,'奇台县',3,0),(3040,356,'吉木萨尔县',3,0),(3041,356,'木垒',3,0),(3042,357,'哈密市',3,0),(3043,357,'伊吾县',3,0),(3044,357,'巴里坤',3,0),(3045,358,'和田市',3,0),(3046,358,'和田县',3,0),(3047,358,'墨玉县',3,0),(3048,358,'皮山县',3,0),(3049,358,'洛浦县',3,0),(3050,358,'策勒县',3,0),(3051,358,'于田县',3,0),(3052,358,'民丰县',3,0),(3053,359,'喀什市',3,0),(3054,359,'疏附县',3,0),(3055,359,'疏勒县',3,0),(3056,359,'英吉沙县',3,0),(3057,359,'泽普县',3,0),(3058,359,'莎车县',3,0),(3059,359,'叶城县',3,0),(3060,359,'麦盖提县',3,0),(3061,359,'岳普湖县',3,0),(3062,359,'伽师县',3,0),(3063,359,'巴楚县',3,0),(3064,359,'塔什库尔干',3,0),(3065,360,'克拉玛依市',3,0),(3066,361,'阿图什市',3,0),(3067,361,'阿克陶县',3,0),(3068,361,'阿合奇县',3,0),(3069,361,'乌恰县',3,0),(3070,362,'石河子市',3,0),(3071,363,'图木舒克市',3,0),(3072,364,'吐鲁番市',3,0),(3073,364,'鄯善县',3,0),(3074,364,'托克逊县',3,0),(3075,365,'五家渠市',3,0),(3076,366,'阿勒泰市',3,0),(3077,366,'布克赛尔',3,0),(3078,366,'伊宁市',3,0),(3079,366,'布尔津县',3,0),(3080,366,'奎屯市',3,0),(3081,366,'乌苏市',3,0),(3082,366,'额敏县',3,0),(3083,366,'富蕴县',3,0),(3084,366,'伊宁县',3,0),(3085,366,'福海县',3,0),(3086,366,'霍城县',3,0),(3087,366,'沙湾县',3,0),(3088,366,'巩留县',3,0),(3089,366,'哈巴河县',3,0),(3090,366,'托里县',3,0),(3091,366,'青河县',3,0),(3092,366,'新源县',3,0),(3093,366,'裕民县',3,0),(3094,366,'和布克赛尔',3,0),(3095,366,'吉木乃县',3,0),(3096,366,'昭苏县',3,0),(3097,366,'特克斯县',3,0),(3098,366,'尼勒克县',3,0),(3099,366,'察布查尔',3,0),(3100,367,'盘龙区',3,0),(3101,367,'五华区',3,0),(3102,367,'官渡区',3,0),(3103,367,'西山区',3,0),(3104,367,'东川区',3,0),(3105,367,'安宁市',3,0),(3106,367,'呈贡县',3,0),(3107,367,'晋宁县',3,0),(3108,367,'富民县',3,0),(3109,367,'宜良县',3,0),(3110,367,'嵩明县',3,0),(3111,367,'石林县',3,0),(3112,367,'禄劝',3,0),(3113,367,'寻甸',3,0),(3114,368,'兰坪',3,0),(3115,368,'泸水县',3,0),(3116,368,'福贡县',3,0),(3117,368,'贡山',3,0),(3118,369,'宁洱',3,0),(3119,369,'思茅区',3,0),(3120,369,'墨江',3,0),(3121,369,'景东',3,0),(3122,369,'景谷',3,0),(3123,369,'镇沅',3,0),(3124,369,'江城',3,0),(3125,369,'孟连',3,0),(3126,369,'澜沧',3,0),(3127,369,'西盟',3,0),(3128,370,'古城区',3,0),(3129,370,'宁蒗',3,0),(3130,370,'玉龙',3,0),(3131,370,'永胜县',3,0),(3132,370,'华坪县',3,0),(3133,371,'隆阳区',3,0),(3134,371,'施甸县',3,0),(3135,371,'腾冲县',3,0),(3136,371,'龙陵县',3,0),(3137,371,'昌宁县',3,0),(3138,372,'楚雄市',3,0),(3139,372,'双柏县',3,0),(3140,372,'牟定县',3,0),(3141,372,'南华县',3,0),(3142,372,'姚安县',3,0),(3143,372,'大姚县',3,0),(3144,372,'永仁县',3,0),(3145,372,'元谋县',3,0),(3146,372,'武定县',3,0),(3147,372,'禄丰县',3,0),(3148,373,'大理市',3,0),(3149,373,'祥云县',3,0),(3150,373,'宾川县',3,0),(3151,373,'弥渡县',3,0),(3152,373,'永平县',3,0),(3153,373,'云龙县',3,0),(3154,373,'洱源县',3,0),(3155,373,'剑川县',3,0),(3156,373,'鹤庆县',3,0),(3157,373,'漾濞',3,0),(3158,373,'南涧',3,0),(3159,373,'巍山',3,0),(3160,374,'潞西市',3,0),(3161,374,'瑞丽市',3,0),(3162,374,'梁河县',3,0),(3163,374,'盈江县',3,0),(3164,374,'陇川县',3,0),(3165,375,'香格里拉县',3,0),(3166,375,'德钦县',3,0),(3167,375,'维西',3,0),(3168,376,'泸西县',3,0),(3169,376,'蒙自县',3,0),(3170,376,'个旧市',3,0),(3171,376,'开远市',3,0),(3172,376,'绿春县',3,0),(3173,376,'建水县',3,0),(3174,376,'石屏县',3,0),(3175,376,'弥勒县',3,0),(3176,376,'元阳县',3,0),(3177,376,'红河县',3,0),(3178,376,'金平',3,0),(3179,376,'河口',3,0),(3180,376,'屏边',3,0),(3181,377,'临翔区',3,0),(3182,377,'凤庆县',3,0),(3183,377,'云县',3,0),(3184,377,'永德县',3,0),(3185,377,'镇康县',3,0),(3186,377,'双江',3,0),(3187,377,'耿马',3,0),(3188,377,'沧源',3,0),(3189,378,'麒麟区',3,0),(3190,378,'宣威市',3,0),(3191,378,'马龙县',3,0),(3192,378,'陆良县',3,0),(3193,378,'师宗县',3,0),(3194,378,'罗平县',3,0),(3195,378,'富源县',3,0),(3196,378,'会泽县',3,0),(3197,378,'沾益县',3,0),(3198,379,'文山县',3,0),(3199,379,'砚山县',3,0),(3200,379,'西畴县',3,0),(3201,379,'麻栗坡县',3,0),(3202,379,'马关县',3,0),(3203,379,'丘北县',3,0),(3204,379,'广南县',3,0),(3205,379,'富宁县',3,0),(3206,380,'景洪市',3,0),(3207,380,'勐海县',3,0),(3208,380,'勐腊县',3,0),(3209,381,'红塔区',3,0),(3210,381,'江川县',3,0),(3211,381,'澄江县',3,0),(3212,381,'通海县',3,0),(3213,381,'华宁县',3,0),(3214,381,'易门县',3,0),(3215,381,'峨山',3,0),(3216,381,'新平',3,0),(3217,381,'元江',3,0),(3218,382,'昭阳区',3,0),(3219,382,'鲁甸县',3,0),(3220,382,'巧家县',3,0),(3221,382,'盐津县',3,0),(3222,382,'大关县',3,0),(3223,382,'永善县',3,0),(3224,382,'绥江县',3,0),(3225,382,'镇雄县',3,0),(3226,382,'彝良县',3,0),(3227,382,'威信县',3,0),(3228,382,'水富县',3,0),(3229,383,'西湖区',3,0),(3230,383,'上城区',3,0),(3231,383,'下城区',3,0),(3232,383,'拱墅区',3,0),(3233,383,'滨江区',3,0),(3234,383,'江干区',3,0),(3235,383,'萧山区',3,0),(3236,383,'余杭区',3,0),(3237,383,'市郊',3,0),(3238,383,'建德市',3,0),(3239,383,'富阳市',3,0),(3240,383,'临安市',3,0),(3241,383,'桐庐县',3,0),(3242,383,'淳安县',3,0),(3243,384,'吴兴区',3,0),(3244,384,'南浔区',3,0),(3245,384,'德清县',3,0),(3246,384,'长兴县',3,0),(3247,384,'安吉县',3,0),(3248,385,'南湖区',3,0),(3249,385,'秀洲区',3,0),(3250,385,'海宁市',3,0),(3251,385,'嘉善县',3,0),(3252,385,'平湖市',3,0),(3253,385,'桐乡市',3,0),(3254,385,'海盐县',3,0),(3255,386,'婺城区',3,0),(3256,386,'金东区',3,0),(3257,386,'兰溪市',3,0),(3258,386,'市区',3,0),(3259,386,'佛堂镇',3,0),(3260,386,'上溪镇',3,0),(3261,386,'义亭镇',3,0),(3262,386,'大陈镇',3,0),(3263,386,'苏溪镇',3,0),(3264,386,'赤岸镇',3,0),(3265,386,'东阳市',3,0),(3266,386,'永康市',3,0),(3267,386,'武义县',3,0),(3268,386,'浦江县',3,0),(3269,386,'磐安县',3,0),(3270,387,'莲都区',3,0),(3271,387,'龙泉市',3,0),(3272,387,'青田县',3,0),(3273,387,'缙云县',3,0),(3274,387,'遂昌县',3,0),(3275,387,'松阳县',3,0),(3276,387,'云和县',3,0),(3277,387,'庆元县',3,0),(3278,387,'景宁',3,0),(3279,388,'海曙区',3,0),(3280,388,'江东区',3,0),(3281,388,'江北区',3,0),(3282,388,'镇海区',3,0),(3283,388,'北仑区',3,0),(3284,388,'鄞州区',3,0),(3285,388,'余姚市',3,0),(3286,388,'慈溪市',3,0),(3287,388,'奉化市',3,0),(3288,388,'象山县',3,0),(3289,388,'宁海县',3,0),(3290,389,'越城区',3,0),(3291,389,'上虞市',3,0),(3292,389,'嵊州市',3,0),(3293,389,'绍兴县',3,0),(3294,389,'新昌县',3,0),(3295,389,'诸暨市',3,0),(3296,390,'椒江区',3,0),(3297,390,'黄岩区',3,0),(3298,390,'路桥区',3,0),(3299,390,'温岭市',3,0),(3300,390,'临海市',3,0),(3301,390,'玉环县',3,0),(3302,390,'三门县',3,0),(3303,390,'天台县',3,0),(3304,390,'仙居县',3,0),(3305,391,'鹿城区',3,0),(3306,391,'龙湾区',3,0),(3307,391,'瓯海区',3,0),(3308,391,'瑞安市',3,0),(3309,391,'乐清市',3,0),(3310,391,'洞头县',3,0),(3311,391,'永嘉县',3,0),(3312,391,'平阳县',3,0),(3313,391,'苍南县',3,0),(3314,391,'文成县',3,0),(3315,391,'泰顺县',3,0),(3316,392,'定海区',3,0),(3317,392,'普陀区',3,0),(3318,392,'岱山县',3,0),(3319,392,'嵊泗县',3,0),(3320,393,'衢州市',3,0),(3321,393,'江山市',3,0),(3322,393,'常山县',3,0),(3323,393,'开化县',3,0),(3324,393,'龙游县',3,0),(3325,394,'合川区',3,0),(3326,394,'江津区',3,0),(3327,394,'南川区',3,0),(3328,394,'永川区',3,0),(3329,394,'南岸区',3,0),(3330,394,'渝北区',3,0),(3331,394,'万盛区',3,0),(3332,394,'大渡口区',3,0),(3333,394,'万州区',3,0),(3334,394,'北碚区',3,0),(3335,394,'沙坪坝区',3,0),(3336,394,'巴南区',3,0),(3337,394,'涪陵区',3,0),(3338,394,'江北区',3,0),(3339,394,'九龙坡区',3,0),(3340,394,'渝中区',3,0),(3341,394,'黔江开发区',3,0),(3342,394,'长寿区',3,0),(3343,394,'双桥区',3,0),(3344,394,'綦江县',3,0),(3345,394,'潼南县',3,0),(3346,394,'铜梁县',3,0),(3347,394,'大足县',3,0),(3348,394,'荣昌县',3,0),(3349,394,'璧山县',3,0),(3350,394,'垫江县',3,0),(3351,394,'武隆县',3,0),(3352,394,'丰都县',3,0),(3353,394,'城口县',3,0),(3354,394,'梁平县',3,0),(3355,394,'开县',3,0),(3356,394,'巫溪县',3,0),(3357,394,'巫山县',3,0),(3358,394,'奉节县',3,0),(3359,394,'云阳县',3,0),(3360,394,'忠县',3,0),(3361,394,'石柱',3,0),(3362,394,'彭水',3,0),(3363,394,'酉阳',3,0),(3364,394,'秀山',3,0),(3365,395,'沙田区',3,0),(3366,395,'东区',3,0),(3367,395,'观塘区',3,0),(3368,395,'黄大仙区',3,0),(3369,395,'九龙城区',3,0),(3370,395,'屯门区',3,0),(3371,395,'葵青区',3,0),(3372,395,'元朗区',3,0),(3373,395,'深水埗区',3,0),(3374,395,'西贡区',3,0),(3375,395,'大埔区',3,0),(3376,395,'湾仔区',3,0),(3377,395,'油尖旺区',3,0),(3378,395,'北区',3,0),(3379,395,'南区',3,0),(3380,395,'荃湾区',3,0),(3381,395,'中西区',3,0),(3382,395,'离岛区',3,0),(3383,396,'澳门',3,0),(3384,397,'台北',3,0),(3385,397,'高雄',3,0),(3386,397,'基隆',3,0),(3387,397,'台中',3,0),(3388,397,'台南',3,0),(3389,397,'新竹',3,0),(3390,397,'嘉义',3,0),(3391,397,'宜兰县',3,0),(3392,397,'桃园县',3,0),(3393,397,'苗栗县',3,0),(3394,397,'彰化县',3,0),(3395,397,'南投县',3,0),(3396,397,'云林县',3,0),(3397,397,'屏东县',3,0),(3398,397,'台东县',3,0),(3399,397,'花莲县',3,0),(3400,397,'澎湖县',3,0),(3401,3,'合肥',2,0),(3402,3401,'庐阳区',3,0),(3403,3401,'瑶海区',3,0),(3404,3401,'蜀山区',3,0),(3405,3401,'包河区',3,0),(3406,3401,'长丰县',3,0),(3407,3401,'肥东县',3,0),(3408,3401,'肥西县',3,0);
/*!40000 ALTER TABLE `ecs_region` ENABLE KEYS */;
UNLOCK TABLES;

--
-- Table structure for table `ecs_role`
--

DROP TABLE IF EXISTS `ecs_role`;
/*!40101 SET @saved_cs_client     = @@character_set_client */;
/*!40101 SET character_set_client = utf8 */;
CREATE TABLE `ecs_role` (
  `role_id` smallint(5) unsigned NOT NULL AUTO_INCREMENT,
  `role_name` varchar(60) NOT NULL DEFAULT '',
  `action_list` text NOT NULL,
  `role_describe` text,
  PRIMARY KEY (`role_id`),
  KEY `user_name` (`role_name`)
) ENGINE=MyISAM DEFAULT CHARSET=utf8;
/*!40101 SET character_set_client = @saved_cs_client */;

--
-- Dumping data for table `ecs_role`
--

LOCK TABLES `ecs_role` WRITE;
/*!40000 ALTER TABLE `ecs_role` DISABLE KEYS */;
/*!40000 ALTER TABLE `ecs_role` ENABLE KEYS */;
UNLOCK TABLES;

--
-- Table structure for table `ecs_searchengine`
--

DROP TABLE IF EXISTS `ecs_searchengine`;
/*!40101 SET @saved_cs_client     = @@character_set_client */;
/*!40101 SET character_set_client = utf8 */;
CREATE TABLE `ecs_searchengine` (
  `date` date NOT NULL DEFAULT '0000-00-00',
  `searchengine` varchar(20) NOT NULL DEFAULT '',
  `count` mediumint(8) unsigned NOT NULL DEFAULT '0',
  PRIMARY KEY (`date`,`searchengine`)
) ENGINE=MyISAM DEFAULT CHARSET=utf8;
/*!40101 SET character_set_client = @saved_cs_client */;

--
-- Dumping data for table `ecs_searchengine`
--

LOCK TABLES `ecs_searchengine` WRITE;
/*!40000 ALTER TABLE `ecs_searchengine` DISABLE KEYS */;
/*!40000 ALTER TABLE `ecs_searchengine` ENABLE KEYS */;
UNLOCK TABLES;

--
-- Table structure for table `ecs_sessions`
--

DROP TABLE IF EXISTS `ecs_sessions`;
/*!40101 SET @saved_cs_client     = @@character_set_client */;
/*!40101 SET character_set_client = utf8 */;
CREATE TABLE `ecs_sessions` (
  `sesskey` char(32) CHARACTER SET utf8 COLLATE utf8_bin NOT NULL DEFAULT '',
  `expiry` int(10) unsigned NOT NULL DEFAULT '0',
  `userid` mediumint(8) unsigned NOT NULL DEFAULT '0',
  `adminid` mediumint(8) unsigned NOT NULL DEFAULT '0',
  `ip` char(15) NOT NULL DEFAULT '',
  `user_name` varchar(60) NOT NULL,
  `user_rank` tinyint(3) NOT NULL,
  `discount` decimal(3,2) NOT NULL,
  `email` varchar(60) NOT NULL,
  `data` char(255) NOT NULL DEFAULT '',
  PRIMARY KEY (`sesskey`),
  KEY `expiry` (`expiry`)
) ENGINE=MyISAM DEFAULT CHARSET=utf8;
/*!40101 SET character_set_client = @saved_cs_client */;

--
-- Dumping data for table `ecs_sessions`
--

LOCK TABLES `ecs_sessions` WRITE;
/*!40000 ALTER TABLE `ecs_sessions` DISABLE KEYS */;
INSERT INTO `ecs_sessions` VALUES ('0aa19d11e91fb08180174d7079b467fc',1408327152,0,1,'127.0.0.1','admin',0,0.00,'0','a:4:{s:10:\"admin_name\";s:5:\"admin\";s:11:\"action_list\";s:3:\"all\";s:10:\"last_check\";i:1408327152;s:12:\"suppliers_id\";s:1:\"0\";}');
/*!40000 ALTER TABLE `ecs_sessions` ENABLE KEYS */;
UNLOCK TABLES;

--
-- Table structure for table `ecs_sessions_data`
--

DROP TABLE IF EXISTS `ecs_sessions_data`;
/*!40101 SET @saved_cs_client     = @@character_set_client */;
/*!40101 SET character_set_client = utf8 */;
CREATE TABLE `ecs_sessions_data` (
  `sesskey` varchar(32) CHARACTER SET utf8 COLLATE utf8_bin NOT NULL DEFAULT '',
  `expiry` int(10) unsigned NOT NULL DEFAULT '0',
  `data` longtext NOT NULL,
  PRIMARY KEY (`sesskey`),
  KEY `expiry` (`expiry`)
) ENGINE=MyISAM DEFAULT CHARSET=utf8;
/*!40101 SET character_set_client = @saved_cs_client */;

--
-- Dumping data for table `ecs_sessions_data`
--

LOCK TABLES `ecs_sessions_data` WRITE;
/*!40000 ALTER TABLE `ecs_sessions_data` DISABLE KEYS */;
INSERT INTO `ecs_sessions_data` VALUES ('ea33841c3a66043c5f12ff6991eae1c6',4294967295,'a:8:{s:12:\"captcha_word\";s:16:\"ODRmZDY1YWM3NA==\";s:10:\"admin_name\";s:8:\"yaso1983\";s:11:\"action_list\";s:3:\"all\";s:10:\"last_check\";i:1398438275;s:12:\"suppliers_id\";s:1:\"0\";s:11:\"supplier_id\";s:1:\"1\";s:16:\"supplier_user_id\";s:1:\"2\";s:13:\"supplier_name\";s:3:\"vip\";}'),('780206f46ef1b9bc0180187c4a302206',4294967295,'a:8:{s:7:\"from_ad\";i:124;s:7:\"referer\";s:6:\"本站\";s:10:\"login_fail\";i:0;s:9:\"last_time\";s:10:\"1401789919\";s:7:\"last_ip\";s:9:\"127.0.0.1\";s:9:\"flow_type\";i:0;s:10:\"flow_order\";a:12:{s:14:\"extension_code\";s:0:\"\";s:11:\"shipping_id\";i:1;s:6:\"pay_id\";s:1:\"2\";s:7:\"pack_id\";i:0;s:7:\"card_id\";i:0;s:5:\"bonus\";i:0;s:8:\"integral\";i:0;s:7:\"surplus\";i:0;s:8:\"need_inv\";i:0;s:8:\"inv_type\";s:0:\"\";s:9:\"inv_payee\";s:0:\"\";s:11:\"inv_content\";s:0:\"\";}s:14:\"flow_consignee\";a:15:{s:10:\"address_id\";s:1:\"3\";s:12:\"address_name\";s:0:\"\";s:7:\"user_id\";s:1:\"1\";s:9:\"consignee\";s:2:\"ww\";s:5:\"email\";s:13:\"Yasfd@sdf.com\";s:7:\"country\";s:1:\"1\";s:8:\"province\";s:1:\"3\";s:4:\"city\";s:2:\"36\";s:8:\"district\";s:3:\"398\";s:7:\"address\";s:8:\"22222222\";s:7:\"zipcode\";s:0:\"\";s:3:\"tel\";s:8:\"22222222\";s:6:\"mobile\";s:0:\"\";s:13:\"sign_building\";s:0:\"\";s:9:\"best_time\";s:0:\"\";}}'),('79eedd272f2c55716715412e18038e09',2803901760,'a:8:{s:7:\"from_ad\";i:0;s:7:\"referer\";s:6:\"本站\";s:10:\"login_fail\";i:0;s:9:\"last_time\";s:10:\"1401947536\";s:7:\"last_ip\";s:9:\"127.0.0.1\";s:9:\"flow_type\";i:0;s:10:\"flow_order\";a:8:{s:14:\"extension_code\";s:0:\"\";s:11:\"shipping_id\";s:1:\"1\";s:6:\"pay_id\";s:1:\"2\";s:7:\"pack_id\";i:0;s:7:\"card_id\";i:0;s:5:\"bonus\";i:0;s:8:\"integral\";i:0;s:7:\"surplus\";i:0;}s:14:\"flow_consignee\";a:15:{s:10:\"address_id\";s:1:\"3\";s:12:\"address_name\";s:0:\"\";s:7:\"user_id\";s:1:\"1\";s:9:\"consignee\";s:2:\"ww\";s:5:\"email\";s:13:\"Yasfd@sdf.com\";s:7:\"country\";s:1:\"1\";s:8:\"province\";s:1:\"3\";s:4:\"city\";s:2:\"36\";s:8:\"district\";s:3:\"398\";s:7:\"address\";s:8:\"22222222\";s:7:\"zipcode\";s:0:\"\";s:3:\"tel\";s:8:\"22222222\";s:6:\"mobile\";s:0:\"\";s:13:\"sign_building\";s:0:\"\";s:9:\"best_time\";s:0:\"\";}}'),('1f80cdc746c38f6b007853fab0c35879',2803900952,'a:8:{s:7:\"from_ad\";i:0;s:7:\"referer\";s:6:\"本站\";s:10:\"login_fail\";i:0;s:10:\"flow_order\";a:8:{s:14:\"extension_code\";s:0:\"\";s:11:\"shipping_id\";i:1;s:6:\"pay_id\";s:1:\"2\";s:7:\"pack_id\";i:0;s:7:\"card_id\";i:0;s:5:\"bonus\";i:0;s:8:\"integral\";i:0;s:7:\"surplus\";i:0;}s:9:\"last_time\";s:10:\"1401950338\";s:7:\"last_ip\";s:9:\"127.0.0.1\";s:9:\"flow_type\";i:0;s:14:\"flow_consignee\";a:15:{s:10:\"address_id\";s:1:\"3\";s:12:\"address_name\";s:0:\"\";s:7:\"user_id\";s:1:\"1\";s:9:\"consignee\";s:2:\"ww\";s:5:\"email\";s:13:\"Yasfd@sdf.com\";s:7:\"country\";s:1:\"1\";s:8:\"province\";s:1:\"3\";s:4:\"city\";s:2:\"36\";s:8:\"district\";s:3:\"398\";s:7:\"address\";s:8:\"22222222\";s:7:\"zipcode\";s:0:\"\";s:3:\"tel\";s:8:\"22222222\";s:6:\"mobile\";s:0:\"\";s:13:\"sign_building\";s:0:\"\";s:9:\"best_time\";s:0:\"\";}}'),('38bb4c087a5d5a8fd454fe6230fd3ea3',2803903454,'a:8:{s:7:\"from_ad\";i:0;s:7:\"referer\";s:6:\"本站\";s:10:\"login_fail\";i:0;s:9:\"last_time\";s:10:\"1401950434\";s:7:\"last_ip\";s:9:\"127.0.0.1\";s:9:\"flow_type\";i:0;s:10:\"flow_order\";a:8:{s:14:\"extension_code\";s:0:\"\";s:11:\"shipping_id\";i:1;s:6:\"pay_id\";s:1:\"2\";s:7:\"pack_id\";i:0;s:7:\"card_id\";i:0;s:5:\"bonus\";i:0;s:8:\"integral\";i:0;s:7:\"surplus\";i:0;}s:14:\"flow_consignee\";a:15:{s:10:\"address_id\";s:1:\"3\";s:12:\"address_name\";s:0:\"\";s:7:\"user_id\";s:1:\"1\";s:9:\"consignee\";s:2:\"ww\";s:5:\"email\";s:13:\"Yasfd@sdf.com\";s:7:\"country\";s:1:\"1\";s:8:\"province\";s:1:\"3\";s:4:\"city\";s:2:\"36\";s:8:\"district\";s:3:\"398\";s:7:\"address\";s:8:\"22222222\";s:7:\"zipcode\";s:0:\"\";s:3:\"tel\";s:8:\"22222222\";s:6:\"mobile\";s:0:\"\";s:13:\"sign_building\";s:0:\"\";s:9:\"best_time\";s:0:\"\";}}'),('9888b16b1352c85aaa64c6e3cc0552a3',2804209889,'a:8:{s:7:\"from_ad\";i:0;s:7:\"referer\";s:6:\"本站\";s:10:\"login_fail\";i:0;s:12:\"captcha_word\";s:16:\"Njg3NmRiMGVlZQ==\";s:9:\"flow_type\";i:0;s:10:\"flow_order\";a:8:{s:14:\"extension_code\";s:0:\"\";s:11:\"shipping_id\";i:0;s:6:\"pay_id\";i:0;s:7:\"pack_id\";i:0;s:7:\"card_id\";i:0;s:5:\"bonus\";i:0;s:8:\"integral\";i:0;s:7:\"surplus\";i:0;}s:15:\"direct_shopping\";i:1;s:14:\"flow_consignee\";a:13:{s:10:\"address_id\";i:0;s:9:\"consignee\";s:8:\"22222222\";s:7:\"country\";s:1:\"1\";s:8:\"province\";s:1:\"3\";s:4:\"city\";s:2:\"37\";s:8:\"district\";s:3:\"410\";s:5:\"email\";s:10:\"222@qq.com\";s:7:\"address\";s:14:\"22222222222222\";s:7:\"zipcode\";s:2:\"22\";s:3:\"tel\";s:8:\"22222222\";s:6:\"mobile\";s:0:\"\";s:13:\"sign_building\";s:0:\"\";s:9:\"best_time\";s:0:\"\";}}'),('a6107fa4a3383a9ae91f60de3823a0f3',2804210441,'a:9:{s:7:\"from_ad\";i:0;s:7:\"referer\";s:6:\"本站\";s:10:\"login_fail\";i:0;s:9:\"flow_type\";i:0;s:10:\"flow_order\";a:8:{s:14:\"extension_code\";s:0:\"\";s:11:\"shipping_id\";s:1:\"1\";s:6:\"pay_id\";s:1:\"2\";s:7:\"pack_id\";i:0;s:7:\"card_id\";i:0;s:5:\"bonus\";i:0;s:8:\"integral\";i:0;s:7:\"surplus\";i:0;}s:15:\"direct_shopping\";i:1;s:9:\"last_time\";s:10:\"1402020073\";s:7:\"last_ip\";s:9:\"127.0.0.1\";s:14:\"flow_consignee\";a:15:{s:10:\"address_id\";s:1:\"3\";s:12:\"address_name\";s:0:\"\";s:7:\"user_id\";s:1:\"1\";s:9:\"consignee\";s:2:\"ww\";s:5:\"email\";s:13:\"Yasfd@sdf.com\";s:7:\"country\";s:1:\"1\";s:8:\"province\";s:1:\"3\";s:4:\"city\";s:2:\"36\";s:8:\"district\";s:3:\"398\";s:7:\"address\";s:8:\"22222222\";s:7:\"zipcode\";s:0:\"\";s:3:\"tel\";s:8:\"22222222\";s:6:\"mobile\";s:0:\"\";s:13:\"sign_building\";s:0:\"\";s:9:\"best_time\";s:0:\"\";}}'),('d8c4e592560ecf801892c97e19767070',2804212442,'a:8:{s:7:\"from_ad\";i:0;s:7:\"referer\";s:6:\"本站\";s:10:\"login_fail\";i:0;s:9:\"flow_type\";i:0;s:10:\"flow_order\";a:8:{s:14:\"extension_code\";s:0:\"\";s:11:\"shipping_id\";i:1;s:6:\"pay_id\";s:1:\"2\";s:7:\"pack_id\";i:0;s:7:\"card_id\";i:0;s:5:\"bonus\";i:0;s:8:\"integral\";i:0;s:7:\"surplus\";i:0;}s:9:\"last_time\";s:10:\"1402106218\";s:7:\"last_ip\";s:9:\"127.0.0.1\";s:14:\"flow_consignee\";a:15:{s:10:\"address_id\";s:1:\"3\";s:12:\"address_name\";s:0:\"\";s:7:\"user_id\";s:1:\"1\";s:9:\"consignee\";s:2:\"ww\";s:5:\"email\";s:13:\"Yasfd@sdf.com\";s:7:\"country\";s:1:\"1\";s:8:\"province\";s:1:\"3\";s:4:\"city\";s:2:\"36\";s:8:\"district\";s:3:\"398\";s:7:\"address\";s:8:\"22222222\";s:7:\"zipcode\";s:0:\"\";s:3:\"tel\";s:8:\"22222222\";s:6:\"mobile\";s:0:\"\";s:13:\"sign_building\";s:0:\"\";s:9:\"best_time\";s:0:\"\";}}'),('8f88cea8aee4d007f0da6e50ec73a8c3',4294967295,'a:8:{s:7:\"from_ad\";i:0;s:7:\"referer\";s:6:\"本站\";s:10:\"login_fail\";i:0;s:9:\"last_time\";s:10:\"1402108051\";s:7:\"last_ip\";s:9:\"127.0.0.1\";s:9:\"flow_type\";i:0;s:10:\"flow_order\";a:8:{s:14:\"extension_code\";s:0:\"\";s:11:\"shipping_id\";s:1:\"1\";s:6:\"pay_id\";s:1:\"2\";s:7:\"pack_id\";i:0;s:7:\"card_id\";i:0;s:5:\"bonus\";i:0;s:8:\"integral\";i:0;s:7:\"surplus\";i:0;}s:14:\"flow_consignee\";a:15:{s:10:\"address_id\";s:1:\"3\";s:12:\"address_name\";s:0:\"\";s:7:\"user_id\";s:1:\"1\";s:9:\"consignee\";s:2:\"ww\";s:5:\"email\";s:13:\"Yasfd@sdf.com\";s:7:\"country\";s:1:\"1\";s:8:\"province\";s:1:\"3\";s:4:\"city\";s:2:\"36\";s:8:\"district\";s:3:\"398\";s:7:\"address\";s:8:\"22222222\";s:7:\"zipcode\";s:0:\"\";s:3:\"tel\";s:8:\"22222222\";s:6:\"mobile\";s:0:\"\";s:13:\"sign_building\";s:0:\"\";s:9:\"best_time\";s:0:\"\";}}'),('6ffa4efcbbe4b903f980378036da5f72',4294967295,'a:8:{s:7:\"from_ad\";i:0;s:7:\"referer\";s:6:\"本站\";s:10:\"login_fail\";i:0;s:9:\"last_time\";s:10:\"1402121143\";s:7:\"last_ip\";s:9:\"127.0.0.1\";s:9:\"flow_type\";i:0;s:10:\"flow_order\";a:9:{s:14:\"extension_code\";s:0:\"\";s:11:\"shipping_id\";s:1:\"1\";s:6:\"pay_id\";s:1:\"2\";s:7:\"pack_id\";i:0;s:7:\"card_id\";i:0;s:5:\"bonus\";i:0;s:8:\"integral\";i:0;s:7:\"surplus\";i:0;s:11:\"need_insure\";i:0;}s:14:\"flow_consignee\";a:15:{s:10:\"address_id\";s:1:\"3\";s:12:\"address_name\";s:0:\"\";s:7:\"user_id\";s:1:\"1\";s:9:\"consignee\";s:2:\"ww\";s:5:\"email\";s:13:\"Yasfd@sdf.com\";s:7:\"country\";s:1:\"1\";s:8:\"province\";s:1:\"3\";s:4:\"city\";s:2:\"36\";s:8:\"district\";s:3:\"398\";s:7:\"address\";s:8:\"22222222\";s:7:\"zipcode\";s:0:\"\";s:3:\"tel\";s:8:\"22222222\";s:6:\"mobile\";s:0:\"\";s:13:\"sign_building\";s:0:\"\";s:9:\"best_time\";s:0:\"\";}}'),('5f06f9c57dd01269a02fb74385e6e03b',4294967295,'a:8:{s:7:\"from_ad\";i:0;s:7:\"referer\";s:6:\"本站\";s:10:\"login_fail\";i:0;s:13:\"captcha_login\";s:16:\"M2FhMTU3OGNkNQ==\";s:9:\"last_time\";s:10:\"1404291783\";s:7:\"last_ip\";s:9:\"127.0.0.1\";s:14:\"display_search\";s:4:\"grid\";s:9:\"flow_type\";i:0;}'),('c5e2893161072a8e9ad5281323aba6fc',4214337569,'a:8:{s:7:\"from_ad\";i:0;s:7:\"referer\";s:6:\"本站\";s:10:\"login_fail\";i:0;s:9:\"last_time\";s:10:\"1404779185\";s:7:\"last_ip\";s:9:\"127.0.0.1\";s:9:\"flow_type\";i:0;s:10:\"flow_order\";a:8:{s:14:\"extension_code\";s:0:\"\";s:11:\"shipping_id\";i:1;s:6:\"pay_id\";s:1:\"2\";s:7:\"pack_id\";i:0;s:7:\"card_id\";i:0;s:5:\"bonus\";i:0;s:8:\"integral\";i:0;s:7:\"surplus\";i:0;}s:14:\"flow_consignee\";a:15:{s:10:\"address_id\";s:1:\"3\";s:12:\"address_name\";s:0:\"\";s:7:\"user_id\";s:1:\"1\";s:9:\"consignee\";s:2:\"ww\";s:5:\"email\";s:13:\"Yasfd@sdf.com\";s:7:\"country\";s:1:\"1\";s:8:\"province\";s:1:\"3\";s:4:\"city\";s:2:\"36\";s:8:\"district\";s:3:\"398\";s:7:\"address\";s:8:\"22222222\";s:7:\"zipcode\";s:0:\"\";s:3:\"tel\";s:8:\"22222222\";s:6:\"mobile\";s:0:\"\";s:13:\"sign_building\";s:0:\"\";s:9:\"best_time\";s:0:\"\";}}'),('89859bfaf886c9a6e9d565159cbb0df1',4294967295,'a:10:{s:7:\"from_ad\";i:0;s:7:\"referer\";s:6:\"本站\";s:10:\"login_fail\";i:0;s:9:\"flow_type\";i:0;s:13:\"sel_cartgoods\";s:5:\"71,69\";s:10:\"flow_order\";a:9:{s:14:\"extension_code\";s:0:\"\";s:11:\"shipping_id\";i:1;s:6:\"pay_id\";i:3;s:7:\"pack_id\";i:0;s:7:\"card_id\";i:0;s:5:\"bonus\";i:0;s:8:\"integral\";i:0;s:7:\"surplus\";i:0;s:26:\"payzhekou_www_68ecshop_com\";i:0;}s:13:\"captcha_login\";s:16:\"NWVjYzdkN2MxYg==\";s:9:\"last_time\";s:10:\"1404899870\";s:7:\"last_ip\";s:9:\"127.0.0.1\";s:14:\"flow_consignee\";a:15:{s:10:\"address_id\";s:1:\"3\";s:12:\"address_name\";s:0:\"\";s:7:\"user_id\";s:1:\"1\";s:9:\"consignee\";s:2:\"ww\";s:5:\"email\";s:13:\"Yasfd@sdf.com\";s:7:\"country\";s:1:\"1\";s:8:\"province\";s:1:\"3\";s:4:\"city\";s:2:\"36\";s:8:\"district\";s:3:\"398\";s:7:\"address\";s:8:\"22222222\";s:7:\"zipcode\";s:0:\"\";s:3:\"tel\";s:8:\"22222222\";s:6:\"mobile\";s:0:\"\";s:13:\"sign_building\";s:0:\"\";s:9:\"best_time\";s:0:\"\";}}'),('10ab91e6cb80b6244609f1c35084b7c9',2809772871,'a:7:{s:10:\"admin_name\";s:5:\"admin\";s:11:\"action_list\";s:3:\"all\";s:10:\"last_check\";i:1404886409;s:11:\"supplier_id\";s:1:\"1\";s:16:\"supplier_user_id\";s:1:\"1\";s:13:\"supplier_name\";s:8:\"68ecshop\";s:15:\"comment_arrdata\";a:3:{s:6:\"result\";s:7:\"success\";s:4:\"data\";a:10:{s:10:\"swatchshop\";a:14:{s:12:\"comment_type\";i:0;s:8:\"id_value\";i:60;s:5:\"email\";s:0:\"\";s:9:\"user_name\";s:10:\"swatchshop\";s:7:\"content\";s:60:\"很不错，包装很好，送货及时，服务也很不错\";s:12:\"comment_rank\";i:5;s:8:\"add_time\";i:1404915660;s:10:\"ip_address\";s:9:\"127.0.0.1\";s:6:\"status\";i:1;s:9:\"parent_id\";i:0;s:7:\"user_id\";i:0;s:10:\"goods_name\";s:0:\"\";s:11:\"format_time\";s:19:\"2014-07-09 22:21:00\";s:2:\"id\";i:0;}s:13:\"流氓猪0802\";a:14:{s:12:\"comment_type\";i:0;s:8:\"id_value\";i:60;s:5:\"email\";s:0:\"\";s:9:\"user_name\";s:13:\"流氓猪0802\";s:7:\"content\";s:18:\"服务态度很好\";s:12:\"comment_rank\";i:4;s:8:\"add_time\";i:1404913616;s:10:\"ip_address\";s:9:\"127.0.0.1\";s:6:\"status\";i:1;s:9:\"parent_id\";i:0;s:7:\"user_id\";i:0;s:10:\"goods_name\";s:0:\"\";s:11:\"format_time\";s:19:\"2014-07-09 21:46:56\";s:2:\"id\";i:1;}s:5:\"w***2\";a:14:{s:12:\"comment_type\";i:0;s:8:\"id_value\";i:60;s:5:\"email\";s:0:\"\";s:9:\"user_name\";s:5:\"w***2\";s:7:\"content\";s:123:\"一个小时左右就到了！超级无敌快！花很漂亮！卖家服务很好。送给老公的生日礼物。很开心\";s:12:\"comment_rank\";i:4;s:8:\"add_time\";i:1404909118;s:10:\"ip_address\";s:9:\"127.0.0.1\";s:6:\"status\";i:1;s:9:\"parent_id\";i:0;s:7:\"user_id\";i:0;s:10:\"goods_name\";s:0:\"\";s:11:\"format_time\";s:19:\"2014-07-09 20:31:58\";s:2:\"id\";i:2;}s:7:\"麒***7\";a:14:{s:12:\"comment_type\";i:0;s:8:\"id_value\";i:60;s:5:\"email\";s:0:\"\";s:9:\"user_name\";s:7:\"麒***7\";s:7:\"content\";s:103:\"服务太好了，花特别新鲜。 她感动的不得了。哈哈这个七夕还会继续订的。\\\\n\";s:12:\"comment_rank\";i:4;s:8:\"add_time\";i:1404840860;s:10:\"ip_address\";s:9:\"127.0.0.1\";s:6:\"status\";i:1;s:9:\"parent_id\";i:0;s:7:\"user_id\";i:0;s:10:\"goods_name\";s:0:\"\";s:11:\"format_time\";s:19:\"2014-07-09 01:34:20\";s:2:\"id\";i:3;}s:5:\"c***5\";a:14:{s:12:\"comment_type\";i:0;s:8:\"id_value\";i:60;s:5:\"email\";s:0:\"\";s:9:\"user_name\";s:5:\"c***5\";s:7:\"content\";s:27:\"很好！朋友很喜欢\\\\n\";s:12:\"comment_rank\";i:5;s:8:\"add_time\";i:1404834650;s:10:\"ip_address\";s:9:\"127.0.0.1\";s:6:\"status\";i:1;s:9:\"parent_id\";i:0;s:7:\"user_id\";i:0;s:10:\"goods_name\";s:0:\"\";s:11:\"format_time\";s:19:\"2014-07-08 23:50:50\";s:2:\"id\";i:4;}s:9:\"晓***杰\";a:14:{s:12:\"comment_type\";i:0;s:8:\"id_value\";i:60;s:5:\"email\";s:0:\"\";s:9:\"user_name\";s:9:\"晓***杰\";s:7:\"content\";s:48:\"花很新鲜服务也很好买花我推荐这家\";s:12:\"comment_rank\";i:5;s:8:\"add_time\";i:1404819333;s:10:\"ip_address\";s:9:\"127.0.0.1\";s:6:\"status\";i:1;s:9:\"parent_id\";i:0;s:7:\"user_id\";i:0;s:10:\"goods_name\";s:0:\"\";s:11:\"format_time\";s:19:\"2014-07-08 19:35:33\";s:2:\"id\";i:5;}s:9:\"王帆777\";a:14:{s:12:\"comment_type\";i:0;s:8:\"id_value\";i:60;s:5:\"email\";s:0:\"\";s:9:\"user_name\";s:9:\"王帆777\";s:7:\"content\";s:150:\"老板皇后非常好的卖家 很耐心的解答我的每个问题 相当细心的服务  送货时间恰到好处 无可挑剔 满分送上必须的\";s:12:\"comment_rank\";i:4;s:8:\"add_time\";i:1404816361;s:10:\"ip_address\";s:9:\"127.0.0.1\";s:6:\"status\";i:1;s:9:\"parent_id\";i:0;s:7:\"user_id\";i:0;s:10:\"goods_name\";s:0:\"\";s:11:\"format_time\";s:19:\"2014-07-08 18:46:01\";s:2:\"id\";i:6;}s:9:\"大***啦\";a:14:{s:12:\"comment_type\";i:0;s:8:\"id_value\";i:60;s:5:\"email\";s:0:\"\";s:9:\"user_name\";s:9:\"大***啦\";s:7:\"content\";s:100:\"很好哦，小龙女的服务特别好，鲜花很漂亮，送给小嫂子生日礼物，很幸福~\";s:12:\"comment_rank\";i:4;s:8:\"add_time\";i:1404814414;s:10:\"ip_address\";s:9:\"127.0.0.1\";s:6:\"status\";i:1;s:9:\"parent_id\";i:0;s:7:\"user_id\";i:0;s:10:\"goods_name\";s:0:\"\";s:11:\"format_time\";s:19:\"2014-07-08 18:13:34\";s:2:\"id\";i:7;}s:5:\"a***5\";a:14:{s:12:\"comment_type\";i:0;s:8:\"id_value\";i:60;s:5:\"email\";s:0:\"\";s:9:\"user_name\";s:5:\"a***5\";s:7:\"content\";s:197:\"是送给同学的生日礼物，同学说花非常的新鲜，漂亮！\\\\n送货时间也很及时，要求上午12点前送货，实际10点前就送到了，非常守时!\\\\n好评，好评！\\\\n\";s:12:\"comment_rank\";i:5;s:8:\"add_time\";i:1404809497;s:10:\"ip_address\";s:9:\"127.0.0.1\";s:6:\"status\";i:1;s:9:\"parent_id\";i:0;s:7:\"user_id\";i:0;s:10:\"goods_name\";s:0:\"\";s:11:\"format_time\";s:19:\"2014-07-08 16:51:37\";s:2:\"id\";i:8;}s:6:\"hsceva\";a:14:{s:12:\"comment_type\";i:0;s:8:\"id_value\";i:60;s:5:\"email\";s:0:\"\";s:9:\"user_name\";s:6:\"hsceva\";s:7:\"content\";s:112:\"整体的客服都很好 态度很好而且送花及时 花的质量都不错 包装精美 花朵新鲜很喜欢\";s:12:\"comment_rank\";i:5;s:8:\"add_time\";i:1404773572;s:10:\"ip_address\";s:9:\"127.0.0.1\";s:6:\"status\";i:1;s:9:\"parent_id\";i:0;s:7:\"user_id\";i:0;s:10:\"goods_name\";s:0:\"\";s:11:\"format_time\";s:19:\"2014-07-08 06:52:52\";s:2:\"id\";i:9;}}s:5:\"count\";i:10;}}'),('46db0f683f41c1d863e7e418def95d51',4294967295,'a:11:{s:7:\"from_ad\";i:0;s:7:\"referer\";s:6:\"本站\";s:10:\"login_fail\";i:0;s:9:\"last_time\";s:10:\"1404989406\";s:7:\"last_ip\";s:9:\"127.0.0.1\";s:14:\"display_search\";s:4:\"grid\";s:9:\"send_time\";i:1404979720;s:9:\"flow_type\";i:0;s:13:\"sel_cartgoods\";s:8:\"73,74,75\";s:10:\"flow_order\";a:8:{s:14:\"extension_code\";s:0:\"\";s:11:\"shipping_id\";s:1:\"1\";s:6:\"pay_id\";s:1:\"4\";s:7:\"pack_id\";i:0;s:7:\"card_id\";i:0;s:5:\"bonus\";i:0;s:8:\"integral\";i:0;s:7:\"surplus\";i:0;}s:14:\"flow_consignee\";a:15:{s:10:\"address_id\";s:1:\"3\";s:12:\"address_name\";s:0:\"\";s:7:\"user_id\";s:1:\"1\";s:9:\"consignee\";s:2:\"ww\";s:5:\"email\";s:13:\"Yasfd@sdf.com\";s:7:\"country\";s:1:\"1\";s:8:\"province\";s:1:\"3\";s:4:\"city\";s:2:\"36\";s:8:\"district\";s:3:\"398\";s:7:\"address\";s:8:\"22222222\";s:7:\"zipcode\";s:0:\"\";s:3:\"tel\";s:8:\"22222222\";s:6:\"mobile\";s:0:\"\";s:13:\"sign_building\";s:0:\"\";s:9:\"best_time\";s:0:\"\";}}'),('3561d68d89c0574949928bd9d2eb010b',4294967295,'a:9:{s:7:\"from_ad\";i:0;s:7:\"referer\";s:6:\"本站\";s:10:\"login_fail\";i:0;s:9:\"last_time\";s:10:\"1404989222\";s:7:\"last_ip\";s:9:\"127.0.0.1\";s:9:\"flow_type\";i:0;s:13:\"sel_cartgoods\";s:2:\"76\";s:10:\"flow_order\";a:13:{s:14:\"extension_code\";s:0:\"\";s:11:\"shipping_id\";s:1:\"1\";s:6:\"pay_id\";s:1:\"4\";s:7:\"pack_id\";i:0;s:7:\"card_id\";i:0;s:5:\"bonus\";i:0;s:8:\"integral\";i:0;s:7:\"surplus\";i:0;s:8:\"need_inv\";i:0;s:8:\"inv_type\";s:0:\"\";s:9:\"inv_payee\";s:0:\"\";s:11:\"inv_content\";s:0:\"\";s:26:\"payzhekou_www_68ecshop_com\";i:0;}s:14:\"flow_consignee\";a:15:{s:10:\"address_id\";s:1:\"3\";s:12:\"address_name\";s:0:\"\";s:7:\"user_id\";s:1:\"1\";s:9:\"consignee\";s:2:\"ww\";s:5:\"email\";s:13:\"Yasfd@sdf.com\";s:7:\"country\";s:1:\"1\";s:8:\"province\";s:1:\"3\";s:4:\"city\";s:2:\"36\";s:8:\"district\";s:3:\"398\";s:7:\"address\";s:8:\"22222222\";s:7:\"zipcode\";s:0:\"\";s:3:\"tel\";s:8:\"22222222\";s:6:\"mobile\";s:0:\"\";s:13:\"sign_building\";s:0:\"\";s:9:\"best_time\";s:0:\"\";}}'),('c892b90e4b8ebb8d96fa92a94241e1ff',4294967295,'a:8:{s:7:\"from_ad\";i:0;s:7:\"referer\";s:6:\"本站\";s:10:\"login_fail\";i:0;s:13:\"sel_cartgoods\";s:0:\"\";s:12:\"captcha_word\";s:16:\"Njk0MjdkMjIzOA==\";s:13:\"captcha_login\";s:16:\"MGE0NGUxMjViNQ==\";s:9:\"last_time\";s:10:\"1404996216\";s:7:\"last_ip\";s:9:\"127.0.0.1\";}'),('6a099953f3d17f0b6d2b73539a77bb72',4294967295,'a:10:{s:7:\"from_ad\";i:0;s:7:\"referer\";s:6:\"本站\";s:10:\"login_fail\";i:0;s:14:\"display_search\";s:4:\"grid\";s:9:\"flow_type\";i:0;s:13:\"sel_cartgoods\";s:0:\"\";s:12:\"captcha_word\";s:16:\"NThjMzc5ODhmNA==\";s:13:\"captcha_login\";s:16:\"NjMzMGE3YTdlOQ==\";s:9:\"last_time\";s:10:\"1405040062\";s:7:\"last_ip\";s:9:\"127.0.0.1\";}'),('8a1d5753eae489ce4be869b00aa42233',4294967295,'a:10:{s:7:\"from_ad\";i:0;s:7:\"referer\";s:6:\"本站\";s:10:\"login_fail\";i:0;s:14:\"display_search\";s:4:\"grid\";s:9:\"flow_type\";i:0;s:13:\"sel_cartgoods\";s:5:\"90,89\";s:10:\"flow_order\";a:9:{s:14:\"extension_code\";s:0:\"\";s:11:\"shipping_id\";i:1;s:6:\"pay_id\";i:1;s:7:\"pack_id\";i:0;s:7:\"card_id\";i:0;s:5:\"bonus\";i:0;s:8:\"integral\";i:0;s:7:\"surplus\";i:0;s:26:\"payzhekou_www_68ecshop_com\";i:0;}s:13:\"captcha_login\";s:16:\"OTVkYTY0ODQzNQ==\";s:15:\"direct_shopping\";i:1;s:14:\"flow_consignee\";a:13:{s:10:\"address_id\";i:0;s:9:\"consignee\";s:2:\"22\";s:7:\"country\";s:1:\"1\";s:8:\"province\";s:2:\"22\";s:4:\"city\";s:3:\"283\";s:8:\"district\";s:4:\"2332\";s:5:\"email\";s:9:\"22@qq.com\";s:7:\"address\";s:2:\"22\";s:7:\"zipcode\";s:0:\"\";s:3:\"tel\";s:3:\"222\";s:6:\"mobile\";s:0:\"\";s:13:\"sign_building\";s:0:\"\";s:9:\"best_time\";s:0:\"\";}}'),('d810bcca4f1ec2980aa78099ea3a1231',4294967295,'a:12:{s:7:\"from_ad\";i:0;s:7:\"referer\";s:6:\"本站\";s:10:\"login_fail\";i:0;s:12:\"captcha_word\";s:16:\"NTAwZGU3ZjhiMA==\";s:14:\"display_search\";s:4:\"grid\";s:13:\"captcha_login\";s:16:\"OTIxZGNjNTQ1Mg==\";s:9:\"last_time\";s:10:\"1404202799\";s:7:\"last_ip\";s:9:\"127.0.0.1\";s:30:\"takegoods_sn_www_ecshop120_com\";s:13:\"1n8i2w9o10010\";s:30:\"takegoods_id_www_ecshop120_com\";s:2:\"10\";s:9:\"flow_type\";i:0;s:13:\"sel_cartgoods\";s:0:\"\";}'),('984798463d148173aade3ab163ca73f7',4294967295,'a:10:{s:7:\"from_ad\";i:0;s:7:\"referer\";s:6:\"本站\";s:10:\"login_fail\";i:0;s:13:\"sel_cartgoods\";s:7:\"108,107\";s:10:\"flow_order\";a:13:{s:14:\"extension_code\";s:0:\"\";s:11:\"shipping_id\";i:0;s:6:\"pay_id\";i:0;s:7:\"pack_id\";i:0;s:7:\"card_id\";i:0;s:5:\"bonus\";i:0;s:8:\"integral\";i:0;s:7:\"surplus\";i:0;s:8:\"need_inv\";i:1;s:8:\"inv_type\";s:1:\"1\";s:9:\"inv_payee\";s:0:\"\";s:11:\"inv_content\";s:12:\"办公用品\";s:26:\"payzhekou_www_68ecshop_com\";i:0;}s:13:\"captcha_login\";s:16:\"MTQyMjAxNTE4Yw==\";s:15:\"direct_shopping\";i:1;s:14:\"flow_consignee\";a:13:{s:10:\"address_id\";i:0;s:9:\"consignee\";s:3:\"122\";s:7:\"country\";s:1:\"1\";s:8:\"province\";s:1:\"2\";s:4:\"city\";s:2:\"52\";s:8:\"district\";s:3:\"500\";s:5:\"email\";s:10:\"222@qq.com\";s:7:\"address\";s:3:\"222\";s:7:\"zipcode\";s:0:\"\";s:3:\"tel\";s:9:\"222222222\";s:6:\"mobile\";s:0:\"\";s:13:\"sign_building\";s:0:\"\";s:9:\"best_time\";s:0:\"\";}s:9:\"last_time\";s:10:\"1405588762\";s:7:\"last_ip\";s:9:\"127.0.0.1\";}'),('edaedd4364fd9835a13007b18f2928b4',4294967295,'a:8:{s:7:\"from_ad\";i:0;s:7:\"referer\";s:6:\"本站\";s:10:\"login_fail\";i:0;s:9:\"flow_type\";i:0;s:13:\"sel_cartgoods\";s:0:\"\";s:13:\"captcha_login\";s:16:\"YmY1NjUzZGVlMg==\";s:9:\"last_time\";s:10:\"1404998152\";s:7:\"last_ip\";s:9:\"127.0.0.1\";}'),('936a3bfbccabb887ffc3aea68dcee0cb',4294967295,'a:8:{s:7:\"from_ad\";i:0;s:7:\"referer\";s:6:\"本站\";s:10:\"login_fail\";i:0;s:13:\"captcha_login\";s:16:\"NDVjNGE4MzI0NA==\";s:9:\"last_time\";s:10:\"1405920940\";s:7:\"last_ip\";s:9:\"127.0.0.1\";s:9:\"flow_type\";i:0;s:13:\"sel_cartgoods\";s:0:\"\";}'),('08c7ffd301e2fedaedd56673ad093012',4294967295,'a:10:{s:7:\"from_ad\";i:0;s:7:\"referer\";s:6:\"本站\";s:10:\"login_fail\";i:0;s:9:\"flow_type\";i:0;s:13:\"sel_cartgoods\";s:2:\"15\";s:10:\"flow_order\";a:9:{s:14:\"extension_code\";s:0:\"\";s:11:\"shipping_id\";i:3;s:6:\"pay_id\";s:1:\"5\";s:7:\"pack_id\";i:0;s:7:\"card_id\";i:0;s:5:\"bonus\";i:0;s:8:\"integral\";i:0;s:7:\"surplus\";i:0;s:26:\"payzhekou_www_68ecshop_com\";i:0;}s:13:\"captcha_login\";s:16:\"YzYyNDJjZTVjNQ==\";s:9:\"last_time\";s:10:\"1406172399\";s:7:\"last_ip\";s:9:\"127.0.0.1\";s:14:\"flow_consignee\";a:15:{s:10:\"address_id\";s:1:\"3\";s:12:\"address_name\";s:0:\"\";s:7:\"user_id\";s:1:\"1\";s:9:\"consignee\";s:9:\"李女士\";s:5:\"email\";s:13:\"Yasfd@sdf.com\";s:7:\"country\";s:1:\"1\";s:8:\"province\";s:2:\"10\";s:4:\"city\";s:3:\"145\";s:8:\"district\";s:4:\"1196\";s:7:\"address\";s:33:\"北戴河奥林匹克大道公园\";s:7:\"zipcode\";s:0:\"\";s:3:\"tel\";s:12:\"400-663-5268\";s:6:\"mobile\";s:0:\"\";s:13:\"sign_building\";s:0:\"\";s:9:\"best_time\";s:0:\"\";}}'),('367f4a397df2a6b9e690ddc9f0e5a710',4294967295,'a:9:{s:7:\"from_ad\";i:0;s:7:\"referer\";s:6:\"本站\";s:10:\"login_fail\";i:0;s:9:\"flow_type\";i:0;s:10:\"flow_order\";a:8:{s:14:\"extension_code\";s:0:\"\";s:11:\"shipping_id\";i:1;s:6:\"pay_id\";s:1:\"5\";s:7:\"pack_id\";i:0;s:7:\"card_id\";i:0;s:5:\"bonus\";i:0;s:8:\"integral\";i:0;s:7:\"surplus\";i:0;}s:13:\"captcha_login\";s:16:\"NzcyZWZiZmZlYQ==\";s:9:\"last_time\";s:10:\"1406189691\";s:7:\"last_ip\";s:9:\"127.0.0.1\";s:14:\"flow_consignee\";a:15:{s:10:\"address_id\";s:1:\"3\";s:12:\"address_name\";s:0:\"\";s:7:\"user_id\";s:1:\"1\";s:9:\"consignee\";s:9:\"李女士\";s:5:\"email\";s:13:\"Yasfd@sdf.com\";s:7:\"country\";s:1:\"1\";s:8:\"province\";s:2:\"10\";s:4:\"city\";s:3:\"145\";s:8:\"district\";s:4:\"1196\";s:7:\"address\";s:33:\"北戴河奥林匹克大道公园\";s:7:\"zipcode\";s:0:\"\";s:3:\"tel\";s:12:\"400-663-5268\";s:6:\"mobile\";s:0:\"\";s:13:\"sign_building\";s:0:\"\";s:9:\"best_time\";s:0:\"\";}}'),('155f2a2d57d2f298a7b689311a842afc',4294967295,'a:8:{s:7:\"from_ad\";i:0;s:7:\"referer\";s:6:\"本站\";s:10:\"login_fail\";i:0;s:13:\"captcha_login\";s:16:\"OTU5NjgyNTJkMw==\";s:9:\"last_time\";s:10:\"1358925669\";s:7:\"last_ip\";s:9:\"127.0.0.1\";s:9:\"flow_type\";i:0;s:13:\"sel_cartgoods\";s:0:\"\";}'),('ec733fc7a26070a7877c6cf07f0d2b42',4294967295,'a:9:{s:7:\"from_ad\";i:0;s:7:\"referer\";s:6:\"本站\";s:10:\"login_fail\";i:0;s:13:\"captcha_login\";s:16:\"ODE0NjM3ZGRmMw==\";s:9:\"last_time\";s:10:\"1406852616\";s:7:\"last_ip\";s:9:\"127.0.0.1\";s:9:\"flow_type\";i:0;s:13:\"sel_cartgoods\";s:0:\"\";s:14:\"display_search\";s:4:\"grid\";}'),('0ba0831050940df9b8acb205c0e4921d',4294967295,'a:8:{s:11:\"supplier_id\";s:1:\"2\";s:16:\"supplier_user_id\";s:1:\"1\";s:13:\"supplier_name\";s:12:\"echsop开发\";s:20:\"supplier_action_list\";s:3:\"all\";s:19:\"supplier_last_check\";s:10:\"1407296726\";s:17:\"supplier_admin_id\";s:1:\"1\";s:19:\"supplier_shop_guide\";b:1;s:10:\"last_check\";i:1407313262;}'),('22995f921f378ac916e1994fcc35eac1',4294967295,'a:11:{s:10:\"admin_name\";s:5:\"admin\";s:11:\"action_list\";s:3:\"all\";s:10:\"last_check\";i:1407376074;s:12:\"suppliers_id\";s:1:\"0\";s:11:\"supplier_id\";s:1:\"1\";s:16:\"supplier_user_id\";s:1:\"3\";s:13:\"supplier_name\";s:8:\"68ecshop\";s:20:\"supplier_action_list\";s:3:\"all\";s:19:\"supplier_last_check\";s:10:\"1406699418\";s:17:\"supplier_admin_id\";s:1:\"3\";s:19:\"supplier_shop_guide\";b:1;}'),('8158e9c05646eacbc1fafe62b3c6e029',4294967295,'a:6:{s:11:\"supplier_id\";s:1:\"2\";s:16:\"supplier_user_id\";s:1:\"2\";s:13:\"supplier_name\";s:4:\"hehe\";s:20:\"supplier_action_list\";s:35:\"goods_list,rebate_manage,order_list\";s:19:\"supplier_last_check\";s:10:\"1407304291\";s:10:\"last_check\";i:1407305136;}'),('5f0930456c8a5e3cd8a23df2c22f25c6',4294967295,'a:11:{s:7:\"from_ad\";i:0;s:7:\"referer\";s:6:\"本站\";s:10:\"login_fail\";i:0;s:9:\"flow_type\";i:0;s:13:\"sel_cartgoods\";s:2:\"29\";s:10:\"flow_order\";a:8:{s:14:\"extension_code\";s:0:\"\";s:11:\"shipping_id\";s:1:\"3\";s:6:\"pay_id\";s:1:\"3\";s:7:\"pack_id\";i:0;s:7:\"card_id\";i:0;s:5:\"bonus\";i:0;s:8:\"integral\";i:0;s:7:\"surplus\";i:0;}s:13:\"captcha_login\";s:16:\"YWM1MzkyMGE5Mw==\";s:12:\"captcha_word\";s:16:\"Y2VmNzYzOGE1Zg==\";s:9:\"last_time\";s:10:\"1406853983\";s:7:\"last_ip\";s:9:\"127.0.0.1\";s:14:\"flow_consignee\";a:15:{s:10:\"address_id\";s:1:\"1\";s:12:\"address_name\";s:0:\"\";s:7:\"user_id\";s:1:\"5\";s:9:\"consignee\";s:6:\"232332\";s:5:\"email\";s:14:\"asdf@asd1f.com\";s:7:\"country\";s:1:\"1\";s:8:\"province\";s:2:\"21\";s:4:\"city\";s:3:\"275\";s:8:\"district\";s:4:\"2291\";s:7:\"address\";s:5:\"32232\";s:7:\"zipcode\";s:0:\"\";s:3:\"tel\";s:7:\"3233232\";s:6:\"mobile\";s:0:\"\";s:13:\"sign_building\";s:0:\"\";s:9:\"best_time\";s:0:\"\";}}'),('c64fd49391e801a08606647ec8cbe5a9',4294967295,'a:10:{s:7:\"from_ad\";i:0;s:7:\"referer\";s:6:\"本站\";s:10:\"login_fail\";i:0;s:9:\"flow_type\";i:0;s:13:\"captcha_login\";s:16:\"NTgxM2EyOGVlMA==\";s:9:\"last_time\";s:10:\"1407803113\";s:7:\"last_ip\";s:9:\"127.0.0.1\";s:13:\"sel_cartgoods\";s:5:\"35,34\";s:10:\"flow_order\";a:9:{s:14:\"extension_code\";s:0:\"\";s:11:\"shipping_id\";i:1;s:6:\"pay_id\";i:0;s:7:\"pack_id\";i:0;s:7:\"card_id\";i:0;s:5:\"bonus\";i:0;s:8:\"integral\";i:0;s:7:\"surplus\";i:0;s:26:\"payzhekou_www_68ecshop_com\";i:0;}s:14:\"flow_consignee\";a:15:{s:10:\"address_id\";s:1:\"1\";s:12:\"address_name\";s:0:\"\";s:7:\"user_id\";s:1:\"5\";s:9:\"consignee\";s:6:\"232332\";s:5:\"email\";s:14:\"asdf@asd1f.com\";s:7:\"country\";s:1:\"1\";s:8:\"province\";s:2:\"21\";s:4:\"city\";s:3:\"275\";s:8:\"district\";s:4:\"2291\";s:7:\"address\";s:5:\"32232\";s:7:\"zipcode\";s:0:\"\";s:3:\"tel\";s:7:\"3233232\";s:6:\"mobile\";s:0:\"\";s:13:\"sign_building\";s:0:\"\";s:9:\"best_time\";s:0:\"\";}}'),('0aa19d11e91fb08180174d7079b467fc',4294967295,'a:11:{s:11:\"supplier_id\";s:1:\"3\";s:16:\"supplier_user_id\";s:1:\"4\";s:13:\"supplier_name\";s:4:\"68ec\";s:20:\"supplier_action_list\";s:3:\"all\";s:19:\"supplier_last_check\";s:10:\"1405994065\";s:17:\"supplier_admin_id\";s:1:\"4\";s:19:\"supplier_shop_guide\";b:1;s:10:\"last_check\";i:1408097258;s:10:\"admin_name\";s:5:\"admin\";s:11:\"action_list\";s:3:\"all\";s:12:\"suppliers_id\";s:1:\"0\";}');
/*!40000 ALTER TABLE `ecs_sessions_data` ENABLE KEYS */;
UNLOCK TABLES;

--
-- Table structure for table `ecs_shaidan`
--

DROP TABLE IF EXISTS `ecs_shaidan`;
/*!40101 SET @saved_cs_client     = @@character_set_client */;
/*!40101 SET character_set_client = utf8 */;
CREATE TABLE `ecs_shaidan` (
  `shaidan_id` mediumint(9) NOT NULL AUTO_INCREMENT,
  `rec_id` mediumint(9) NOT NULL DEFAULT '0',
  `goods_id` mediumint(9) NOT NULL DEFAULT '0',
  `user_id` mediumint(9) NOT NULL DEFAULT '0',
  `title` varchar(255) NOT NULL,
  `message` text NOT NULL,
  `add_time` int(10) DEFAULT '0',
  `status` tinyint(1) NOT NULL DEFAULT '0',
  `hide_username` tinyint(1) NOT NULL DEFAULT '0',
  `pay_points` int(10) NOT NULL DEFAULT '0',
  `is_points` tinyint(1) NOT NULL DEFAULT '0',
  PRIMARY KEY (`shaidan_id`)
) ENGINE=MyISAM AUTO_INCREMENT=4 DEFAULT CHARSET=utf8;
/*!40101 SET character_set_client = @saved_cs_client */;

--
-- Dumping data for table `ecs_shaidan`
--

LOCK TABLES `ecs_shaidan` WRITE;
/*!40000 ALTER TABLE `ecs_shaidan` DISABLE KEYS */;
INSERT INTO `ecs_shaidan` VALUES (1,223,54,1,'保湿效果非常好，我非常喜欢！','保湿效果真的非常好，非常清透！',1405648624,1,0,100,1),(2,224,39,1,'保湿效果非常好，我非常喜欢！','保湿效果非常好，我非常喜欢！',1405651353,1,0,100,1),(3,198,50,1,'测试','测试',1405677969,1,0,100,1);
/*!40000 ALTER TABLE `ecs_shaidan` ENABLE KEYS */;
UNLOCK TABLES;

--
-- Table structure for table `ecs_shaidan_img`
--

DROP TABLE IF EXISTS `ecs_shaidan_img`;
/*!40101 SET @saved_cs_client     = @@character_set_client */;
/*!40101 SET character_set_client = utf8 */;
CREATE TABLE `ecs_shaidan_img` (
  `img_id` mediumint(8) NOT NULL AUTO_INCREMENT,
  `shaidan_id` mediumint(8) NOT NULL DEFAULT '0',
  `desc` text NOT NULL,
  `image` varchar(255) NOT NULL,
  `thumb` varchar(255) NOT NULL,
  PRIMARY KEY (`img_id`)
) ENGINE=MyISAM AUTO_INCREMENT=9 DEFAULT CHARSET=utf8;
/*!40101 SET character_set_client = @saved_cs_client */;

--
-- Dumping data for table `ecs_shaidan_img`
--

LOCK TABLES `ecs_shaidan_img` WRITE;
/*!40000 ALTER TABLE `ecs_shaidan_img` DISABLE KEYS */;
INSERT INTO `ecs_shaidan_img` VALUES (1,1,'','/includes/kindeditor/php/../../../images/upload/image/20140718/20140718015700_93809.jpg',''),(2,1,'','/includes/kindeditor/php/../../../images/upload/image/20140718/20140718015700_41297.jpg',''),(3,1,'','/includes/kindeditor/php/../../../images/upload/image/20140718/20140718015700_19843.jpg',''),(4,2,'','images/image/201407/20140718024223_99409.jpg','images/201407/1405651353171267826.jpg'),(5,2,'','images/image/201407/20140718024223_68134.jpg','images/201407/1405651353213095582.jpg'),(6,3,'','images/image/201407/20140718100604_37474.jpg','images/201407/1405677969635548352.jpg'),(7,3,'','images/image/201407/20140718100604_30610.jpg','images/201407/1405677970117859880.jpg'),(8,3,'','images/image/201407/20140718100604_17934.jpg','images/201407/1405677970994396048.jpg');
/*!40000 ALTER TABLE `ecs_shaidan_img` ENABLE KEYS */;
UNLOCK TABLES;

--
-- Table structure for table `ecs_shipping`
--

DROP TABLE IF EXISTS `ecs_shipping`;
/*!40101 SET @saved_cs_client     = @@character_set_client */;
/*!40101 SET character_set_client = utf8 */;
CREATE TABLE `ecs_shipping` (
  `shipping_id` tinyint(3) unsigned NOT NULL AUTO_INCREMENT,
  `shipping_code` varchar(20) NOT NULL DEFAULT '',
  `shipping_name` varchar(120) NOT NULL DEFAULT '',
  `shipping_desc` varchar(255) NOT NULL DEFAULT '',
  `insure` varchar(10) NOT NULL DEFAULT '0',
  `support_cod` tinyint(1) unsigned NOT NULL DEFAULT '0',
  `enabled` tinyint(1) unsigned NOT NULL DEFAULT '0',
  `shipping_print` text NOT NULL,
  `print_bg` varchar(255) DEFAULT NULL,
  `config_lable` text,
  `print_model` tinyint(1) DEFAULT '0',
  `shipping_order` tinyint(3) unsigned NOT NULL DEFAULT '0',
  PRIMARY KEY (`shipping_id`),
  KEY `shipping_code` (`shipping_code`,`enabled`)
) ENGINE=MyISAM AUTO_INCREMENT=4 DEFAULT CHARSET=utf8;
/*!40101 SET character_set_client = @saved_cs_client */;

--
-- Dumping data for table `ecs_shipping`
--

LOCK TABLES `ecs_shipping` WRITE;
/*!40000 ALTER TABLE `ecs_shipping` DISABLE KEYS */;
INSERT INTO `ecs_shipping` VALUES (1,'sto_express','申通快递','江、浙、沪地区首重为15元/KG，其他地区18元/KG， 续重均为5-6元/KG， 云南地区为8元','0',0,1,'','/images/receipt/dly_sto_express.jpg','t_shop_address,网店-地址,235,48,131,152,b_shop_address||,||t_shop_name,网店-名称,237,26,131,200,b_shop_name||,||t_shop_tel,网店-联系电话,96,36,144,257,b_shop_tel||,||t_customer_post,收件人-邮编,86,23,578,268,b_customer_post||,||t_customer_address,收件人-详细地址,232,49,434,149,b_customer_address||,||t_customer_name,收件人-姓名,151,27,449,231,b_customer_name||,||t_customer_tel,收件人-电话,90,32,452,261,b_customer_tel||,||',2,0),(2,'zto','中通速递','中通快递的相关说明。保价费按照申报价值的2％交纳，但是，保价费不低于100元，保价金额不得高于10000元，保价金额超过10000元的，超过的部分无效','2%',0,1,'','/images/receipt/dly_zto.jpg','t_shop_province,网店-省份,116,30,296.55,117.2,b_shop_province||,||t_customer_province,收件人-省份,114,32,649.95,114.3,b_customer_province||,||t_shop_address,网店-地址,260,57,151.75,152.05,b_shop_address||,||t_shop_name,网店-名称,259,28,152.65,212.4,b_shop_name||,||t_shop_tel,网店-联系电话,131,37,138.65,246.5,b_shop_tel||,||t_customer_post,收件人-邮编,104,39,659.2,242.2,b_customer_post||,||t_customer_tel,收件人-电话,158,22,461.9,241.9,b_customer_tel||,||t_customer_mobel,收件人-手机,159,21,463.25,265.4,b_customer_mobel||,||t_customer_name,收件人-姓名,109,32,498.9,115.8,b_customer_name||,||t_customer_address,收件人-详细地址,264,58,499.6,150.1,b_customer_address||,||t_months,月-当日日期,35,23,135.85,392.8,b_months||,||t_day,日-当日日期,24,23,180.1,392.8,b_day||,||',2,0),(3,'yto','圆通速递','上海圆通物流（速递）有限公司经过多年的网络快速发展，在中国速递行业中一直处于领先地位。为了能更好的发展国际快件市场，加快与国际市场的接轨，强化圆通的整体实力，圆通已在东南亚、欧美、中东、北美洲、非洲等许多城市运作国际快件业务','0',1,1,'','/images/receipt/dly_yto.jpg','t_shop_province,网店-省份,132,24,279.6,105.7,b_shop_province||,||t_shop_name,网店-名称,268,29,142.95,133.85,b_shop_name||,||t_shop_address,网店-地址,346,40,67.3,199.95,b_shop_address||,||t_shop_city,网店-城市,64,35,223.8,163.95,b_shop_city||,||t_shop_district,网店-区/县,56,35,314.9,164.25,b_shop_district||,||t_pigeon,√-对号,21,21,143.1,263.2,b_pigeon||,||t_customer_name,收件人-姓名,89,25,488.65,121.05,b_customer_name||,||t_customer_tel,收件人-电话,136,21,656,110.6,b_customer_tel||,||t_customer_mobel,收件人-手机,137,21,655.6,132.8,b_customer_mobel||,||t_customer_province,收件人-省份,115,24,480.2,173.5,b_customer_province||,||t_customer_city,收件人-城市,60,27,609.3,172.5,b_customer_city||,||t_customer_district,收件人-区/县,58,28,696.8,173.25,b_customer_district||,||t_customer_post,收件人-邮编,93,21,701.1,240.25,b_customer_post||,||',2,0);
/*!40000 ALTER TABLE `ecs_shipping` ENABLE KEYS */;
UNLOCK TABLES;

--
-- Table structure for table `ecs_shipping_area`
--

DROP TABLE IF EXISTS `ecs_shipping_area`;
/*!40101 SET @saved_cs_client     = @@character_set_client */;
/*!40101 SET character_set_client = utf8 */;
CREATE TABLE `ecs_shipping_area` (
  `shipping_area_id` smallint(5) unsigned NOT NULL AUTO_INCREMENT,
  `shipping_area_name` varchar(150) NOT NULL DEFAULT '',
  `shipping_id` tinyint(3) unsigned NOT NULL DEFAULT '0',
  `configure` text NOT NULL,
  PRIMARY KEY (`shipping_area_id`),
  KEY `shipping_id` (`shipping_id`)
) ENGINE=MyISAM AUTO_INCREMENT=4 DEFAULT CHARSET=utf8;
/*!40101 SET character_set_client = @saved_cs_client */;

--
-- Dumping data for table `ecs_shipping_area`
--

LOCK TABLES `ecs_shipping_area` WRITE;
/*!40000 ALTER TABLE `ecs_shipping_area` DISABLE KEYS */;
INSERT INTO `ecs_shipping_area` VALUES (1,'全国',1,'a:5:{i:0;a:2:{s:4:\"name\";s:8:\"item_fee\";s:5:\"value\";s:2:\"15\";}i:1;a:2:{s:4:\"name\";s:8:\"base_fee\";s:5:\"value\";s:2:\"15\";}i:2;a:2:{s:4:\"name\";s:8:\"step_fee\";s:5:\"value\";s:1:\"5\";}i:3;a:2:{s:4:\"name\";s:10:\"free_money\";s:5:\"value\";s:4:\"4000\";}i:4;a:2:{s:4:\"name\";s:16:\"fee_compute_mode\";s:5:\"value\";s:9:\"by_weight\";}}'),(2,'全国',2,'a:5:{i:0;a:2:{s:4:\"name\";s:8:\"item_fee\";s:5:\"value\";s:2:\"15\";}i:1;a:2:{s:4:\"name\";s:8:\"base_fee\";s:5:\"value\";s:2:\"10\";}i:2;a:2:{s:4:\"name\";s:8:\"step_fee\";s:5:\"value\";s:1:\"5\";}i:3;a:2:{s:4:\"name\";s:10:\"free_money\";s:5:\"value\";s:5:\"40000\";}i:4;a:2:{s:4:\"name\";s:16:\"fee_compute_mode\";s:5:\"value\";s:9:\"by_weight\";}}'),(3,'中国',3,'a:6:{i:0;a:2:{s:4:\"name\";s:8:\"item_fee\";s:5:\"value\";s:2:\"10\";}i:1;a:2:{s:4:\"name\";s:8:\"base_fee\";s:5:\"value\";s:1:\"5\";}i:2;a:2:{s:4:\"name\";s:8:\"step_fee\";s:5:\"value\";s:1:\"5\";}i:3;a:2:{s:4:\"name\";s:10:\"free_money\";s:5:\"value\";s:0:\"\";}i:4;a:2:{s:4:\"name\";s:16:\"fee_compute_mode\";s:5:\"value\";s:9:\"by_weight\";}i:5;a:2:{s:4:\"name\";s:7:\"pay_fee\";s:5:\"value\";s:0:\"\";}}');
/*!40000 ALTER TABLE `ecs_shipping_area` ENABLE KEYS */;
UNLOCK TABLES;

--
-- Table structure for table `ecs_shop_config`
--

DROP TABLE IF EXISTS `ecs_shop_config`;
/*!40101 SET @saved_cs_client     = @@character_set_client */;
/*!40101 SET character_set_client = utf8 */;
CREATE TABLE `ecs_shop_config` (
  `id` smallint(5) unsigned NOT NULL AUTO_INCREMENT,
  `parent_id` smallint(5) unsigned NOT NULL DEFAULT '0',
  `code` varchar(30) NOT NULL DEFAULT '',
  `type` varchar(10) NOT NULL DEFAULT '',
  `store_range` varchar(255) NOT NULL DEFAULT '',
  `store_dir` varchar(255) NOT NULL DEFAULT '',
  `value` text NOT NULL,
  `sort_order` tinyint(3) unsigned NOT NULL DEFAULT '1',
  PRIMARY KEY (`id`),
  UNIQUE KEY `code` (`code`),
  KEY `parent_id` (`parent_id`)
) ENGINE=MyISAM AUTO_INCREMENT=1011 DEFAULT CHARSET=utf8;
/*!40101 SET character_set_client = @saved_cs_client */;

--
-- Dumping data for table `ecs_shop_config`
--

LOCK TABLES `ecs_shop_config` WRITE;
/*!40000 ALTER TABLE `ecs_shop_config` DISABLE KEYS */;
INSERT INTO `ecs_shop_config` VALUES (1,0,'shop_info','group','','','',1),(2,0,'basic','group','','','',1),(3,0,'display','group','','','',1),(4,0,'shopping_flow','group','','','',1),(5,0,'smtp','group','','','',1),(6,0,'hidden','hidden','','','',1),(7,0,'goods','group','','','',1),(8,0,'sms','group','','','',1),(9,0,'wap','group','','','',1),(101,1,'shop_name','text','','','68ecshop',1),(102,1,'shop_title','text','','','标题名称标题名称版-标题名称标题名称',1),(103,1,'shop_desc','text','','','标题名称标题名称版-标题名称标题名称',1),(104,1,'shop_keywords','text','','','标题名称标题名称版-标题名称标题名称',1),(105,1,'shop_country','manual','','','1',1),(106,1,'shop_province','manual','','','2',1),(107,1,'shop_city','manual','','','52',1),(108,1,'shop_address','text','','','',1),(109,1,'qq','text','','','',1),(110,1,'ww','text','','','',1),(111,1,'skype','text','','','',1),(112,1,'ym','text','','','',1),(113,1,'msn','text','','','',1),(114,1,'service_email','text','','','',1),(115,1,'service_phone','text','','','',1),(116,1,'shop_closed','select','0,1','','0',1),(117,1,'close_comment','textarea','','','',1),(118,1,'shop_logo','file','','../themes/{$template}/images/','',1),(119,1,'licensed','select','0,1','','0',1),(120,1,'user_notice','textarea','','','用户中心公告！',1),(121,1,'shop_notice','textarea','','','',1),(122,1,'shop_reg_closed','select','1,0','','0',1),(201,2,'lang','manual','','','zh_cn',1),(202,2,'icp_number','text','','','',1),(203,2,'icp_file','file','','../cert/','',1),(204,2,'watermark','file','','../images/','',1),(205,2,'watermark_place','select','0,1,2,3,4,5','','1',1),(206,2,'watermark_alpha','text','','','65',1),(207,2,'use_storage','select','1,0','','1',1),(208,2,'market_price_rate','text','','','1.2',1),(209,2,'rewrite','select','0,1,2','','0',1),(210,2,'integral_name','text','','','积分',1),(211,2,'integral_scale','text','','','1',1),(212,2,'integral_percent','text','','','1',1),(213,2,'sn_prefix','text','','','ECS',1),(214,2,'comment_check','select','0,1','','0',1),(215,2,'no_picture','file','','../images/','',1),(218,2,'stats_code','textarea','','','',1),(219,2,'cache_time','text','','','3600',1),(220,2,'register_points','text','','','0',1),(221,2,'enable_gzip','select','0,1','','0',1),(222,2,'top10_time','select','0,1,2,3,4','','0',1),(223,2,'timezone','options','-12,-11,-10,-9,-8,-7,-6,-5,-4,-3.5,-3,-2,-1,0,1,2,3,3.5,4,4.5,5,5.5,5.75,6,6.5,7,8,9,9.5,10,11,12','','8',1),(224,2,'upload_size_limit','options','-1,0,64,128,256,512,1024,2048,4096','','256',1),(226,2,'cron_method','select','0,1','','0',1),(227,2,'comment_factor','select','0,1,2,3','','0',1),(228,2,'enable_order_check','select','0,1','','1',1),(229,2,'default_storage','text','','','1',1),(230,2,'bgcolor','text','','','#FFFFFF',1),(231,2,'visit_stats','select','on,off','','on',1),(232,2,'send_mail_on','select','on,off','','off',1),(233,2,'auto_generate_gallery','select','1,0','','1',1),(234,2,'retain_original_img','select','1,0','','1',1),(235,2,'member_email_validate','select','1,0','','1',1),(236,2,'message_board','select','1,0','','1',1),(239,2,'certificate_id','hidden','','','105916',1),(240,2,'token','hidden','','','7c138ed927e2fbb00dac111e2143124f6f1dafaa0ebe459e8752755f4283f42c',1),(241,2,'certi','hidden','','','http://service.shopex.cn/openapi/api.php',1),(301,3,'date_format','hidden','','','Y-m-d',1),(302,3,'time_format','text','','','Y-m-d H:i:s',1),(303,3,'currency_format','text','','','¥%s',1),(304,3,'thumb_width','text','','','160',1),(305,3,'thumb_height','text','','','160',1),(306,3,'image_width','text','','','378',1),(307,3,'image_height','text','','','378',1),(312,3,'top_number','text','','','8',1),(313,3,'history_number','text','','','5',1),(314,3,'comments_number','text','','','5',1),(315,3,'bought_goods','text','','','3',1),(316,3,'article_number','text','','','8',1),(317,3,'goods_name_length','text','','','20',1),(318,3,'price_format','select','0,1,2,3,4,5','','0',1),(319,3,'page_size','text','','','12',1),(320,3,'sort_order_type','select','0,1,2','','0',1),(321,3,'sort_order_method','select','0,1','','0',1),(322,3,'show_order_type','select','0,1,2','','1',1),(323,3,'attr_related_number','text','','','5',1),(324,3,'goods_gallery_number','text','','','100',1),(325,3,'article_title_length','text','','','16',1),(326,3,'name_of_region_1','text','','','国家',1),(327,3,'name_of_region_2','text','','','省',1),(328,3,'name_of_region_3','text','','','市',1),(329,3,'name_of_region_4','text','','','区',1),(330,3,'search_keywords','text','','','iPhone5,NZXT,旅行包,格力电暖器,年货先到家,MX2,邓小平时代',0),(332,3,'related_goods_number','text','','','4',1),(333,3,'help_open','select','0,1','','1',1),(334,3,'article_page_size','text','','','10',1),(335,3,'page_style','select','0,1','','1',1),(336,3,'recommend_order','select','0,1','','0',1),(337,3,'index_ad','hidden','','','sys',1),(401,4,'can_invoice','select','1,0','','1',1),(402,4,'use_integral','hidden','1,0','','0',1),(403,4,'use_bonus','hidden','1,0','','0',1),(404,4,'use_surplus','hidden','1,0','','0',1),(405,4,'use_how_oos','select','1,0','','1',1),(406,4,'send_confirm_email','select','1,0','','0',1),(407,4,'send_ship_email','select','1,0','','0',1),(408,4,'send_cancel_email','select','1,0','','0',1),(409,4,'send_invalid_email','select','1,0','','0',1),(410,4,'order_pay_note','select','1,0','','1',1),(411,4,'order_unpay_note','select','1,0','','1',1),(412,4,'order_ship_note','select','1,0','','1',1),(413,4,'order_receive_note','select','1,0','','1',1),(414,4,'order_unship_note','select','1,0','','1',1),(415,4,'order_return_note','select','1,0','','1',1),(416,4,'order_invalid_note','select','1,0','','1',1),(417,4,'order_cancel_note','select','1,0','','1',1),(418,4,'invoice_content','textarea','','','办公用品\r\n说说用品\r\n哈哈发票',1),(419,4,'anonymous_buy','select','1,0','','1',1),(420,4,'min_goods_amount','text','','','0',1),(421,4,'one_step_buy','select','1,0','','0',1),(422,4,'invoice_type','manual','','','a:2:{s:4:\"type\";a:3:{i:0;s:1:\"1\";i:1;s:1:\"2\";i:2;s:0:\"\";}s:4:\"rate\";a:3:{i:0;d:1;i:1;d:1.5;i:2;d:0;}}',1),(423,4,'stock_dec_time','select','1,0','','1',1),(424,4,'cart_confirm','options','1,2,3,4','','1',0),(425,4,'send_service_email','select','1,0','','0',1),(426,4,'show_goods_in_cart','select','1,2,3','','3',1),(427,4,'show_attr_in_cart','select','1,0','','1',1),(501,5,'smtp_host','text','','','localhost',1),(502,5,'smtp_port','text','','','25',1),(503,5,'smtp_user','text','','','',1),(504,5,'smtp_pass','password','','','',1),(505,5,'smtp_mail','text','','','',1),(506,5,'mail_charset','select','UTF8,GB2312,BIG5','','UTF8',1),(507,5,'mail_service','select','0,1','','0',0),(508,5,'smtp_ssl','select','0,1','','0',0),(601,6,'integrate_code','hidden','','','ecshop',1),(602,6,'integrate_config','hidden','','','',1),(603,6,'hash_code','hidden','','','31693422540744c0a6b6da635b7a5a93',1),(604,6,'template','hidden','','','68ecshopcom_360buy',1),(605,6,'install_date','hidden','','','1314153667',1),(606,6,'ecs_version','hidden','','','v2.7.3',1),(607,6,'sms_user_name','hidden','','','',1),(608,6,'sms_password','hidden','','','',1),(609,6,'sms_auth_str','hidden','','','',1),(610,6,'sms_domain','hidden','','','',1),(611,6,'sms_count','hidden','','','',1),(612,6,'sms_total_money','hidden','','','',1),(613,6,'sms_balance','hidden','','','',1),(614,6,'sms_last_request','hidden','','','',1),(616,6,'affiliate','hidden','','','a:3:{s:6:\"config\";a:7:{s:6:\"expire\";d:24;s:11:\"expire_unit\";s:4:\"hour\";s:11:\"separate_by\";i:0;s:15:\"level_point_all\";s:2:\"5%\";s:15:\"level_money_all\";s:2:\"1%\";s:18:\"level_register_all\";i:2;s:17:\"level_register_up\";i:60;}s:4:\"item\";a:4:{i:0;a:2:{s:11:\"level_point\";s:3:\"60%\";s:11:\"level_money\";s:3:\"60%\";}i:1;a:2:{s:11:\"level_point\";s:3:\"30%\";s:11:\"level_money\";s:3:\"30%\";}i:2;a:2:{s:11:\"level_point\";s:2:\"7%\";s:11:\"level_money\";s:2:\"7%\";}i:3;a:2:{s:11:\"level_point\";s:2:\"3%\";s:11:\"level_money\";s:2:\"3%\";}}s:2:\"on\";i:1;}',1),(617,6,'captcha','hidden','','','3',1),(618,6,'captcha_width','hidden','','','100',1),(619,6,'captcha_height','hidden','','','20',1),(620,6,'sitemap','hidden','','','a:6:{s:19:\"homepage_changefreq\";s:6:\"hourly\";s:17:\"homepage_priority\";s:3:\"0.9\";s:19:\"category_changefreq\";s:6:\"hourly\";s:17:\"category_priority\";s:3:\"0.8\";s:18:\"content_changefreq\";s:6:\"weekly\";s:16:\"content_priority\";s:3:\"0.7\";}',0),(621,6,'points_rule','hidden','','','',0),(622,6,'flash_theme','hidden','','','default',1),(623,6,'stylename','hidden','','','',1),(701,7,'show_goodssn','select','1,0','','0',1),(702,7,'show_brand','select','1,0','','0',1),(703,7,'show_goodsweight','select','1,0','','0',1),(704,7,'show_goodsnumber','select','1,0','','0',1),(705,7,'show_addtime','select','1,0','','0',1),(706,7,'goodsattr_style','select','1,0','','1',1),(707,7,'show_marketprice','select','1,0','','1',1),(801,8,'sms_shop_mobile','text','','','13681561210',1),(802,8,'sms_order_placed','select','1,0','','1',1),(803,8,'sms_order_payed','select','1,0','','0',1),(804,8,'sms_order_shipped','select','1,0','','0',1),(901,9,'wap_config','select','1,0','','0',1),(902,9,'wap_logo','file','','../images/','',1),(903,2,'message_check','select','1,0','','0',1),(904,2,'send_verify_email','select','1,0','','0',1),(905,2,'ent_id','hidden','','','',1),(906,2,'ent_ac','hidden','','','',1),(907,2,'ent_sign','hidden','','','',1),(908,2,'ent_email','hidden','','','',1),(990,9,'shop_name_goodscart1','hidden','','','68ecshop_',1),(991,9,'shop_name_goodscart2','hidden','','','com_',1),(992,9,'shop_name_goodscart3','hidden','','','consignee_',1),(993,9,'shop_name_goodscart4','hidden','','','www_',1),(151,1,'tuihuan_days_fahuo','text','','','3',1),(152,1,'tuihuan_days_qianshou','text','','','0',1),(10,0,'supplier_privilege','group','','','',1),(994,10,'supplier_addbest','select','0,1','','1',1),(995,10,'supplier_editgoods','select','0,1','0','1',1),(996,10,'supplier_secondadd','select','0,1','','1',1),(997,10,'company_type','textarea','','','私营企业\r\n个体户\r\n外企\r\n中外合资',255),(909,8,'sms_register','select','1,0','','1',1),(998,10,'supplier_notice','textarea','','','尊敬的供货商您好，由于系统升级，2014年5月18日13:00-16:00暂停营业，特此通知',245),(999,10,'supplier_rebate_paytype','textarea','','','支付宝转账\r\n银行转账\r\n微信支付\r\n财付通转账',250),(150,1,'erweima_wapurl','text','','','http://127.0.0.3/goods.php?id={id}',1),(161,1,'erweima_logo','file','','../images/','',1),(1000,2,'takegoods_send_email','select','0,1','','1',1),(1001,2,'takegoods_send_sms','select','0,1','','1',1),(1002,2,'takegoods_check_money','select','0,1','','1',1),(1003,3,'email_domain','textarea','','','163.com,68ecshop.com,sina.com',1),(1004,1,'comment_youxiaoqi','text','','','3',1),(1005,1,'shaidan_pre_num','text','','','10',1),(1006,1,'shaidan_img_num','text','','','3',1),(1007,1,'shaidan_pay_points','text','','','100',1),(1008,1,'shaidan_check','select','1,0','','0',1),(1009,1,'user_tag_check','select','1,0','','0',1),(1010,1,'tag_show_num','text','','','1',1),(298,2,'time_shouhuo','text','','','10',1);
/*!40000 ALTER TABLE `ecs_shop_config` ENABLE KEYS */;
UNLOCK TABLES;

--
-- Table structure for table `ecs_snatch_log`
--

DROP TABLE IF EXISTS `ecs_snatch_log`;
/*!40101 SET @saved_cs_client     = @@character_set_client */;
/*!40101 SET character_set_client = utf8 */;
CREATE TABLE `ecs_snatch_log` (
  `log_id` mediumint(8) unsigned NOT NULL AUTO_INCREMENT,
  `snatch_id` tinyint(3) unsigned NOT NULL DEFAULT '0',
  `user_id` mediumint(8) unsigned NOT NULL DEFAULT '0',
  `bid_price` decimal(10,2) NOT NULL DEFAULT '0.00',
  `bid_time` int(10) unsigned NOT NULL DEFAULT '0',
  PRIMARY KEY (`log_id`),
  KEY `snatch_id` (`snatch_id`)
) ENGINE=MyISAM DEFAULT CHARSET=utf8;
/*!40101 SET character_set_client = @saved_cs_client */;

--
-- Dumping data for table `ecs_snatch_log`
--

LOCK TABLES `ecs_snatch_log` WRITE;
/*!40000 ALTER TABLE `ecs_snatch_log` DISABLE KEYS */;
/*!40000 ALTER TABLE `ecs_snatch_log` ENABLE KEYS */;
UNLOCK TABLES;

--
-- Table structure for table `ecs_stats`
--

DROP TABLE IF EXISTS `ecs_stats`;
/*!40101 SET @saved_cs_client     = @@character_set_client */;
/*!40101 SET character_set_client = utf8 */;
CREATE TABLE `ecs_stats` (
  `access_time` int(10) unsigned NOT NULL DEFAULT '0',
  `ip_address` varchar(15) NOT NULL DEFAULT '',
  `visit_times` smallint(5) unsigned NOT NULL DEFAULT '1',
  `browser` varchar(60) NOT NULL DEFAULT '',
  `system` varchar(20) NOT NULL DEFAULT '',
  `language` varchar(20) NOT NULL DEFAULT '',
  `area` varchar(30) NOT NULL DEFAULT '',
  `referer_domain` varchar(100) NOT NULL DEFAULT '',
  `referer_path` varchar(200) NOT NULL DEFAULT '',
  `access_url` varchar(255) NOT NULL DEFAULT '',
  KEY `access_time` (`access_time`)
) ENGINE=MyISAM DEFAULT CHARSET=utf8;
/*!40101 SET character_set_client = @saved_cs_client */;

--
-- Dumping data for table `ecs_stats`
--

LOCK TABLES `ecs_stats` WRITE;
/*!40000 ALTER TABLE `ecs_stats` DISABLE KEYS */;
INSERT INTO `ecs_stats` VALUES (1388476855,'127.0.0.1',63,'Internet Explorer 7.0','Windows XP','zh-cn','LAN','http://127.0.0.1','/ec273cn/360buy/360buy1231/admin/index.php?act=top','/ec273cn/360buy/360buy1231/index.php'),(1388479734,'127.0.0.1',64,'Internet Explorer 7.0','Windows XP','zh-cn','LAN','http://127.0.0.1','/ec273cn/360buy/360buy1231/user.php?act=logout','/ec273cn/360buy/360buy1231/user.php'),(1388479806,'127.0.0.1',65,'Internet Explorer 7.0','Windows XP','zh-cn','LAN','http://127.0.0.1','/ec273cn/360buy/360buy1231/user.php?act=logout','/ec273cn/360buy/360buy1231/user.php'),(1388480829,'127.0.0.1',66,'Internet Explorer 7.0','Windows XP','zh-cn','LAN','http://127.0.0.1','/ec273cn/360buy/360buy1231/user.php?act=logout','/ec273cn/360buy/360buy1231/flow.php'),(1388568420,'127.0.0.1',67,'Internet Explorer 7.0','Windows XP','zh-cn','LAN','','','/ec273cn/360buy/360buy1231/index.php'),(1388621241,'127.0.0.1',70,'Internet Explorer 7.0','Windows XP','zh-cn','LAN','','','/ec273cn/360buy/360buy1231/index.php'),(1388622099,'127.0.0.1',1,'Internet Explorer 7.0','Windows XP','zh-cn','LAN','http://127.0.0.1','/ec273cn/360buy/360buy1231/admin/index.php?act=top','/ec273cn/360buy/360buy1231/index.php'),(1388624351,'127.0.0.1',9,'Safari 537.36','Windows XP','zh-CN,zh','LAN','','','/ec273cn/360buy/360buy1231/index.php'),(1388624871,'127.0.0.1',3,'Internet Explorer 7.0','Windows XP','zh-cn','LAN','http://127.0.0.1','/ec273cn/360buy/360buy1231/index.php','/ec273cn/360buy/360buy1231/pro_goods.php'),(1388625062,'127.0.0.1',5,'Internet Explorer 7.0','Windows XP','zh-cn','LAN','http://127.0.0.1','/ec273cn/360buy/360buy1231/admin/index.php?act=top','/ec273cn/360buy/360buy1231/index.php'),(1388626751,'127.0.0.1',11,'Safari 537.36','Windows XP','zh-CN,zh','LAN','http://127.0.0.1','/ec273cn/360buy/360buy1231/flow.php?step=checkout','/ec273cn/360buy/360buy1231/flow.php'),(1388711421,'127.0.0.1',15,'Internet Explorer 7.0','Windows XP','zh-cn','LAN','','','/ec273cn/360buy/360buy1231/index.php'),(1389058144,'127.0.0.1',19,'Internet Explorer 7.0','Windows XP','zh-cn','LAN','','','/ec273cn/360buy/360buy1231/index.php'),(1388751573,'127.0.0.1',23,'Internet Explorer 7.0','Windows XP','zh-cn','LAN','','','/ec273cn/360buy/360buy1231/index.php'),(1388752005,'127.0.0.1',25,'Internet Explorer 7.0','Windows XP','zh-cn','LAN','http://127.0.0.1','/ec273cn/360buy/360buy1231/category.php?id=2','/ec273cn/360buy/360buy1231/index.php'),(1388753161,'127.0.0.1',12,'Safari 537.36','Windows XP','zh-CN,zh','LAN','','','/ec273cn/360buy/360buy1231/index.php'),(1388753943,'127.0.0.1',27,'Internet Explorer 7.0','Windows XP','zh-cn','LAN','http://127.0.0.1','/ec273cn/360buy/360buy1231/admin/index.php?act=top','/ec273cn/360buy/360buy1231/index.php'),(1388755606,'127.0.0.1',13,'Safari 537.36','Windows XP','zh-CN,zh','LAN','http://127.0.0.1','/ec273cn/360buy/360buy1231/','/ec273cn/360buy/360buy1231/index.php'),(1388757511,'127.0.0.1',28,'Internet Explorer 7.0','Windows XP','zh-cn','LAN','http://127.0.0.1','/ec273cn/360buy/360buy1231/flow.php','/ec273cn/360buy/360buy1231/index.php'),(1389019892,'127.0.0.1',29,'Internet Explorer 7.0','Windows XP','zh-cn','LAN','http://127.0.0.1','/ec273cn/360buy/360buy1231/index.php','/ec273cn/360buy/360buy1231/index.php'),(1389055632,'127.0.0.1',37,'Internet Explorer 7.0','Windows XP','zh-cn','LAN','','','/ec273cn/360buy/360buy1231/index.php'),(1389057704,'127.0.0.1',14,'Safari 537.36','Windows XP','zh-CN,zh','LAN','','','/ec273cn/360buy/360buy1231/flow.php'),(1389076127,'127.0.0.1',41,'Internet Explorer 7.0','Windows XP','zh-cn','LAN','','','/ec273cn/360buy/360buy1231/index.php'),(1389225694,'127.0.0.1',55,'Internet Explorer 7.0','Windows XP','zh-cn','LAN','','','/ec273cn/360buy/360buy1231/index.php'),(1389765408,'127.0.0.1',22,'Internet Explorer 7.0','Windows XP','zh-cn','LAN','','','/ec273cn/360buy/360buy1231/index.php'),(1389850078,'127.0.0.1',3,'Internet Explorer 7.0','Windows XP','zh-cn','LAN','','','/ec273cn/360buy/360buy1231/index.php'),(1389855981,'127.0.0.1',8,'Internet Explorer 7.0','Windows XP','zh-cn','LAN','','','/ec273cn/360buy/360buy1231/index.php'),(1389929117,'127.0.0.1',26,'Internet Explorer 7.0','Windows XP','zh-cn','LAN','','','/ec273cn/360buy/360buy1231/index.php'),(1390368035,'127.0.0.1',46,'Internet Explorer 7.0','Windows XP','zh-cn','LAN','','','/ec273cn/360buy/360buy1231/index.php'),(1390541876,'127.0.0.1',49,'Internet Explorer 7.0','Windows XP','zh-cn','LAN','','','/ec273cn/360buy/360buy1231/flow.php'),(1390542263,'127.0.0.1',51,'Internet Explorer 7.0','Windows XP','zh-cn','LAN','','','/ec273cn/360buy/360buy1231/flow.php'),(1390803636,'127.0.0.1',56,'Internet Explorer 7.0','Windows XP','zh-cn','LAN','','','/ec273cn/360buy/360buy1231/index.php'),(1390803761,'127.0.0.1',56,'FireFox 26.0','Windows XP','zh-cn,zh','LAN','','','/ec273cn/360buy/360buy1231/category.php'),(1390804744,'127.0.0.1',58,'FireFox 26.0','Windows XP','zh-cn,zh','LAN','http://127.0.0.1','/ec273cn/360buy/360buy1231/admin/index.php?act=top','/ec273cn/360buy/360buy1231/index.php'),(1394418035,'127.0.0.1',17,'Safari 537.36','Windows XP','zh-CN,zh','LAN','','','/ec273cn/360buy/360buy1231/index.php'),(1394773645,'127.0.0.1',2,'Internet Explorer 7.0','Windows XP','zh-cn','LAN','','','/ec273cn/360buy/360buy1231/index.php'),(1394773710,'127.0.0.1',4,'Safari 537.36','Windows XP','zh-CN,zh','LAN','','','/ec273cn/360buy/360buy1231/topic.php'),(1396521704,'127.0.0.1',183,'Safari 537.36','Windows XP','zh-CN,zh','LAN','','','/ec273cn/360buy/360buy1231/index.php'),(1396608861,'127.0.0.1',124,'Internet Explorer 7.0','Windows XP','zh-cn','LAN','','','/ec273cn/360buy/360buy1231/index.php'),(1400567882,'127.0.0.1',18,'Internet Explorer 8.0','Windows XP','zh-cn','LAN','','','/ec273cn/360buy/360buy1231/index.php'),(1401181402,'127.0.0.1',57,'Internet Explorer 8.0','Windows XP','zh-cn','LAN','','','/ec273cn/360buy/360buy1231/index.php'),(1401181504,'127.0.0.1',57,'Internet Explorer 8.0','Windows XP','zh-cn','LAN','http://127.0.0.1','/ec273cn/360buy/360buy1231/admin/index.php?act=top','/ec273cn/360buy/360buy1231/index.php'),(1401367848,'127.0.0.8',6,'FireFox 29.0','Windows XP','zh-cn,zh','LAN','','','/index.php'),(1401371505,'127.0.0.8',7,'FireFox 29.0','Windows XP','zh-cn,zh','LAN','','','/user.php'),(1401373242,'127.0.0.8',8,'Safari 537.36','Windows XP','zh-CN,zh','LAN','http://127.0.0.8','/supplier/index.php?act=top','/supplier.php'),(1401376279,'127.0.0.8',8,'FireFox 29.0','Windows XP','zh-cn,zh','LAN','','','/supplier.php'),(1401415415,'127.0.0.1',2,'Safari 537.36','Windows NT','zh-CN,zh','LAN','http://127.0.0.2','/admin/index.php?act=top','/index.php'),(1401425866,'127.0.0.1',3,'Safari 537.36','Windows NT','zh-CN,zh','LAN','http://127.0.0.2','/goods.php?id=44','/supplier.php'),(1401428855,'127.0.0.1',4,'Safari 537.36','Windows NT','zh-CN,zh','LAN','http://127.0.0.2','/goods.php?id=44','/supplier.php'),(1401430387,'127.0.0.1',1,'Safari 537.36','Windows NT','zh-CN,zh','LAN','','','/index.php'),(1401432948,'127.0.0.1',2,'Safari 537.36','Windows NT','zh-CN,zh','LAN','','','/index.php'),(1401438790,'127.0.0.1',1,'Internet Explorer 9.0','Windows NT','zh-CN','LAN','','','/index.php'),(1401441603,'127.0.0.1',2,'Internet Explorer 9.0','Windows NT','zh-CN','LAN','http://127.0.0.3','/supplier/index.php?act=top','/supplier.php'),(1401773793,'127.0.0.1',3,'Internet Explorer 9.0','Windows NT','zh-CN','LAN','','','/index.php'),(1401774047,'127.0.0.1',1,'Internet Explorer 7.0','Windows NT','zh-CN','LAN','','','/supplier.php'),(1401776587,'127.0.0.1',3,'Safari 537.36','Windows NT','zh-CN,zh','LAN','','','/supplier.php'),(1401787238,'127.0.0.1',4,'Internet Explorer 9.0','Windows NT','zh-CN','LAN','http://127.0.0.3','/supplier.php?go=category&suppId=1&id=20','/supplier.php'),(1401930390,'127.0.0.1',1,'FireFox 29.0','Windows NT','zh-cn,zh','LAN','','','/index.php'),(1401930926,'127.0.0.1',1,'Unknow browser','Windows 32','','LAN','http://127.0.0.3','/','/category.php'),(1401930931,'127.0.0.1',1,'Unknow browser','Windows 32','','LAN','http://127.0.0.3','/category.php?id=2','/goods.php'),(1401931258,'127.0.0.1',4,'Safari 537.36','Windows NT','zh-CN,zh','LAN','','','/index.php'),(1401933192,'127.0.0.1',5,'Safari 537.36','Windows NT','zh-CN,zh','LAN','http://127.0.0.3','/user.php?act=logout','/user.php'),(1401933594,'127.0.0.1',6,'Safari 537.36','Windows NT','zh-CN,zh','LAN','http://127.0.0.3','/user.php?act=logout','/index.php'),(1401935433,'127.0.0.1',7,'Safari 537.36','Windows NT','zh-CN,zh','LAN','','','/index.php'),(1401939809,'127.0.0.1',8,'Safari 537.36','Windows NT','zh-CN,zh','LAN','http://127.0.0.3','/user.php?act=logout','/index.php'),(1401939862,'127.0.0.1',2,'FireFox 29.0','Windows NT','zh-cn,zh','LAN','','','/index.php'),(1401939883,'127.0.0.1',3,'Internet Explorer 9.0','Windows NT','zh-CN','LAN','','','/index.php'),(1401946035,'127.0.0.1',9,'Safari 537.36','Windows NT','zh-CN,zh','LAN','http://127.0.0.3','/admin/index.php?act=top','/index.php'),(1401946604,'127.0.0.1',10,'Safari 537.36','Windows NT','zh-CN,zh','LAN','http://127.0.0.3','/user.php?act=logout','/index.php'),(1401947544,'127.0.0.1',11,'Safari 537.36','Windows NT','zh-CN,zh','LAN','http://127.0.0.3','/user.php?act=logout','/index.php'),(1401947637,'127.0.0.1',12,'Safari 537.36','Windows NT','zh-CN,zh','LAN','http://127.0.0.3','/user.php?act=logout','/index.php'),(1401950332,'127.0.0.1',13,'Safari 537.36','Windows NT','zh-CN,zh','LAN','http://127.0.0.3','/user.php?act=logout','/user.php'),(1401950418,'127.0.0.1',3,'FireFox 29.0','Windows NT','zh-cn,zh','LAN','','','/flow.php'),(1401950438,'127.0.0.1',1,'Unknow browser','Windows 32','','LAN','http://127.0.0.3','/user.php','/user.php'),(1401950461,'127.0.0.1',1,'Unknow browser','Windows 32','','LAN','http://127.0.0.3','/supplier/goods.php?act=list&supplier_status=1','/goods.php'),(1401950468,'127.0.0.1',1,'Unknow browser','Windows 32','','LAN','http://127.0.0.3','/flow.php','/flow.php'),(1401951515,'127.0.0.1',14,'Safari 537.36','Windows NT','zh-CN,zh','LAN','','','/index.php'),(1402019958,'127.0.0.1',15,'Safari 537.36','Windows NT','zh-CN,zh','LAN','','','/index.php'),(1402041291,'127.0.0.1',16,'Safari 537.36','Windows NT','zh-CN,zh','LAN','','','/index.php'),(1402046718,'127.0.0.1',17,'Safari 537.36','Windows NT','zh-CN,zh','LAN','','','/index.php'),(1402048183,'127.0.0.1',18,'Safari 537.36','Windows NT','zh-CN,zh','LAN','','','/mobile/index.php'),(1402048208,'127.0.0.1',19,'Safari 537.36','Windows NT','zh-CN,zh','LAN','http://127.0.0.3','/admin/goods.php?act=list','/goods.php'),(1402048216,'127.0.0.1',20,'Safari 537.36','Windows NT','zh-CN,zh','LAN','','','/mobile/goods.php'),(1402048223,'127.0.0.1',21,'Safari 537.36','Windows NT','zh-CN,zh','LAN','http://127.0.0.3','/admin/index.php?act=top','/index.php'),(1402048226,'127.0.0.1',22,'Safari 537.36','Windows NT','zh-CN,zh','LAN','','','/mobile/index.php'),(1402102631,'127.0.0.1',23,'Safari 537.36','Windows NT','zh-CN,zh','LAN','','','/index.php'),(1402102648,'127.0.0.1',24,'Safari 537.36','Windows NT','zh-CN,zh','LAN','','','/mobile/index.php'),(1402105140,'127.0.0.1',25,'Safari 537.36','Windows NT','zh-CN,zh','LAN','http://127.0.0.3','/admin/index.php?act=top','/index.php'),(1402105143,'127.0.0.1',26,'Safari 537.36','Windows NT','zh-CN,zh','LAN','','','/mobile/index.php'),(1402106182,'127.0.0.1',27,'Safari 537.36','Windows NT','zh-CN,zh','LAN','http://127.0.0.3','/admin/index.php?act=top','/index.php'),(1402106674,'127.0.0.1',28,'Safari 537.36','Windows NT','zh-CN,zh','LAN','http://127.0.0.3','/mobile/flow.php?step=checkout','/mobile/flow.php'),(1402108101,'127.0.0.1',29,'Safari 537.36','Windows NT','zh-CN,zh','LAN','http://127.0.0.3','/category.php?id=2','/user.php'),(1402108151,'127.0.0.1',30,'Safari 537.36','Windows NT','zh-CN,zh','LAN','http://127.0.0.3','/mobile/flow.php?step=done','/mobile/user.php'),(1402109228,'127.0.0.1',31,'Safari 537.36','Windows NT','zh-CN,zh','LAN','http://127.0.0.3','/flow.php?step=done','/index.php'),(1402109568,'127.0.0.1',32,'Safari 537.36','Windows NT','zh-CN,zh','LAN','http://127.0.0.3','/mobile/goods.php?id=54','/mobile/supplier.php'),(1402110220,'127.0.0.1',33,'Safari 537.36','Windows NT','zh-CN,zh','LAN','http://127.0.0.3','/mobile/supplier.php?suppId=1','/supplier.php'),(1402110318,'127.0.0.1',34,'Safari 537.36','Windows NT','zh-CN,zh','LAN','http://127.0.0.3','/mobile/supplier.php?suppId=1','/mobile/supplier.php'),(1402110358,'127.0.0.1',35,'Safari 537.36','Windows NT','zh-CN,zh','LAN','http://127.0.0.3','/supplier/index.php?act=top','/supplier.php'),(1402110363,'127.0.0.1',36,'Safari 537.36','Windows NT','zh-CN,zh','LAN','','','/mobile/index.php'),(1402120622,'127.0.0.1',37,'Safari 537.36','Windows NT','zh-CN,zh','LAN','http://127.0.0.3','/mobile/','/mobile/goods.php'),(1402280827,'127.0.0.1',38,'Safari 537.36','Windows NT','zh-CN,zh','LAN','','','/index.php'),(1402295880,'127.0.0.1',5,'Internet Explorer 9.0','Windows NT','zh-CN','LAN','','','/index.php'),(1402302032,'127.0.0.1',39,'Safari 537.36','Windows NT','zh-CN,zh','LAN','','','/index.php'),(1402302653,'127.0.0.1',4,'FireFox 29.0','Windows NT','zh-cn,zh','LAN','','','/category.php'),(1402306482,'127.0.0.1',40,'Safari 537.36','Windows NT','zh-CN,zh','LAN','http://127.0.0.3','/admin/index.php?act=top','/index.php'),(1402364662,'127.0.0.1',1,'Safari 537.36','Windows NT','zh-CN,zh','LAN','','','/index.php'),(1402364706,'127.0.0.1',6,'Internet Explorer 9.0','Windows NT','zh-CN','LAN','','','/supplier.php'),(1402388348,'127.0.0.1',5,'FireFox 29.0','Windows NT','zh-cn,zh','LAN','','','/index.php'),(1402392998,'127.0.0.1',6,'FireFox 29.0','Windows NT','zh-cn,zh','LAN','','','/index.php'),(1402393004,'127.0.0.1',7,'FireFox 29.0','Windows NT','zh-cn,zh','LAN','','','/mobile/index.php'),(1402393030,'127.0.0.1',1,'Unknow browser','Windows 32','','LAN','http://127.0.0.3','/mobile/search.php?encode=YToyOntzOjg6ImtleXdvcmRzIjtzOjI6IjY4IjtzOjE4OiJzZWFyY2hfZW5jb2RlX3RpbWUiO2k6MTQwMjM5MzAxNDt9','/mobile/goods.php'),(1402393047,'127.0.0.1',1,'Unknow browser','Windows 32','','LAN','http://127.0.0.3','/mobile/search.php?encode=YToyOntzOjg6ImtleXdvcmRzIjtzOjI6IjY4IjtzOjE4OiJzZWFyY2hfZW5jb2RlX3RpbWUiO2k6MTQwMjM5MzAxNDt9','/mobile/goods.php'),(1402393050,'127.0.0.1',1,'Unknow browser','Windows 32','','LAN','http://127.0.0.3','/mobile/goods.php?id=54','/mobile/supplier.php'),(1402534413,'127.0.0.1',2,'Safari 537.36','Windows NT','zh-CN,zh','LAN','','','/index.php'),(1402563898,'127.0.0.1',3,'Safari 537.36','Windows NT','zh-CN,zh','LAN','','','/index.php'),(1402566221,'127.0.0.1',8,'FireFox 29.0','Windows NT','zh-cn,zh','LAN','','','/category.php'),(1402567170,'127.0.0.1',9,'Internet Explorer 9.0','Windows NT','zh-CN','LAN','','','/category.php'),(1402567542,'127.0.0.1',1,'Unknow browser','Windows 32','','LAN','http://127.0.0.3','/compare.php?goods[]=31&goods[]=32&goods[]=33','/category.php'),(1402567588,'127.0.0.1',1,'Unknow browser','Windows 32','','LAN','http://127.0.0.3','/compare.php?goods[]=31&goods[]=32&goods[]=33','/category.php'),(1402567588,'127.0.0.1',1,'Unknow browser','Windows 32','','LAN','http://127.0.0.3','/compare.php?goods[]=31&goods[]=32&goods[]=33','/category.php'),(1402567592,'127.0.0.1',1,'Unknow browser','Windows 32','','LAN','http://127.0.0.3','/category.php?id=2','/category.php'),(1402619519,'127.0.0.1',7,'Internet Explorer 9.0','Windows NT','zh-CN','LAN','','','/index.php'),(1402620119,'127.0.0.1',9,'FireFox 29.0','Windows NT','zh-cn,zh','LAN','','','/category.php'),(1402620176,'127.0.0.1',10,'Internet Explorer 9.0','Windows NT','zh-CN','LAN','','','/category.php'),(1402622213,'127.0.0.1',1,'Unknow browser','Windows 32','','LAN','http://127.0.0.3','/category.php?id=3','/category.php'),(1402622464,'127.0.0.1',1,'Unknow browser','Windows 32','','LAN','http://127.0.0.3','/category.php?id=6','/goods.php'),(1402622467,'127.0.0.1',1,'Unknow browser','Windows 32','','LAN','http://127.0.0.3','/category.php?id=6','/goods.php'),(1402622469,'127.0.0.1',1,'Unknow browser','Windows 32','','LAN','http://127.0.0.3','/category.php?id=6','/goods.php'),(1402622473,'127.0.0.1',1,'Unknow browser','Windows 32','','LAN','http://127.0.0.3','/category.php?id=6','/goods.php'),(1402622476,'127.0.0.1',1,'Unknow browser','Windows 32','','LAN','http://127.0.0.3','/category.php?id=6','/goods.php'),(1402626695,'127.0.0.1',10,'FireFox 29.0','Windows NT','zh-cn,zh','LAN','http://127.0.0.3','/category.php?id=6','/compare.php'),(1402626972,'127.0.0.1',1,'Unknow browser','Windows 32','','LAN','http://127.0.0.3','/compare.php?goods[]=36&goods[]=37&back_url=http://127.0.0.3/category.php?id=6','/category.php'),(1402626973,'127.0.0.1',1,'Unknow browser','Windows 32','','LAN','http://127.0.0.3','/compare.php?goods[]=36&goods[]=37&back_url=http://127.0.0.3/category.php?id=6','/category.php'),(1402626975,'127.0.0.1',1,'Unknow browser','Windows 32','','LAN','http://127.0.0.3','/category.php?id=3','/category.php'),(1402626979,'127.0.0.1',1,'Unknow browser','Windows 32','','LAN','http://127.0.0.3','/category.php?id=3','/category.php'),(1402627043,'127.0.0.1',1,'Unknow browser','Windows 32','','LAN','http://127.0.0.3','/compare.php?goods[]=37&goods[]=38&back_url=http://127.0.0.3/category.php?id=6','/category.php'),(1402627065,'127.0.0.1',1,'Unknow browser','Windows 32','','LAN','http://127.0.0.3','/compare.php?goods[]=36&goods[]=37&goods[]=38','/compare.php'),(1402627071,'127.0.0.1',1,'Unknow browser','Windows 32','','LAN','http://127.0.0.3','/compare.php?goods[]=36&goods[]=37&goods[]=38#','/compare.php'),(1402627078,'127.0.0.1',1,'Unknow browser','Windows 32','','LAN','http://127.0.0.3','/compare.php?goods[]=36&goods[]=37&goods[]=38#','/compare.php'),(1402627655,'127.0.0.1',1,'Unknow browser','Windows 32','','LAN','http://127.0.0.3','/compare.php?goods[]=36&goods[]=37&goods[]=38#','/compare.php'),(1402627661,'127.0.0.1',1,'Unknow browser','Windows 32','','LAN','http://127.0.0.3','/compare.php?goods[]=36&goods[]=37&goods[]=38#','/compare.php'),(1402627665,'127.0.0.1',1,'Unknow browser','Windows 32','','LAN','http://127.0.0.3','/compare.php?goods[]=36&goods[]=37&goods[]=38#','/compare.php'),(1402627671,'127.0.0.1',1,'Unknow browser','Windows 32','','LAN','http://127.0.0.3','/compare.php?goods[]=36&goods[]=37&goods[]=38#','/compare.php'),(1402627720,'127.0.0.1',1,'Unknow browser','Windows 32','','LAN','http://127.0.0.3','/compare.php?goods[]=36&goods[]=37&goods[]=38#','/compare.php'),(1402627726,'127.0.0.1',1,'Unknow browser','Windows 32','','LAN','http://127.0.0.3','/compare.php?goods[]=36&goods[]=37&goods[]=38#','/compare.php'),(1402627729,'127.0.0.1',1,'Unknow browser','Windows 32','','LAN','http://127.0.0.3','/compare.php?goods[]=36&goods[]=37&goods[]=38#','/compare.php'),(1402627733,'127.0.0.1',1,'Unknow browser','Windows 32','','LAN','http://127.0.0.3','/compare.php?goods[]=36&goods[]=37&goods[]=38#','/compare.php'),(1402627944,'127.0.0.1',1,'Unknow browser','Windows 32','','LAN','http://127.0.0.3','/','/category.php'),(1402628211,'127.0.0.1',11,'Internet Explorer 9.0','Windows NT','zh-CN','LAN','','','/category.php'),(1402638563,'127.0.0.1',11,'FireFox 29.0','Windows NT','zh-cn,zh','LAN','','','/compare.php'),(1402638700,'127.0.0.1',1,'Unknow browser','Windows 32','','LAN','http://127.0.0.3','/compare.php?goods[]=36&goods[]=37&goods[]=38#','/category.php'),(1402639365,'127.0.0.1',1,'Unknow browser','Windows 32','','LAN','http://127.0.0.3','/compare.php?goods[]=31&goods[]=32&goods[]=33','/compare.php'),(1402639367,'127.0.0.1',1,'Unknow browser','Windows 32','','LAN','http://127.0.0.3','/compare.php?goods[]=31&goods[]=32&goods[]=33#','/compare.php'),(1403314737,'127.0.0.1',4,'Safari 537.36','Windows NT','zh-CN,zh','LAN','','','/index.php'),(1403336971,'127.0.0.1',5,'Safari 537.36','Windows NT','zh-CN,zh','LAN','','','/index.php'),(1403570509,'127.0.0.1',6,'Safari 537.36','Windows NT','zh-CN,zh','LAN','','','/index.php'),(1403595943,'127.0.0.1',7,'Safari 537.36','Windows NT','zh-CN,zh','LAN','','','/index.php'),(1403595973,'127.0.0.1',8,'Safari 537.36','Windows NT','zh-CN,zh','LAN','','','/mobile/index.php'),(1403599876,'127.0.0.1',9,'Safari 537.36','Windows NT','zh-CN,zh','LAN','','','/mobile/index.php'),(1403654957,'127.0.0.1',10,'Safari 537.36','Windows NT','zh-CN,zh','LAN','','','/index.php'),(1403655253,'127.0.0.1',11,'Safari 537.36','Windows NT','zh-CN,zh','LAN','','','/mobile/index.php'),(1403655269,'127.0.0.1',12,'Safari 537.36','Windows NT','zh-CN,zh','LAN','','','/index.php'),(1403655322,'127.0.0.1',13,'Safari 537.36','Windows NT','zh-CN,zh','LAN','http://127.0.0.3','/mobile/','/mobile/search.php'),(1403663387,'127.0.0.1',14,'Safari 537.36','Windows NT','zh-CN,zh','LAN','http://127.0.0.3','/goods.php?id=54','/supplier.php'),(1403663388,'127.0.0.1',15,'Safari 537.36','Windows NT','zh-CN,zh','LAN','http://127.0.0.3','/mobile/goods.php?id=54','/mobile/supplier.php'),(1403664917,'127.0.0.1',16,'Safari 537.36','Windows NT','zh-CN,zh','LAN','http://127.0.0.3','/supplier.php?suppId=1','/supplier.php'),(1403664944,'127.0.0.1',17,'Safari 537.36','Windows NT','zh-CN,zh','LAN','http://127.0.0.3','/mobile/supplier.php?suppId=1','/mobile/supplier.php'),(1403665011,'127.0.0.1',18,'Safari 537.36','Windows NT','zh-CN,zh','LAN','http://127.0.0.3','/supplier.php?go=search&suppId=1&keywords=3','/supplier.php'),(1403665047,'127.0.0.1',19,'Safari 537.36','Windows NT','zh-CN,zh','LAN','http://127.0.0.3','/mobile/goods.php?id=54','/mobile/supplier.php'),(1403665367,'127.0.0.1',20,'Safari 537.36','Windows NT','zh-CN,zh','LAN','http://127.0.0.3','/supplier.php?suppId=1','/supplier.php'),(1403665496,'127.0.0.1',21,'Safari 537.36','Windows NT','zh-CN,zh','LAN','http://127.0.0.3','/mobile/goods.php?id=54','/mobile/supplier.php'),(1403665944,'127.0.0.1',22,'Safari 537.36','Windows NT','zh-CN,zh','LAN','http://127.0.0.3','/supplier.php?go=category&suppId=1&id=2','/supplier.php'),(1403665985,'127.0.0.1',23,'Safari 537.36','Windows NT','zh-CN,zh','LAN','http://127.0.0.3','/mobile/goods.php?id=54','/mobile/supplier.php'),(1403666295,'127.0.0.1',24,'Safari 537.36','Windows NT','zh-CN,zh','LAN','http://127.0.0.3','/supplier.php?suppId=1','/supplier.php'),(1403666308,'127.0.0.1',25,'Safari 537.36','Windows NT','zh-CN,zh','LAN','http://127.0.0.3','/mobile/supplier.php?suppId=1','/mobile/supplier.php'),(1403674881,'127.0.0.1',26,'Safari 537.36','Windows NT','zh-CN,zh','LAN','http://127.0.0.3','/mobile/supplier.php?suppId=1','/mobile/supplier.php'),(1403677503,'127.0.0.1',27,'Safari 537.36','Windows NT','zh-CN,zh','LAN','http://127.0.0.3','/supplier.php?suppId=1','/supplier.php'),(1403677527,'127.0.0.1',28,'Safari 537.36','Windows NT','zh-CN,zh','LAN','http://127.0.0.3','/mobile/supplier.php?suppId=1','/mobile/supplier.php'),(1403679487,'127.0.0.1',29,'Safari 537.36','Windows NT','zh-CN,zh','LAN','','','/index.php'),(1403679725,'127.0.0.1',30,'Safari 537.36','Windows NT','zh-CN,zh','LAN','http://127.0.0.3','/mobile/supplier.php?suppId=1','/mobile/supplier.php'),(1403681670,'127.0.0.1',31,'Safari 537.36','Windows NT','zh-CN,zh','LAN','http://127.0.0.3','/admin/index.php?act=top','/index.php'),(1403681793,'127.0.0.1',32,'Safari 537.36','Windows NT','zh-CN,zh','LAN','http://127.0.0.3','/mobile/supplier.php?go=category&suppId=1&id=2','/mobile/supplier.php'),(1403683170,'127.0.0.1',33,'Safari 537.36','Windows NT','zh-CN,zh','LAN','http://127.0.0.3','/user.php?act=supplier_reg','/category.php'),(1403683222,'127.0.0.1',34,'Safari 537.36','Windows NT','zh-CN,zh','LAN','http://127.0.0.3','/mobile/supplier.php?go=category&suppId=1&id=2','/mobile/supplier.php'),(1403683303,'127.0.0.1',35,'Safari 537.36','Windows NT','zh-CN,zh','LAN','','','/supplier.php'),(1403683331,'127.0.0.1',36,'Safari 537.36','Windows NT','zh-CN,zh','LAN','http://127.0.0.3','/mobile/supplier.php?go=category&suppId=1&id=2','/mobile/supplier.php'),(1403685497,'127.0.0.1',37,'Safari 537.36','Windows NT','zh-CN,zh','LAN','http://127.0.0.3','/supplier.php?go=category&suppId=1&id=2','/supplier.php'),(1403685543,'127.0.0.1',38,'Safari 537.36','Windows NT','zh-CN,zh','LAN','http://127.0.0.3','/mobile/goods.php?id=54','/mobile/supplier.php'),(1403686128,'127.0.0.1',39,'Safari 537.36','Windows NT','zh-CN,zh','LAN','http://127.0.0.3','/supplier.php?suppId=1','/supplier.php'),(1403686313,'127.0.0.1',40,'Safari 537.36','Windows NT','zh-CN,zh','LAN','http://127.0.0.3','/mobile/goods.php?id=54','/mobile/supplier.php'),(1403687016,'127.0.0.1',41,'Safari 537.36','Windows NT','zh-CN,zh','LAN','http://127.0.0.3','/supplier.php?go=search&suppId=1&keywords=','/supplier.php'),(1403687049,'127.0.0.1',42,'Safari 537.36','Windows NT','zh-CN,zh','LAN','http://127.0.0.3','/mobile/supplier.php?suppId=1','/mobile/supplier.php'),(1403688071,'127.0.0.1',43,'Safari 537.36','Windows NT','zh-CN,zh','LAN','http://127.0.0.3','/supplier.php?go=category&suppId=1&id=2','/supplier.php'),(1403688086,'127.0.0.1',44,'Safari 537.36','Windows NT','zh-CN,zh','LAN','http://127.0.0.3','/mobile/goods.php?id=54','/mobile/supplier.php'),(1403689335,'127.0.0.1',45,'Safari 537.36','Windows NT','zh-CN,zh','LAN','http://127.0.0.3','/supplier.php?go=search&suppId=1&keywords=','/supplier.php'),(1403689639,'127.0.0.1',46,'Safari 537.36','Windows NT','zh-CN,zh','LAN','http://127.0.0.3','/mobile/goods.php?id=54','/mobile/supplier.php'),(1403689713,'127.0.0.1',47,'Safari 537.36','Windows NT','zh-CN,zh','LAN','http://127.0.0.3','/admin/index.php?act=top','/index.php'),(1403689723,'127.0.0.1',48,'Safari 537.36','Windows NT','zh-CN,zh','LAN','','','/mobile/index.php'),(1403742827,'127.0.0.1',49,'Safari 537.36','Windows NT','zh-CN,zh','LAN','','','/index.php'),(1403742991,'127.0.0.1',50,'Safari 537.36','Windows NT','zh-CN,zh','LAN','','','/mobile/index.php'),(1403743226,'127.0.0.1',51,'Safari 537.36','Windows NT','zh-CN,zh','LAN','http://127.0.0.3','/admin/index.php?act=top','/index.php'),(1403743653,'127.0.0.1',52,'Safari 537.36','Windows NT','zh-CN,zh','LAN','http://127.0.0.3','/mobile/supplier.php?suppId=1','/mobile/supplier.php'),(1403743674,'127.0.0.1',53,'Safari 537.36','Windows NT','zh-CN,zh','LAN','http://127.0.0.3','/supplier/index.php?act=top','/supplier.php'),(1403743720,'127.0.0.1',54,'Safari 537.36','Windows NT','zh-CN,zh','LAN','http://127.0.0.3','/mobile/supplier.php?go=category&suppId=1&id=2','/mobile/category.php'),(1403743891,'127.0.0.1',55,'Safari 537.36','Windows NT','zh-CN,zh','LAN','http://127.0.0.3','/supplier.php?go=category&suppId=1&id=2','/category.php'),(1403744121,'127.0.0.1',56,'Safari 537.36','Windows NT','zh-CN,zh','LAN','http://127.0.0.3','/mobile/goods.php?id=54','/mobile/supplier.php'),(1403744188,'127.0.0.1',57,'Safari 537.36','Windows NT','zh-CN,zh','LAN','http://127.0.0.3','/supplier.php?go=category&suppId=1&id=2','/supplier.php'),(1403745476,'127.0.0.1',58,'Safari 537.36','Windows NT','zh-CN,zh','LAN','http://127.0.0.3','/mobile/supplier.php?suppId=1','/mobile/supplier.php'),(1403917723,'127.0.0.1',59,'Safari 537.36','Windows NT','zh-CN,zh','LAN','','','/index.php'),(1403917764,'127.0.0.1',60,'Safari 537.36','Windows NT','zh-CN,zh','LAN','','','/mobile/index.php'),(1403918377,'127.0.0.1',61,'Safari 537.36','Windows NT','zh-CN,zh','LAN','http://127.0.0.3','/admin/index.php?act=top','/index.php'),(1403918558,'127.0.0.1',62,'Safari 537.36','Windows NT','zh-CN,zh','LAN','','','/mobile/supplier.php'),(1403918657,'127.0.0.1',63,'Safari 537.36','Windows NT','zh-CN,zh','LAN','http://127.0.0.3','/admin/index.php?act=top','/index.php'),(1403918725,'127.0.0.1',64,'Safari 537.36','Windows NT','zh-CN,zh','LAN','','','/mobile/supplier.php'),(1403918941,'127.0.0.1',65,'Safari 537.36','Windows NT','zh-CN,zh','LAN','http://127.0.0.3','/goods.php?id=58','/supplier.php'),(1403919139,'127.0.0.1',66,'Safari 537.36','Windows NT','zh-CN,zh','LAN','','','/mobile/supplier.php'),(1403919872,'127.0.0.1',67,'Safari 537.36','Windows NT','zh-CN,zh','LAN','http://127.0.0.3','/supplier.php?suppId=1','/goods.php'),(1404196495,'127.0.0.1',1,'Safari 537.36','Windows NT','zh-CN,zh','LAN','','','/index.php'),(1404196542,'127.0.0.1',2,'Safari 537.36','Windows NT','zh-CN,zh','LAN','','','/mobile/index.php'),(1404196560,'127.0.0.1',3,'Safari 537.36','Windows NT','zh-CN,zh','LAN','http://127.0.0.3','/','/index.php'),(1404198122,'127.0.0.1',4,'Safari 537.36','Windows NT','zh-CN,zh','LAN','','','/mobile/goods.php'),(1404199747,'127.0.0.1',5,'Safari 537.36','Windows NT','zh-CN,zh','LAN','','','/index.php'),(1404203115,'127.0.0.1',6,'Safari 537.36','Windows NT','zh-CN,zh','LAN','http://127.0.0.3','/admin/goods.php?act=list&uselastfilter=1','/goods.php'),(1404206417,'127.0.0.1',7,'Safari 537.36','Windows NT','zh-CN,zh','LAN','http://127.0.0.3','/admin/index.php?act=top','/index.php'),(1404262192,'127.0.0.1',8,'Safari 537.36','Windows NT','zh-CN,zh','LAN','','','/index.php'),(1404271130,'127.0.0.1',9,'Safari 537.36','Windows NT','zh-CN,zh','LAN','http://127.0.0.3','/category.php?id=80&price_min=0&price_max=0&filter_attr=60','/category.php'),(1404280019,'127.0.0.1',10,'Safari 537.36','Windows NT','zh-CN,zh','LAN','http://127.0.0.3','/user.php?act=order_list&composite_status=0','/user.php'),(1404346884,'127.0.0.1',11,'Safari 537.36','Windows NT','zh-CN,zh','LAN','','','/index.php'),(1404346966,'127.0.0.1',12,'FireFox 30.0','Windows NT','zh-cn,zh','LAN','','','/supplier.php'),(1404347103,'127.0.0.1',1,'Unknow browser','Windows 32','','LAN','http://127.0.0.3','/supplier.php?suppId=1','/supplier.php'),(1404347171,'127.0.0.1',1,'Unknow browser','Windows 32','','LAN','http://127.0.0.3','/supplier.php?suppId=1','/supplier.php'),(1404347174,'127.0.0.1',1,'Unknow browser','Windows 32','','LAN','http://127.0.0.3','/supplier.php?go=category&suppId=1&id=9','/supplier.php'),(1404347179,'127.0.0.1',1,'Unknow browser','Windows 32','','LAN','http://127.0.0.3','/supplier.php?go=category&suppId=1&id=20','/supplier.php'),(1404347182,'127.0.0.1',1,'Unknow browser','Windows 32','','LAN','http://127.0.0.3','/supplier.php?go=category&suppId=1&id=5','/supplier.php'),(1404347186,'127.0.0.1',1,'Unknow browser','Windows 32','','LAN','http://127.0.0.3','/supplier.php?go=category&suppId=1&id=2','/supplier.php'),(1404347189,'127.0.0.1',1,'Unknow browser','Windows 32','','LAN','http://127.0.0.3','/supplier.php?go=category&suppId=1&id=2&page=2','/supplier.php'),(1404347227,'127.0.0.1',1,'Unknow browser','Windows 32','','LAN','http://127.0.0.3','/supplier.php?go=category&suppId=1&id=2&page=1','/supplier.php'),(1404349506,'127.0.0.1',12,'Safari 537.36','Windows NT','zh-CN,zh','LAN','http://127.0.0.3','/search.php?encode=YToyOntzOjg6ImtleXdvcmRzIjtzOjY6Iua1i%2bivlSI7czoxODoic2VhcmNoX2VuY29kZV90aW1lIjtpOjE0MDQzNDY5MDE7fQ==','/category.php'),(1404360388,'127.0.0.1',13,'Safari 537.36','Windows NT','zh-CN,zh','LAN','http://127.0.0.3','/goods.php?id=54','/comment_add.php'),(1404360565,'127.0.0.1',1,'Unknow browser','Windows 32','','LAN','http://127.0.0.3','/supplier.php?suppId=1','/category.php'),(1404360566,'127.0.0.1',13,'FireFox 30.0','Windows NT','zh-cn,zh','LAN','http://127.0.0.3','/supplier.php?suppId=1','/category.php'),(1404360585,'127.0.0.1',1,'Unknow browser','Windows 32','','LAN','http://127.0.0.3','/category.php?id=80','/goods.php'),(1404379816,'127.0.0.1',14,'Safari 537.36','Windows NT','zh-CN,zh','LAN','http://127.0.0.3','/supplier.php?suppId=1','/supplier.php'),(1404381912,'127.0.0.1',14,'Safari 537.36','Windows NT','zh-CN,zh','LAN','http://127.0.0.3','/admin/index.php?act=top','/index.php'),(1404381940,'127.0.0.1',15,'Safari 537.36','Windows NT','zh-CN,zh','LAN','','','/mobile/supplier.php'),(1404381963,'127.0.0.1',16,'Safari 537.36','Windows NT','zh-CN,zh','LAN','http://127.0.0.3','/admin/index.php?act=top','/index.php'),(1404382221,'127.0.0.1',17,'Safari 537.36','Windows NT','zh-CN,zh','LAN','','','/mobile/supplier.php'),(1404382401,'127.0.0.1',18,'Safari 537.36','Windows NT','zh-CN,zh','LAN','','','/index.php'),(1404382418,'127.0.0.1',19,'Safari 537.36','Windows NT','zh-CN,zh','LAN','','','/mobile/supplier.php'),(1404382695,'127.0.0.1',14,'FireFox 30.0','Windows NT','zh-cn,zh','LAN','','','/mobile/supplier.php'),(1404383193,'127.0.0.1',20,'Safari 537.36','Windows NT','zh-CN,zh','LAN','','','/index.php'),(1404383214,'127.0.0.1',21,'Safari 537.36','Windows NT','zh-CN,zh','LAN','','','/mobile/supplier.php'),(1404383364,'127.0.0.1',22,'Safari 537.36','Windows NT','zh-CN,zh','LAN','http://127.0.0.3','/goods.php?id=58','/supplier.php'),(1404383373,'127.0.0.1',23,'Safari 537.36','Windows NT','zh-CN,zh','LAN','','','/mobile/supplier.php'),(1404383473,'127.0.0.1',24,'Safari 537.36','Windows NT','zh-CN,zh','LAN','','','/supplier.php'),(1404459176,'127.0.0.1',25,'Safari 537.36','Windows NT','zh-CN,zh','LAN','','','/index.php'),(1404459256,'127.0.0.1',26,'Safari 537.36','Windows NT','zh-CN,zh','LAN','','','/mobile/index.php'),(1404521126,'127.0.0.1',1,'Safari 537.36','Windows NT','zh-CN,zh','LAN','','','/index.php'),(1404538605,'127.0.0.1',2,'Safari 537.36','Windows NT','zh-CN,zh','LAN','','','/index.php'),(1404544137,'127.0.0.1',3,'Safari 537.36','Windows NT','zh-CN,zh','LAN','http://127.0.0.3','/admin/index.php?act=top','/index.php'),(1404548452,'127.0.0.1',4,'Safari 537.36','Windows NT','zh-CN,zh','LAN','http://127.0.0.3','/','/index.php'),(1404714175,'127.0.0.1',4,'Safari 537.36','Windows NT','zh-CN,zh','LAN','','','/index.php'),(1404714807,'127.0.0.1',1,'Internet Explorer 9.0','Windows NT','zh-CN','LAN','http://127.0.0.3','/supplier/index.php?act=top','/supplier.php'),(1404715153,'127.0.0.1',15,'FireFox 30.0','Windows NT','zh-cn,zh','LAN','','','/supplier.php'),(1404717326,'127.0.0.1',16,'FireFox 30.0','Windows NT','zh-cn,zh','LAN','','','/supplier.php'),(1404717838,'127.0.0.1',5,'Safari 537.36','Windows NT','zh-CN,zh','LAN','http://127.0.0.3','/user.php?act=supplier_reg','/category.php'),(1404718698,'127.0.0.1',1,'Unknow browser','Windows 32','','LAN','http://127.0.0.3','/supplier.php?go=category&suppId=1&id=2','/supplier.php'),(1404718745,'127.0.0.1',1,'Unknow browser','Windows 32','','LAN','http://127.0.0.3','/supplier.php?go=category&suppId=1&id=2&brand=1&price_min=0&price_max=0','/supplier.php'),(1404718994,'127.0.0.1',1,'Unknow browser','Windows 32','','LAN','http://127.0.0.3','/supplier.php?go=category&suppId=1&id=2&brand=1&price_min=700&price_max=1300','/supplier.php'),(1404718999,'127.0.0.1',1,'Unknow browser','Windows 32','','LAN','http://127.0.0.3','/supplier.php?go=category&suppId=1&id=2&brand=1&price_min=100&price_max=700','/supplier.php'),(1404719002,'127.0.0.1',1,'Unknow browser','Windows 32','','LAN','http://127.0.0.3','/supplier.php?go=category&suppId=1&id=2&brand=1&price_min=0&price_max=0','/supplier.php'),(1404719501,'127.0.0.1',1,'Unknow browser','Windows 32','','LAN','http://127.0.0.3','/supplier.php?go=category&suppId=1&id=2&price_min=0&price_max=0','/supplier.php'),(1404720694,'127.0.0.1',1,'Unknow browser','Windows 32','','LAN','http://127.0.0.3','/supplier.php?go=search&suppId=1&keywords=','/supplier.php'),(1404720698,'127.0.0.1',1,'Unknow browser','Windows 32','','LAN','http://127.0.0.3','/supplier.php?go=search&suppId=1&page=2&keywords=&price=0','/supplier.php'),(1404720771,'127.0.0.1',6,'Safari 537.36','Windows NT','zh-CN,zh','LAN','http://127.0.0.3','/category.php?id=80','/user.php'),(1404721242,'127.0.0.1',1,'Internet Explorer 9.0','Windows NT','zh-CN','LAN','','','/supplier.php'),(1404721456,'127.0.0.1',1,'Unknow browser','Windows 32','','LAN','http://127.0.0.3','/supplier.php?suppId=1','/supplier.php'),(1404721553,'127.0.0.1',1,'Unknow browser','Windows 32','','LAN','http://127.0.0.3','/supplier.php?go=category&suppId=1&id=2','/supplier.php'),(1404723642,'127.0.0.1',2,'Internet Explorer 9.0','Windows NT','zh-CN','LAN','','','/supplier.php'),(1404723672,'127.0.0.1',17,'FireFox 30.0','Windows NT','zh-cn,zh','LAN','http://127.0.0.3','/supplier.php?go=category&suppId=1&id=2','/supplier.php'),(1404730884,'127.0.0.1',18,'FireFox 30.0','Windows NT','zh-cn,zh','LAN','http://127.0.0.3','/admin/index.php?act=top','/index.php'),(1404731996,'127.0.0.1',1,'Unknow browser','Windows 32','','LAN','http://127.0.0.3','/user.php','/user.php'),(1404777211,'127.0.0.1',7,'Safari 537.36','Windows NT','zh-CN,zh','LAN','','','/index.php'),(1404806378,'127.0.0.1',2,'Internet Explorer 9.0','Windows NT','zh-CN','LAN','','','/index.php'),(1404808754,'127.0.0.1',3,'Internet Explorer 9.0','Windows NT','zh-CN','LAN','http://127.0.0.3','/','/category.php'),(1404808831,'127.0.0.1',8,'Safari 537.36','Windows NT','zh-CN,zh','LAN','','','/category.php'),(1404809654,'127.0.0.1',19,'FireFox 30.0','Windows NT','zh-cn,zh','LAN','','','/category.php'),(1404811580,'127.0.0.1',4,'Internet Explorer 9.0','Windows NT','zh-CN','LAN','http://127.0.0.3','/','/category.php'),(1404866659,'127.0.0.1',9,'Safari 537.36','Windows NT','zh-CN,zh','LAN','','','/index.php'),(1404869191,'127.0.0.1',10,'Safari 537.36','Windows NT','zh-CN,zh','LAN','http://127.0.0.3','/admin/index.php?act=top','/index.php'),(1404871404,'127.0.0.1',11,'Safari 537.36','Windows NT','zh-CN,zh','LAN','http://127.0.0.3','/user.php?act=order_detail&order_id=65','/user.php'),(1404873975,'127.0.0.1',12,'Safari 537.36','Windows NT','zh-CN,zh','LAN','http://127.0.0.3','/user.php?act=order_list&composite_status=-1&page=2','/user.php'),(1404883699,'127.0.0.1',13,'Safari 537.36','Windows NT','zh-CN,zh','LAN','http://127.0.0.3','/user.php?act=order_list','/user.php'),(1404886411,'127.0.0.1',14,'Safari 537.36','Windows NT','zh-CN,zh','LAN','http://127.0.0.3','/admin/goods.php?act=list','/goods.php'),(1404891550,'127.0.0.1',15,'Safari 537.36','Windows NT','zh-CN,zh','LAN','http://127.0.0.3','/user.php?act=logout','/user.php'),(1404892727,'127.0.0.1',16,'Safari 537.36','Windows NT','zh-CN,zh','LAN','','','/mobile/index.php'),(1404892881,'127.0.0.1',17,'Safari 537.36','Windows NT','zh-CN,zh','LAN','http://127.0.0.3','/admin/index.php?act=top','/index.php'),(1404893039,'127.0.0.1',18,'Safari 537.36','Windows NT','zh-CN,zh','LAN','http://127.0.0.3','/mobile/','/mobile/user.php'),(1404893178,'127.0.0.1',19,'Safari 537.36','Windows NT','zh-CN,zh','LAN','http://127.0.0.3','/supplier/index.php?act=top','/supplier.php'),(1404893187,'127.0.0.1',20,'Safari 537.36','Windows NT','zh-CN,zh','LAN','','','/mobile/clear.php'),(1404894778,'127.0.0.1',21,'Safari 537.36','Windows NT','zh-CN,zh','LAN','http://127.0.0.3','/admin/index.php?act=top','/index.php'),(1404898293,'127.0.0.1',22,'Safari 537.36','Windows NT','zh-CN,zh','LAN','http://127.0.0.3','/admin/index.php?act=top','/index.php'),(1404952553,'127.0.0.1',23,'Safari 537.36','Windows NT','zh-CN,zh','LAN','','','/index.php'),(1404953937,'127.0.0.1',20,'FireFox 30.0','Windows NT','zh-cn,zh','LAN','','','/category.php'),(1404955523,'127.0.0.1',1,'Unknow browser','Windows 32','','LAN','http://127.0.0.3','/user.php','/user.php'),(1404958380,'127.0.0.1',21,'FireFox 30.0','Windows NT','zh-cn,zh','LAN','','','/goods.php'),(1404970875,'127.0.0.1',24,'Safari 537.36','Windows NT','zh-CN,zh','LAN','http://127.0.0.3','/admin/goods.php?act=list','/goods.php'),(1404974586,'127.0.0.1',22,'FireFox 30.0','Windows NT','zh-cn,zh','LAN','','','/supplier.php'),(1404978528,'127.0.0.1',1,'Unknow browser','Windows 32','','LAN','http://127.0.0.3','/supplier.php?suppId=1','/supplier.php'),(1404979830,'127.0.0.1',1,'Unknow browser','Windows 32','','LAN','http://127.0.0.3','/supplier.php?go=category&suppId=1&id=2','/supplier.php'),(1404981550,'127.0.0.1',1,'Unknow browser','Windows 32','','LAN','http://127.0.0.3','/supplier.php?suppId=1','/goods.php'),(1404984084,'127.0.0.1',23,'Internet Explorer 7.0','Windows NT','zh-CN','LAN','','','/supplier.php'),(1404985253,'127.0.0.1',23,'FireFox 30.0','Windows NT','zh-cn,zh','LAN','http://127.0.0.3','/flow.php?step=checkout','/flow.php'),(1404988328,'127.0.0.1',24,'Internet Explorer 7.0','Windows NT','zh-CN','LAN','http://127.0.0.3','/supplier.php?suppId=1','/category.php'),(1404991278,'127.0.0.1',1,'FireFox 30.0','Windows NT','zh-cn,zh','LAN','','','/index.php'),(1404993709,'127.0.0.1',2,'FireFox 30.0','Windows NT','zh-cn,zh','LAN','','','/supplier.php'),(1404996046,'127.0.0.1',3,'FireFox 30.0','Windows NT','zh-cn,zh','LAN','http://127.0.0.9','/supplier.php?suppId=1','/index.php'),(1404998126,'127.0.0.1',4,'FireFox 30.0','Windows NT','zh-cn,zh','LAN','','','/flow.php'),(1405038306,'127.0.0.1',27,'Safari 537.36','Windows NT','zh-CN,zh','LAN','http://127.0.0.3','/admin/index.php?act=top','/index.php'),(1405040598,'127.0.0.1',5,'Internet Explorer 9.0','Windows NT','zh-CN','LAN','','','/index.php'),(1405040609,'127.0.0.1',24,'FireFox 30.0','Windows NT','zh-cn,zh','LAN','','','/index.php'),(1405040753,'127.0.0.1',1,'Unknow browser','Windows 32','','LAN','http://127.0.0.3','/search.php?encode=YToyOntzOjg6ImtleXdvcmRzIjtzOjY6Iua1i%2bivlSI7czoxODoic2VhcmNoX2VuY29kZV90aW1lIjtpOjE0MDUwNDA3NDE7fQ==','/search.php'),(1405042347,'127.0.0.1',1,'Unknow browser','Windows 32','','LAN','http://127.0.0.3','/user.php','/user.php'),(1405042429,'127.0.0.1',1,'Unknow browser','Windows 32','','LAN','http://127.0.0.3','/user.php','/user.php'),(1405042454,'127.0.0.1',1,'Unknow browser','Windows 32','','LAN','http://127.0.0.3','/flow.php?step=checkout','/flow.php'),(1405042525,'127.0.0.1',1,'Unknow browser','Windows 32','','LAN','http://127.0.0.3','/search.php?encode=YToyOntzOjg6ImtleXdvcmRzIjtzOjY6Iua1i%2bivlSI7czoxODoic2VhcmNoX2VuY29kZV90aW1lIjtpOjE0MDUwNDI1MjI7fQ==','/goods.php'),(1405042530,'127.0.0.1',1,'Unknow browser','Windows 32','','LAN','http://127.0.0.3','/goods.php?id=56','/supplier.php'),(1405043812,'127.0.0.1',28,'Safari 537.36','Windows NT','zh-CN,zh','LAN','http://127.0.0.3','/user.php?act=order_list','/index.php'),(1405044865,'127.0.0.1',25,'FireFox 30.0','Windows NT','zh-cn,zh','LAN','http://127.0.0.3','/admin/index.php?act=top','/index.php'),(1405044905,'127.0.0.1',1,'Unknow browser','Windows 32','','LAN','http://127.0.0.3','/user.php','/user.php'),(1405046103,'127.0.0.1',1,'Unknow browser','Windows 32','','LAN','http://127.0.0.3','/index.php','/category.php'),(1405046200,'127.0.0.1',1,'Unknow browser','Windows 32','','LAN','http://127.0.0.3','/category.php?id=80','/category.php'),(1405056902,'127.0.0.1',26,'FireFox 30.0','Windows NT','zh-cn,zh','LAN','http://127.0.0.3','/category.php?id=3','/user.php'),(1405057450,'127.0.0.1',1,'Unknow browser','Windows 32','','LAN','http://127.0.0.3','/user.php','/category.php'),(1405058167,'127.0.0.1',1,'Unknow browser','Windows 32','','LAN','http://127.0.0.3','/user.php','/user.php'),(1405059577,'127.0.0.1',1,'Unknow browser','Windows 32','','LAN','http://127.0.0.3','/supplier/index.php?act=top','/supplier.php'),(1405060661,'127.0.0.1',1,'Unknow browser','Windows 32','','LAN','http://127.0.0.3','/supplier.php?suppId=1','/supplier.php'),(1405060793,'127.0.0.1',1,'Unknow browser','Windows 32','','LAN','http://127.0.0.3','/supplier.php?go=search&suppId=1&keywords=%E6%B5%8B%E8%AF%95&price=1','/supplier.php'),(1405061969,'127.0.0.1',1,'Unknow browser','Windows 32','','LAN','http://127.0.0.3','/user.php','/user.php'),(1405061972,'127.0.0.1',27,'FireFox 30.0','Windows NT','zh-cn,zh','LAN','http://127.0.0.3','/user.php?act=logout','/index.php'),(1405061981,'127.0.0.1',1,'Unknow browser','Windows 32','','LAN','http://127.0.0.3','/index.php','/user.php'),(1405063984,'127.0.0.1',1,'Unknow browser','Windows 32','','LAN','http://127.0.0.3','/search.php?encode=YToyOntzOjg6ImtleXdvcmRzIjtzOjc6IjY4ZWNzaG8iO3M6MTg6InNlYXJjaF9lbmNvZGVfdGltZSI7aToxNDA1MDYzOTc4O30=','/search.php'),(1405064011,'127.0.0.1',1,'Unknow browser','Windows 32','','LAN','http://127.0.0.3','/search.php?encode=YToyOntzOjg6ImtleXdvcmRzIjtzOjY6Iua1i%2bivlSI7czoxODoic2VhcmNoX2VuY29kZV90aW1lIjtpOjE0MDUwNjQwMDM7fQ==','/search.php'),(1405064034,'127.0.0.1',1,'Unknow browser','Windows 32','','LAN','http://127.0.0.3','/search.php?encode=YTozOntzOjg6ImNhdGVnb3J5IjtzOjE6IjIiO3M6ODoia2V5d29yZHMiO3M6Njoi5rWL6K%2bVIjtzOjE4OiJzZWFyY2hfZW5jb2RlX3RpbWUiO2k6MTQwNTA2NDAxMjt9','/category.php'),(1405064518,'127.0.0.1',1,'Unknow browser','Windows 32','','LAN','http://127.0.0.3','/compare.php?goods[]=33&goods[]=53&back_url=http://127.0.0.3/category.php?id=3','/category.php'),(1405064672,'127.0.0.1',1,'Unknow browser','Windows 32','','LAN','http://127.0.0.3','/compare.php?goods[]=31&goods[]=33&goods[]=53','/compare.php'),(1405064675,'127.0.0.1',1,'Unknow browser','Windows 32','','LAN','http://127.0.0.3','/compare.php?goods[]=31&goods[]=33&goods[]=53#','/compare.php'),(1405064699,'127.0.0.1',1,'Unknow browser','Windows 32','','LAN','http://127.0.0.3','/compare.php?goods[]=31&goods[]=33&goods[]=53#','/goods.php'),(1405064892,'127.0.0.1',1,'Unknow browser','Windows 32','','LAN','http://127.0.0.3','/goods.php?id=53','/user.php'),(1405065024,'127.0.0.1',1,'Unknow browser','Windows 32','','LAN','http://127.0.0.3','/user.php','/user.php'),(1405065095,'127.0.0.1',1,'Unknow browser','Windows 32','','LAN','http://127.0.0.3','/user.php','/user.php'),(1405065149,'127.0.0.1',1,'Unknow browser','Windows 32','','LAN','http://127.0.0.3','/user.php?act=order_list','/user.php'),(1405065152,'127.0.0.1',1,'Unknow browser','Windows 32','','LAN','http://127.0.0.3','/user.php?act=order_list&composite_status=100','/user.php'),(1405065154,'127.0.0.1',1,'Unknow browser','Windows 32','','LAN','http://127.0.0.3','/user.php?act=order_list&composite_status=102','/user.php'),(1405065159,'127.0.0.1',1,'Unknow browser','Windows 32','','LAN','http://127.0.0.3','/user.php?act=order_list&composite_status=0','/user.php'),(1405065167,'127.0.0.1',1,'Unknow browser','Windows 32','','LAN','http://127.0.0.3','/user.php?act=order_detail&order_id=181','/user.php'),(1405065792,'127.0.0.1',1,'Unknow browser','Windows 32','','LAN','http://127.0.0.3','/search.php?encode=YToyOntzOjg6ImtleXdvcmRzIjtzOjY6Iua1i%2bivlSI7czoxODoic2VhcmNoX2VuY29kZV90aW1lIjtpOjE0MDUwNjU3MTM7fQ==','/search.php'),(1405066133,'127.0.0.1',1,'Unknow browser','Windows 32','','LAN','http://127.0.0.3','/user.php','/user.php'),(1405066298,'127.0.0.1',1,'Unknow browser','Windows 32','','LAN','http://127.0.0.3','/user.php?act=order_list','/user.php'),(1405066301,'127.0.0.1',1,'Unknow browser','Windows 32','','LAN','http://127.0.0.3','/user.php?act=back_list','/user.php'),(1405066309,'127.0.0.1',1,'Unknow browser','Windows 32','','LAN','http://127.0.0.3','/user.php?act=order_list','/user.php'),(1404202766,'127.0.0.1',1,'Unknow browser','Windows 32','','LAN','http://127.0.0.3','/user.php','/user.php'),(1404202798,'127.0.0.1',1,'Unknow browser','Windows 32','','LAN','http://127.0.0.3','/user.php?act=order_list','/user.php'),(1404202809,'127.0.0.1',1,'Unknow browser','Windows 32','','LAN','http://127.0.0.3','/user.php?act=order_detail&order_id=204','/user.php'),(1405066840,'127.0.0.1',1,'Unknow browser','Windows 32','','LAN','http://127.0.0.3','/user.php?act=order_list','/user.php'),(1405066840,'127.0.0.1',28,'FireFox 30.0','Windows NT','zh-cn,zh','LAN','http://127.0.0.3','/user.php?act=order_list','/user.php'),(1405066845,'127.0.0.1',1,'Unknow browser','Windows 32','','LAN','http://127.0.0.3','/user.php?act=order_list&composite_status=-1&page=2','/user.php'),(1405066855,'127.0.0.1',1,'Unknow browser','Windows 32','','LAN','http://127.0.0.3','/user.php?act=order_list&composite_status=-1&page=3','/user.php'),(1405066869,'127.0.0.1',1,'Unknow browser','Windows 32','','LAN','http://127.0.0.3','/user.php?act=order_detail&order_id=207','/user.php'),(1405066873,'127.0.0.1',1,'Unknow browser','Windows 32','','LAN','http://127.0.0.3','/user.php?act=order_list','/user.php'),(1405066881,'127.0.0.1',1,'Unknow browser','Windows 32','','LAN','http://127.0.0.3','/user.php?act=order_list&composite_status=102','/user.php'),(1405066890,'127.0.0.1',1,'Unknow browser','Windows 32','','LAN','http://127.0.0.3','/user.php?act=order_detail&order_id=208','/user.php'),(1405066892,'127.0.0.1',1,'Unknow browser','Windows 32','','LAN','http://127.0.0.3','/user.php?act=order_list','/user.php'),(1405066905,'127.0.0.1',1,'Unknow browser','Windows 32','','LAN','http://127.0.0.3','/user.php?act=order_list&composite_status=102','/user.php'),(1405066910,'127.0.0.1',1,'Unknow browser','Windows 32','','LAN','http://127.0.0.3','/user.php?act=order_detail&order_id=208','/user.php'),(1405066917,'127.0.0.1',1,'Unknow browser','Windows 32','','LAN','http://127.0.0.3','/user.php?act=order_list','/user.php'),(1405066961,'127.0.0.1',1,'Unknow browser','Windows 32','','LAN','http://127.0.0.3','/user.php?act=order_list&composite_status=102','/user.php'),(1405067015,'127.0.0.1',1,'Unknow browser','Windows 32','','LAN','http://127.0.0.3','/user.php?act=order_detail&order_id=208','/user.php'),(1405067018,'127.0.0.1',1,'Unknow browser','Windows 32','','LAN','http://127.0.0.3','/user.php?act=order_list','/user.php'),(1405067023,'127.0.0.1',1,'Unknow browser','Windows 32','','LAN','http://127.0.0.3','/user.php?act=order_list&composite_status=102','/user.php'),(1405067028,'127.0.0.1',1,'Unknow browser','Windows 32','','LAN','http://127.0.0.3','/user.php?act=order_detail&order_id=208','/user.php'),(1405070029,'127.0.0.1',29,'FireFox 30.0','Windows NT','zh-cn,zh','LAN','http://127.0.0.3','/user.php?act=back_order&order_id=208&goods_id=38','/index.php'),(1405070225,'127.0.0.1',1,'Unknow browser','Windows 32','','LAN','http://127.0.0.3','/search.php?encode=YTozOntzOjg6ImNhdGVnb3J5IjtzOjM6IjI2OCI7czo4OiJrZXl3b3JkcyI7czoyNDoiNjhlY3Nob3DmtYvor5XllYblk4EyMTIzIjtzOjE4OiJzZWFyY2hfZW5jb2RlX3RpbWUiO2k6MTQwNTA3MDIxMDt9','/search.php'),(1405070256,'127.0.0.1',1,'Unknow browser','Windows 32','','LAN','http://127.0.0.3','/search.php?encode=YToyOntzOjg6ImtleXdvcmRzIjtzOjg6IjY45rWL6K%2bVIjtzOjE4OiJzZWFyY2hfZW5jb2RlX3RpbWUiO2k6MTQwNTA3MDI1Mzt9','/search.php'),(1405070265,'127.0.0.1',1,'Unknow browser','Windows 32','','LAN','http://127.0.0.3','/search.php?encode=YTozOntzOjg6ImNhdGVnb3J5IjtzOjE6IjIiO3M6ODoia2V5d29yZHMiO3M6ODoiNjjmtYvor5UiO3M6MTg6InNlYXJjaF9lbmNvZGVfdGltZSI7aToxNDA1MDcwMjU3O30=','/search.php'),(1405070280,'127.0.0.1',1,'Unknow browser','Windows 32','','LAN','http://127.0.0.3','/search.php?encode=YTozOntzOjg6ImNhdGVnb3J5IjtzOjE6IjIiO3M6ODoia2V5d29yZHMiO3M6ODoiNjjmtYvor5UiO3M6MTg6InNlYXJjaF9lbmNvZGVfdGltZSI7aToxNDA1MDcwMjY1O30=','/search.php'),(1405070309,'127.0.0.1',1,'Unknow browser','Windows 32','','LAN','http://127.0.0.3','/search.php?encode=YToyOntzOjg6ImtleXdvcmRzIjtzOjY6IuijmeWtkCI7czoxODoic2VhcmNoX2VuY29kZV90aW1lIjtpOjE0MDUwNzAzMDM7fQ==','/category.php'),(1405132313,'127.0.0.1',30,'FireFox 30.0','Windows NT','zh-cn,zh','LAN','','','/index.php'),(1405132327,'127.0.0.1',1,'Unknow browser','Windows 32','','LAN','http://127.0.0.3','/user.php','/user.php'),(1405132332,'127.0.0.1',1,'Unknow browser','Windows 32','','LAN','http://127.0.0.3','/user.php?act=back_list','/user.php'),(1405132335,'127.0.0.1',1,'Unknow browser','Windows 32','','LAN','http://127.0.0.3','/user.php?act=order_list','/user.php'),(1405132341,'127.0.0.1',1,'Unknow browser','Windows 32','','LAN','http://127.0.0.3','/user.php?act=order_detail&order_id=204','/user.php'),(1405132347,'127.0.0.1',1,'Unknow browser','Windows 32','','LAN','http://127.0.0.3','/user.php?act=order_list','/user.php'),(1405299373,'127.0.0.1',31,'FireFox 30.0','Windows NT','zh-cn,zh','LAN','','','/index.php'),(1405300268,'127.0.0.1',1,'Unknow browser','Windows 32','','LAN','http://127.0.0.3','/','/user.php'),(1405300271,'127.0.0.1',1,'Unknow browser','Windows 32','','LAN','http://127.0.0.3','/user.php?act=logout','/user.php'),(1405300271,'127.0.0.1',32,'FireFox 30.0','Windows NT','zh-cn,zh','LAN','http://127.0.0.3','/user.php?act=logout','/user.php'),(1405302121,'127.0.0.1',1,'Unknow browser','Windows 32','','LAN','http://127.0.0.3','/','/category.php'),(1405302654,'127.0.0.1',1,'Unknow browser','Windows 32','','LAN','http://127.0.0.3','/category.php?id=80','/search.php'),(1405305151,'127.0.0.1',33,'FireFox 30.0','Windows NT','zh-cn,zh','LAN','http://127.0.0.3','/search.php?encode=YTozOntzOjg6ImNhdGVnb3J5IjtzOjE6IjIiO3M6ODoia2V5d29yZHMiO3M6Njoi5rWL6K%2bVIjtzOjE4OiJzZWFyY2hfZW5jb2RlX3RpbWUiO2k6MTQwNTMwMjY1NTt9','/ajax_www_570830288'),(1405305151,'127.0.0.1',33,'FireFox 30.0','Windows NT','zh-cn,zh','LAN','http://127.0.0.3','/search.php?encode=YTozOntzOjg6ImNhdGVnb3J5IjtzOjE6IjIiO3M6ODoia2V5d29yZHMiO3M6Njoi5rWL6K%2bVIjtzOjE4OiJzZWFyY2hfZW5jb2RlX3RpbWUiO2k6MTQwNTMwMjY1NTt9','/ajax_www_570830288'),(1405308569,'127.0.0.1',29,'Safari 537.36','Windows NT','zh-CN,zh','LAN','','','/index.php'),(1405317489,'127.0.0.1',34,'FireFox 30.0','Windows NT','zh-cn,zh','LAN','','','/index.php'),(1405403041,'127.0.0.1',35,'FireFox 30.0','Windows NT','zh-cn,zh','LAN','','','/index.php'),(1405403056,'127.0.0.1',1,'Unknow browser','Windows 32','','LAN','http://127.0.0.3','/','/category.php'),(1405412484,'127.0.0.1',36,'FireFox 30.0','Windows NT','zh-cn,zh','LAN','','','/index.php'),(1405412566,'127.0.0.1',1,'Unknow browser','Windows 32','','LAN','http://127.0.0.3','/search.php?encode=YToyOntzOjg6ImtleXdvcmRzIjtzOjI6IjY4IjtzOjE4OiJzZWFyY2hfZW5jb2RlX3RpbWUiO2k6MTQwNTQxMjU1ODt9','/search.php'),(1405412585,'127.0.0.1',1,'Unknow browser','Windows 32','','LAN','http://127.0.0.3','/search.php?encode=YToyOntzOjg6ImtleXdvcmRzIjtzOjg6IjY45rWL6K%2bVIjtzOjE4OiJzZWFyY2hfZW5jb2RlX3RpbWUiO2k6MTQwNTQxMjU4MDt9','/search.php'),(1405412611,'127.0.0.1',1,'Unknow browser','Windows 32','','LAN','http://127.0.0.3','/search.php?encode=YToyOntzOjg6ImtleXdvcmRzIjtzOjY6Iua1i%2bivlSI7czoxODoic2VhcmNoX2VuY29kZV90aW1lIjtpOjE0MDU0MTI2MDQ7fQ==','/search.php'),(1405416157,'127.0.0.1',37,'FireFox 30.0','Windows NT','zh-cn,zh','LAN','','','/index.php'),(1405418149,'127.0.0.1',38,'FireFox 30.0','Windows NT','zh-cn,zh','LAN','http://127.0.0.3','/','/user.php'),(1405418152,'127.0.0.1',1,'Unknow browser','Windows 32','','LAN','http://127.0.0.3','/user.php','/user.php'),(1405470030,'127.0.0.1',39,'FireFox 30.0','Windows NT','zh-cn,zh','LAN','','','/index.php'),(1405477310,'127.0.0.1',1,'Unknow browser','Windows 32','','LAN','http://127.0.0.3','/admin/goods.php?act=list&uselastfilter=1','/goods.php'),(1405477311,'127.0.0.1',40,'FireFox 30.0','Windows NT','zh-cn,zh','LAN','http://127.0.0.3','/admin/goods.php?act=list&uselastfilter=1','/goods.php'),(1405477701,'127.0.0.1',1,'Unknow browser','Windows 32','','LAN','http://127.0.0.3','/admin/goods.php?act=list','/goods.php'),(1405477903,'127.0.0.1',1,'Unknow browser','Windows 32','','LAN','http://127.0.0.3','/admin/goods.php?act=list&uselastfilter=1','/goods.php'),(1405490085,'127.0.0.1',41,'FireFox 30.0','Windows NT','zh-cn,zh','LAN','http://127.0.0.3','/admin/index.php?act=top','/index.php'),(1405490135,'127.0.0.1',1,'Unknow browser','Windows 32','','LAN','http://127.0.0.3','/user.php','/user.php'),(1405490444,'127.0.0.1',1,'Unknow browser','Windows 32','','LAN','http://127.0.0.3','/supplier/index.php?act=top','/supplier.php'),(1405490468,'127.0.0.1',1,'Unknow browser','Windows 32','','LAN','http://127.0.0.3','/supplier/article.php?act=list','/supplier.php'),(1405490477,'127.0.0.1',1,'Unknow browser','Windows 32','','LAN','http://127.0.0.3','/supplier/index.php?act=top','/supplier.php'),(1405490486,'127.0.0.1',1,'Unknow browser','Windows 32','','LAN','http://127.0.0.3','/supplier.php?suppId=1','/supplier.php'),(1405491221,'127.0.0.1',1,'Unknow browser','Windows 32','','LAN','http://127.0.0.3','/supplier.php?suppId=1','/supplier.php'),(1405491936,'127.0.0.1',1,'Unknow browser','Windows 32','','LAN','http://127.0.0.3','/supplier.php?go=category&suppId=1&id=2','/goods.php'),(1405493523,'127.0.0.1',1,'Unknow browser','Windows 32','','LAN','http://127.0.0.3','/supplier/goods.php?act=list&supplier_status=1','/goods.php'),(1405494500,'127.0.0.1',1,'Unknow browser','Windows 32','','LAN','http://127.0.0.3','/supplier/goods.php?act=list&supplier_status=1','/goods.php'),(1405494941,'127.0.0.1',1,'Unknow browser','Windows 32','','LAN','http://127.0.0.3','/goods.php?id=59','/supplier.php'),(1405495243,'127.0.0.1',1,'Unknow browser','Windows 32','','LAN','http://127.0.0.3','/','/user.php'),(1405495246,'127.0.0.1',1,'Unknow browser','Windows 32','','LAN','http://127.0.0.3','/user.php?act=logout','/user.php'),(1405495246,'127.0.0.1',42,'FireFox 30.0','Windows NT','zh-cn,zh','LAN','http://127.0.0.3','/user.php?act=logout','/user.php'),(1405495788,'127.0.0.1',43,'Internet Explorer 7.0','Windows NT','zh-CN','LAN','','','/user.php'),(1405495829,'127.0.0.1',44,'Internet Explorer 7.0','Windows NT','zh-CN','LAN','http://127.0.0.3','/user.php?act=logout','/user.php'),(1405496537,'127.0.0.1',1,'Unknow browser','Windows 32','','LAN','http://127.0.0.3','/user.php','/user.php'),(1405496904,'127.0.0.1',1,'Unknow browser','Windows 32','','LAN','http://127.0.0.3','/','/user.php'),(1405497946,'127.0.0.1',1,'Unknow browser','Windows 32','','LAN','http://127.0.0.3','/user.php','/user.php'),(1405497965,'127.0.0.1',1,'Unknow browser','Windows 32','','LAN','http://127.0.0.3','/user.php','/user.php'),(1405497969,'127.0.0.1',43,'FireFox 30.0','Windows NT','zh-cn,zh','LAN','','','/index.php'),(1405500956,'127.0.0.1',1,'Unknow browser','Windows 32','','LAN','http://127.0.0.3','/supplier/goods.php?act=list&supplier_status=1','/goods.php'),(1405501034,'127.0.0.1',1,'Unknow browser','Windows 32','','LAN','http://127.0.0.3','/supplier/goods.php?act=list&supplier_status=1','/goods.php'),(1405501086,'127.0.0.1',1,'Unknow browser','Windows 32','','LAN','http://127.0.0.3','/admin/goods.php?act=list','/goods.php'),(1405501402,'127.0.0.1',1,'Unknow browser','Windows 32','','LAN','http://127.0.0.3','/admin/goods.php?act=list','/goods.php'),(1405501458,'127.0.0.1',1,'Unknow browser','Windows 32','','LAN','http://127.0.0.3','/admin/goods.php?act=list&uselastfilter=1','/goods.php'),(1405502117,'127.0.0.1',1,'Unknow browser','Windows 32','','LAN','http://127.0.0.3','/admin/goods.php?act=list','/goods.php'),(1405504177,'127.0.0.1',44,'FireFox 30.0','Windows NT','zh-cn,zh','LAN','','','/goods.php'),(1405504194,'127.0.0.1',1,'Unknow browser','Windows 32','','LAN','http://127.0.0.3','/pricecut.php','/goods.php'),(1405505293,'127.0.0.1',1,'Unknow browser','Windows 32','','LAN','http://127.0.0.3','/user.php','/user.php'),(1405505324,'127.0.0.1',1,'Unknow browser','Windows 32','','LAN','http://127.0.0.3','/user.php?act=supplier_reg','/user.php'),(1405505328,'127.0.0.1',1,'Unknow browser','Windows 32','','LAN','http://127.0.0.3','/user.php?act=logout','/user.php'),(1405505328,'127.0.0.1',45,'FireFox 30.0','Windows NT','zh-cn,zh','LAN','http://127.0.0.3','/user.php?act=logout','/user.php'),(1405505347,'127.0.0.1',1,'Unknow browser','Windows 32','','LAN','http://127.0.0.3','/user.php','/user.php'),(1405505532,'127.0.0.1',1,'Unknow browser','Windows 32','','LAN','http://127.0.0.3','/user.php?act=supplier_reg','/user.php'),(1405505535,'127.0.0.1',46,'FireFox 30.0','Windows NT','zh-cn,zh','LAN','http://127.0.0.3','/user.php?act=logout','/user.php'),(1405505549,'127.0.0.1',1,'Unknow browser','Windows 32','','LAN','http://127.0.0.3','/user.php','/user.php'),(1405579195,'127.0.0.1',30,'Safari 537.36','Windows NT','zh-CN,zh','LAN','','','/index.php'),(1405580564,'127.0.0.1',30,'Safari 537.36','Windows NT','zh-CN,zh','LAN','http://127.0.0.3','/admin/index.php?act=top','/index.php'),(1405582004,'127.0.0.1',1,'Unknow browser','Windows 32','','LAN','http://127.0.0.3','/admin/goods.php?act=list','/goods.php'),(1405582005,'127.0.0.1',47,'FireFox 30.0','Windows NT','zh-cn,zh','LAN','http://127.0.0.3','/admin/goods.php?act=list','/goods.php'),(1405584021,'127.0.0.1',48,'FireFox 30.0','Windows NT','zh-cn,zh','LAN','http://127.0.0.3','/goods.php?id=60','/goods.php'),(1405584397,'127.0.0.1',1,'Unknow browser','Windows 32','','LAN','http://127.0.0.3','/supplier/goods.php?act=list&supplier_status=1','/goods.php'),(1405584409,'127.0.0.1',1,'Unknow browser','Windows 32','','LAN','http://127.0.0.3','/goods.php?id=59','/category.php'),(1405584420,'127.0.0.1',1,'Unknow browser','Windows 32','','LAN','http://127.0.0.3','/category.php?id=1','/category.php'),(1405588595,'127.0.0.1',49,'FireFox 30.0','Windows NT','zh-cn,zh','LAN','http://127.0.0.3','/flow.php','/flow.php'),(1405646310,'127.0.0.1',50,'FireFox 30.0','Windows NT','zh-cn,zh','LAN','http://127.0.0.3','/admin/index.php?act=top','/index.php'),(1405647224,'127.0.0.1',1,'Unknow browser','Windows 32','','LAN','http://127.0.0.3','/user.php','/user.php'),(1405647514,'127.0.0.1',1,'Unknow browser','Windows 32','','LAN','http://127.0.0.3','/','/pro_goods.php'),(1405647519,'127.0.0.1',1,'Unknow browser','Windows 32','','LAN','http://127.0.0.3','/','/goods.php'),(1405647525,'127.0.0.1',1,'Unknow browser','Windows 32','','LAN','http://127.0.0.3','/goods.php?id=15','/goods.php'),(1405648254,'127.0.0.1',1,'Unknow browser','Windows 32','','LAN','http://127.0.0.3','/goods.php?id=15#product-detail','/goods.php'),(1405648282,'127.0.0.1',1,'Unknow browser','Windows 32','','LAN','http://127.0.0.3','/goods.php?id=15#product-detail','/category.php'),(1405648287,'127.0.0.1',1,'Unknow browser','Windows 32','','LAN','http://127.0.0.3','/category.php?id=80','/goods.php'),(1405648292,'127.0.0.1',1,'Unknow browser','Windows 32','','LAN','http://127.0.0.3','/goods.php?id=53','/goods.php'),(1405648307,'127.0.0.1',1,'Unknow browser','Windows 32','','LAN','http://127.0.0.3','/user.php','/user.php'),(1405648551,'127.0.0.1',1,'Unknow browser','Windows 32','','LAN','http://127.0.0.3','/user.php?act=my_comment','/goods_comment.php'),(1405648577,'127.0.0.1',1,'Unknow browser','Windows 32','','LAN','http://127.0.0.3','/user.php?act=my_comment','/user.php'),(1405648628,'127.0.0.1',1,'Unknow browser','Windows 32','','LAN','http://127.0.0.3','/user.php?act=my_comment','/goods.php'),(1405648637,'127.0.0.1',1,'Unknow browser','Windows 32','','LAN','http://127.0.0.3','/goods.php?id=54','/goods.php'),(1405648684,'127.0.0.1',1,'Unknow browser','Windows 32','','LAN','http://127.0.0.3','/goods.php?id=54#product-detail','/goods.php'),(1405648720,'127.0.0.1',1,'Unknow browser','Windows 32','','LAN','http://127.0.0.3','/goods.php?id=54#product-detail','/goods.php'),(1405648743,'127.0.0.1',1,'Unknow browser','Windows 32','','LAN','http://127.0.0.3','/goods.php?id=54#product-detail','/goods.php'),(1405648746,'127.0.0.1',1,'Unknow browser','Windows 32','','LAN','http://127.0.0.3','/goods.php?id=54#product-detail','/goods.php'),(1405648866,'127.0.0.1',1,'Unknow browser','Windows 32','','LAN','http://127.0.0.3','/goods.php?id=54#product-detail','/goods.php'),(1405648876,'127.0.0.1',1,'Unknow browser','Windows 32','','LAN','http://127.0.0.3','/user.php?act=my_comment','/goods_shaidan.php'),(1405648957,'127.0.0.1',1,'Unknow browser','Windows 32','','LAN','http://127.0.0.3','/goods.php?id=54#product-detail','/goods.php'),(1405648975,'127.0.0.1',1,'Unknow browser','Windows 32','','LAN','http://127.0.0.3','/goods.php?id=54#product-detail','/supplier.php'),(1405648998,'127.0.0.1',1,'Unknow browser','Windows 32','','LAN','http://127.0.0.3','/goods.php?id=54#product-detail','/goods.php'),(1405649000,'127.0.0.1',1,'Unknow browser','Windows 32','','LAN','http://127.0.0.3','/goods.php?id=54#product-detail','/goods.php'),(1405649034,'127.0.0.1',1,'Unknow browser','Windows 32','','LAN','http://127.0.0.3','/goods.php?id=54#product-detail','/goods.php'),(1405649045,'127.0.0.1',1,'Unknow browser','Windows 32','','LAN','http://127.0.0.3','/goods.php?id=54#product-detail','/goods.php'),(1405649066,'127.0.0.1',1,'Unknow browser','Windows 32','','LAN','http://127.0.0.3','/goods.php?id=54#product-detail','/goods.php'),(1405649076,'127.0.0.1',1,'Unknow browser','Windows 32','','LAN','http://127.0.0.3','/goods.php?id=54#product-detail','/goods_shaidan.php'),(1405649108,'127.0.0.1',1,'Unknow browser','Windows 32','','LAN','http://127.0.0.3','/goods.php?id=54#product-detail','/goods.php'),(1405649389,'127.0.0.1',1,'Unknow browser','Windows 32','','LAN','http://127.0.0.3','/goods.php?id=54#product-detail','/goods.php'),(1405649447,'127.0.0.1',1,'Unknow browser','Windows 32','','LAN','http://127.0.0.3','/goods.php?id=54#product-detail','/goods.php'),(1405649684,'127.0.0.1',1,'Unknow browser','Windows 32','','LAN','http://127.0.0.3','/goods.php?id=54','/goods.php'),(1405649833,'127.0.0.1',1,'Unknow browser','Windows 32','','LAN','http://127.0.0.3','/goods.php?id=54#product-detail','/goods.php'),(1405649956,'127.0.0.1',1,'Unknow browser','Windows 32','','LAN','http://127.0.0.3','/goods.php?id=54#product-detail','/goods.php'),(1405650152,'127.0.0.1',1,'Unknow browser','Windows 32','','LAN','http://127.0.0.3','/goods.php?id=54#product-detail','/goods.php'),(1405650299,'127.0.0.1',1,'Unknow browser','Windows 32','','LAN','http://127.0.0.3','/goods.php?id=54#product-detail','/goods.php'),(1405650409,'127.0.0.1',1,'Unknow browser','Windows 32','','LAN','http://127.0.0.3','/user.php?act=my_comment','/goods_shaidan.php'),(1405650412,'127.0.0.1',1,'Unknow browser','Windows 32','','LAN','http://127.0.0.3','/user.php?act=my_comment','/user.php'),(1405650430,'127.0.0.1',1,'Unknow browser','Windows 32','','LAN','http://127.0.0.3','/goods.php?id=54#product-detail','/goods.php'),(1405651278,'127.0.0.1',1,'Unknow browser','Windows 32','','LAN','http://127.0.0.3','/goods.php?id=54#product-detail','/goods.php'),(1405651286,'127.0.0.1',1,'Unknow browser','Windows 32','','LAN','http://127.0.0.3','/user.php?act=my_comment','/goods.php'),(1405651290,'127.0.0.1',1,'Unknow browser','Windows 32','','LAN','http://127.0.0.3','/goods.php?id=39','/goods.php'),(1405651326,'127.0.0.1',1,'Unknow browser','Windows 32','','LAN','http://127.0.0.3','/user.php?act=my_comment','/user.php'),(1405651397,'127.0.0.1',1,'Unknow browser','Windows 32','','LAN','http://127.0.0.3','/user.php?act=my_comment','/goods.php'),(1405651402,'127.0.0.1',1,'Unknow browser','Windows 32','','LAN','http://127.0.0.3','/goods.php?id=39','/goods.php'),(1405651413,'127.0.0.1',1,'Unknow browser','Windows 32','','LAN','http://127.0.0.3','/goods.php?id=39#product-detail','/goods_shaidan.php'),(1405651477,'127.0.0.1',1,'Unknow browser','Windows 32','','LAN','http://127.0.0.3','/user.php?act=my_comment','/user.php'),(1405651482,'127.0.0.1',1,'Unknow browser','Windows 32','','LAN','http://127.0.0.3','/user.php?act=back_list','/user.php'),(1405652706,'127.0.0.1',1,'Unknow browser','Windows 32','','LAN','http://127.0.0.3','/user.php?act=order_list','/user.php'),(1405662599,'127.0.0.1',1,'Unknow browser','Windows 32','','LAN','http://127.0.0.3','/supplier/goods.php?act=list&supplier_status=1','/goods.php'),(1405662601,'127.0.0.1',51,'FireFox 30.0','Windows NT','zh-cn,zh','LAN','http://127.0.0.3','/supplier/goods.php?act=list&supplier_status=1','/goods.php'),(1405662613,'127.0.0.1',1,'Unknow browser','Windows 32','','LAN','http://127.0.0.3','/user.php','/user.php'),(1405668791,'127.0.0.1',23,'FireFox 30.0','Windows NT','zh-cn,zh','LAN','','','/index.php'),(1405670646,'127.0.0.1',24,'FireFox 30.0','Windows NT','zh-cn,zh','LAN','','','/index.php'),(1405673324,'127.0.0.1',25,'FireFox 30.0','Windows NT','zh-cn,zh','LAN','http://127.0.0.7','/','/index.php'),(1405675686,'127.0.0.1',53,'FireFox 30.0','Windows NT','zh-cn,zh','LAN','http://127.0.0.3','/admin/index.php?act=top','/index.php'),(1405675742,'127.0.0.1',1,'Unknow browser','Windows 32','','LAN','http://127.0.0.3','/user.php','/user.php'),(1405677844,'127.0.0.1',54,'FireFox 30.0','Windows NT','zh-cn,zh','LAN','http://127.0.0.3','/admin/index.php?act=top','/index.php'),(1405677853,'127.0.0.1',1,'Unknow browser','Windows 32','','LAN','http://127.0.0.3','/user.php','/user.php'),(1405677918,'127.0.0.1',1,'Unknow browser','Windows 32','','LAN','http://127.0.0.3','/user.php','/user.php'),(1405677949,'127.0.0.1',1,'Unknow browser','Windows 32','','LAN','http://127.0.0.3','/user.php?act=my_comment','/user.php'),(1405678004,'127.0.0.1',1,'Unknow browser','Windows 32','','LAN','http://127.0.0.3','/user.php?act=my_comment','/goods.php'),(1405678009,'127.0.0.1',1,'Unknow browser','Windows 32','','LAN','http://127.0.0.3','/goods.php?id=50','/goods.php'),(1405678016,'127.0.0.1',1,'Unknow browser','Windows 32','','LAN','http://127.0.0.3','/user.php?act=my_comment','/goods.php'),(1405678020,'127.0.0.1',1,'Unknow browser','Windows 32','','LAN','http://127.0.0.3','/goods.php?id=50','/goods.php'),(1405678432,'127.0.0.1',1,'Unknow browser','Windows 32','','LAN','http://127.0.0.3','/admin/goods.php?act=list','/goods.php'),(1405678440,'127.0.0.1',1,'Unknow browser','Windows 32','','LAN','http://127.0.0.3','/goods.php?id=60','/category.php'),(1405902941,'127.0.0.1',31,'Safari 537.36','Windows NT','zh-CN,zh','LAN','','','/index.php'),(1405902953,'127.0.0.1',32,'Safari 537.36','Windows NT','zh-CN,zh','LAN','http://127.0.0.3','/user.php?act=logout','/user.php'),(1405904277,'127.0.0.1',55,'FireFox 30.0','Windows NT','zh-cn,zh','LAN','','','/index.php'),(1405905358,'127.0.0.1',1,'Unknow browser','Windows 32','','LAN','http://127.0.0.3','/admin/goods.php?act=list','/goods.php'),(1405905359,'127.0.0.1',55,'FireFox 30.0','Windows NT','zh-cn,zh','LAN','http://127.0.0.3','/admin/goods.php?act=list','/goods.php'),(1405906083,'127.0.0.1',1,'Unknow browser','Windows 32','','LAN','http://127.0.0.3','/admin/goods.php?act=list','/goods.php'),(1405906532,'127.0.0.1',1,'Unknow browser','Windows 32','','LAN','http://127.0.0.3','/admin/goods.php?act=list&uselastfilter=1','/goods.php'),(1405906961,'127.0.0.1',1,'Unknow browser','Windows 32','','LAN','http://127.0.0.3','/admin/goods.php?act=list','/goods.php'),(1405907808,'127.0.0.1',1,'Unknow browser','Windows 32','','LAN','http://127.0.0.3','/admin/goods.php?act=list','/goods.php'),(1405910133,'127.0.0.1',1,'Unknow browser','Windows 32','','LAN','http://127.0.0.3','/goods.php?id=61','/gallery.php'),(1405910713,'127.0.0.1',1,'Unknow browser','Windows 32','','LAN','http://127.0.0.3','/admin/goods.php?act=list','/goods.php'),(1405912748,'127.0.0.1',1,'Unknow browser','Windows 32','','LAN','http://127.0.0.3','/admin/goods.php?act=list&supp=1','/goods.php'),(1405912800,'127.0.0.1',1,'Unknow browser','Windows 32','','LAN','http://127.0.0.3','/goods.php?id=59','/supplier.php'),(1405920908,'127.0.0.1',56,'FireFox 30.0','Windows NT','zh-cn,zh','LAN','http://127.0.0.3','/admin/goods.php?act=list&supp=1','/goods.php'),(1405920918,'127.0.0.1',1,'Unknow browser','Windows 32','','LAN','http://127.0.0.3','/admin/goods.php?act=list','/goods.php'),(1405936022,'127.0.0.1',3,'FireFox 30.0','Windows NT','zh-cn,zh','LAN','','','/index.php'),(1405988250,'127.0.0.1',4,'FireFox 30.0','Windows NT','zh-cn,zh','LAN','','','/index.php'),(1405994044,'127.0.0.1',5,'FireFox 30.0','Windows NT','zh-cn,zh','LAN','','','/user.php'),(1405996509,'127.0.0.1',6,'FireFox 30.0','Windows NT','zh-cn,zh','LAN','','','/supplier.php'),(1406023470,'127.0.0.1',7,'FireFox 30.0','Windows NT','zh-cn,zh','LAN','','','/index.php'),(1406030657,'127.0.0.1',8,'FireFox 30.0','Windows NT','zh-cn,zh','LAN','http://xjd.68ecshop.com','/search.php?encode=YTozOntzOjg6ImNhdGVnb3J5IjtzOjE6IjIiO3M6ODoia2V5d29yZHMiO3M6Njoi5rWL6K%2bVIjtzOjE4OiJzZWFyY2hfZW5jb2RlX3RpbWUiO2k6MTQwNjAyNDE5NDt9','/category.php'),(1406074238,'127.0.0.1',9,'FireFox 30.0','Windows NT','zh-cn,zh','LAN','','','/index.php'),(1406054819,'127.0.0.1',1,'','Unknown','zh-CN','LAN','','','/json/addOrderInfo.php'),(1406095341,'127.0.0.1',10,'FireFox 30.0','Windows NT','zh-cn,zh','LAN','http://xjd.68ecshop.com','/admin/goods.php?act=list','/goods.php'),(1406103585,'127.0.0.1',11,'FireFox 30.0','Windows NT','zh-cn,zh','LAN','','','/supplier.php'),(1406086707,'127.0.0.1',1,'Safari 537.30','Windows NT','zh-CN,zh','LAN','','','/index.php'),(1406086758,'127.0.0.1',1,'','Unknown','zh-CN','LAN','','','/json/addOrderInfo.php'),(1406118369,'127.0.0.1',12,'FireFox 30.0','Windows NT','zh-cn,zh','LAN','','','/index.php'),(1406089823,'127.0.0.1',1,'Safari 537.30','Windows NT','zh-CN,zh','LAN','','','/index.php'),(1406089873,'127.0.0.1',2,'','Unknown','zh-CN','LAN','','','/json/addOrderInfo.php'),(1406094651,'127.0.0.1',1,'','Unknown','zh-CN','LAN','','','/json/addOrderInfo.php'),(1406161468,'127.0.0.1',13,'FireFox 30.0','Windows NT','zh-cn,zh','LAN','','','/index.php'),(1406134419,'127.0.0.1',1,'','Unknown','zh-CN','LAN','','','/json/addOrderInfo.php'),(1406137222,'127.0.0.1',1,'','Unknown','zh-CN','LAN','','','/json/addOrderInfo.php'),(1406137516,'127.0.0.1',1,'Safari 537.30','Windows NT','zh-CN,zh','LAN','','','/index.php'),(1406137542,'127.0.0.1',1,'','Unknown','zh-CN','LAN','','','/json/addOrderInfo.php'),(1406138132,'127.0.0.1',1,'','Unknown','zh-CN','LAN','','','/json/addOrderInfo.php'),(1406138469,'127.0.0.1',1,'','Unknown','zh-CN','LAN','','','/json/addOrderInfo.php'),(1406138691,'127.0.0.1',1,'','Unknown','zh-CN','LAN','','','/json/addOrderInfo.php'),(1406138815,'127.0.0.1',1,'','Unknown','zh-CN','LAN','','','/json/addOrderInfo.php'),(1406138964,'127.0.0.1',1,'','Unknown','zh-CN','LAN','','','/json/addOrderInfo.php'),(1406139195,'127.0.0.1',1,'','Unknown','zh-CN','LAN','','','/json/addOrderInfo.php'),(1406139778,'127.0.0.1',1,'','Unknown','zh-CN','LAN','','','/json/addOrderInfo.php'),(1406140100,'127.0.0.1',1,'','Unknown','zh-CN','LAN','','','/json/addOrderInfo.php'),(1406140235,'127.0.0.1',1,'','Unknown','zh-CN','LAN','','','/json/addOrderInfo.php'),(1406142111,'127.0.0.1',1,'','Unknown','zh-CN','LAN','','','/json/addOrderInfo.php'),(1406172296,'127.0.0.1',14,'FireFox 30.0','Windows NT','zh-cn,zh','LAN','','','/index.php'),(1406181376,'127.0.0.1',15,'FireFox 30.0','Windows NT','zh-cn,zh','LAN','http://xjd.68ecshop.com','/index.php','/index.php'),(1406191156,'127.0.0.1',16,'FireFox 30.0','Windows NT','zh-cn,zh','LAN','','','/mobile/index.php'),(1406192511,'127.0.0.1',17,'FireFox 30.0','Windows NT','zh-cn,zh','LAN','','','/supplier.php'),(1406192622,'127.0.0.1',18,'FireFox 30.0','Windows NT','zh-cn,zh','LAN','','','/mobile/supplier.php'),(1406192731,'127.0.0.1',19,'FireFox 30.0','Windows NT','zh-cn,zh','LAN','','','/supplier.php'),(1406192822,'127.0.0.1',20,'FireFox 30.0','Windows NT','zh-cn,zh','LAN','','','/mobile/supplier.php'),(1406193605,'127.0.0.1',21,'FireFox 30.0','Windows NT','zh-cn,zh','LAN','','','/supplier.php'),(1406193616,'127.0.0.1',22,'FireFox 30.0','Windows NT','zh-cn,zh','LAN','','','/mobile/supplier.php'),(1406510933,'127.0.0.1',23,'FireFox 30.0','Windows NT','zh-cn,zh','LAN','','','/index.php'),(1406530833,'127.0.0.1',24,'FireFox 30.0','Windows NT','zh-cn,zh','LAN','','','/supplier.php'),(1406626853,'127.0.0.1',25,'FireFox 30.0','Windows NT','zh-cn,zh','LAN','','','/index.php'),(1406678597,'127.0.0.1',26,'FireFox 30.0','Windows NT','zh-cn,zh','LAN','','','/index.php'),(1406681582,'127.0.0.1',27,'FireFox 30.0','Windows NT','zh-cn,zh','LAN','','','/index.php'),(1406681935,'127.0.0.1',28,'FireFox 30.0','Windows NT','zh-cn,zh','LAN','','','/flow.php'),(1406690271,'127.0.0.1',29,'FireFox 30.0','Windows NT','zh-cn,zh','LAN','','','/index.php'),(1406699374,'127.0.0.1',30,'FireFox 30.0','Windows NT','zh-cn,zh','LAN','http://xjd.68ecshop.com','/user.php?act=order_detail&order_id=250','/goods.php'),(1406765756,'127.0.0.1',31,'FireFox 30.0','Windows NT','zh-cn,zh','LAN','','','/index.php'),(1406771384,'127.0.0.1',32,'FireFox 30.0','Windows NT','zh-cn,zh','LAN','','','/index.php'),(1406772459,'127.0.0.1',33,'FireFox 30.0','Windows NT','zh-cn,zh','LAN','','','/index.php'),(1406786766,'127.0.0.1',34,'FireFox 30.0','Windows NT','zh-cn,zh','LAN','http://xjd.68ecshop.com','/supplier/index.php?act=top','/supplier.php'),(1406772029,'127.0.0.1',13,'FireFox 30.0','Windows NT','zh-cn,zh','LAN','','','/index.php'),(1406852042,'127.0.0.1',35,'FireFox 30.0','Windows NT','zh-cn,zh','LAN','','','/index.php'),(1406853969,'127.0.0.1',37,'FireFox 30.0','Windows NT','zh-cn,zh','LAN','http://xjd.68ecshop.com','/user.php','/user.php'),(1406875956,'127.0.0.1',38,'FireFox 30.0','Windows NT','zh-cn,zh','LAN','http://xjd.68ecshop.com','/supplier/index.php?act=top','/supplier.php'),(1407218100,'127.0.0.1',39,'FireFox 31.0','Windows NT','zh-cn,zh','LAN','','','/index.php'),(1407291839,'127.0.0.1',40,'FireFox 31.0','Windows NT','zh-cn,zh','LAN','','','/index.php'),(1407308347,'127.0.0.1',41,'FireFox 31.0','Windows NT','zh-cn,zh','LAN','http://xjd.68ecshop.com','/category.php?id=3','/index.php'),(1407310283,'127.0.0.1',42,'FireFox 31.0','Windows NT','zh-cn,zh','LAN','','','/index.php'),(1407313268,'127.0.0.1',43,'FireFox 31.0','Windows NT','zh-cn,zh','LAN','','','/index.php'),(1407313297,'127.0.0.1',44,'FireFox 31.0','Windows NT','zh-cn,zh','LAN','','','/mobile/index.php'),(1407313327,'127.0.0.1',45,'FireFox 31.0','Windows NT','zh-cn,zh','LAN','','','/user.php'),(1407315866,'127.0.0.1',46,'FireFox 31.0','Windows NT','zh-cn,zh','LAN','','','/mobile/user.php'),(1407316887,'127.0.0.1',47,'FireFox 31.0','Windows NT','zh-cn,zh','LAN','http://xjd.68ecshop.com','/user.php?act=register','/ajax_68ecshop.php'),(1407316887,'127.0.0.1',47,'FireFox 31.0','Windows NT','zh-cn,zh','LAN','http://xjd.68ecshop.com','/user.php?act=register','/ajax_68ecshop.php'),(1407319506,'127.0.0.1',48,'FireFox 31.0','Windows NT','zh-cn,zh','LAN','','','/user.php'),(1407373027,'127.0.0.1',49,'FireFox 31.0','Windows NT','zh-cn,zh','LAN','','','/index.php'),(1407375339,'127.0.0.1',50,'FireFox 31.0','Windows NT','zh-cn,zh','LAN','http://xjd.68ecshop.com','/supplier.php?suppId=1','/goods.php'),(1407390311,'127.0.0.1',51,'FireFox 31.0','Windows NT','zh-cn,zh','LAN','','','/index.php'),(1407390500,'127.0.0.1',1,'Internet Explorer 9.0','Windows NT','zh-CN','LAN','','','/index.php'),(1407398913,'127.0.0.1',52,'FireFox 31.0','Windows NT','zh-cn,zh','LAN','','','/flow.php'),(1407456737,'127.0.0.1',53,'FireFox 31.0','Windows NT','zh-cn,zh','LAN','','','/index.php'),(1407464504,'127.0.0.1',54,'FireFox 31.0','Windows NT','zh-cn,zh','LAN','','','/index.php'),(1407803026,'127.0.0.1',55,'FireFox 31.0','Windows NT','zh-cn,zh','LAN','http://xjd.68ecshop.com','/','/index.php'),(1407807693,'127.0.0.1',55,'FireFox 31.0','Windows NT','zh-cn,zh','LAN','http://xjd.68ecshop.com','/flow.php','/flow.php'),(1407824644,'127.0.0.1',56,'FireFox 31.0','Windows NT','zh-cn,zh','LAN','','','/index.php'),(1407888586,'127.0.0.1',57,'FireFox 31.0','Windows NT','zh-cn,zh','LAN','','','/index.php'),(1407891478,'127.0.0.1',58,'FireFox 31.0','Windows NT','zh-cn,zh','LAN','','','/index.php'),(1407894636,'127.0.0.1',59,'FireFox 31.0','Windows NT','zh-cn,zh','LAN','http://xjd.68ecshop.com','/supplier/index.php?act=top','/supplier.php'),(1407921820,'127.0.0.1',60,'FireFox 31.0','Windows NT','zh-cn,zh','LAN','http://xjd.68ecshop.com','/supplier/index.php?act=top','/supplier.php'),(1407975339,'127.0.0.1',61,'FireFox 31.0','Windows NT','zh-cn,zh','LAN','','','/index.php'),(1407980002,'127.0.0.1',62,'FireFox 31.0','Windows NT','zh-cn,zh','LAN','http://xjd.68ecshop.com','/supplier/index.php?act=top','/supplier.php'),(1407986900,'127.0.0.1',63,'FireFox 31.0','Windows NT','zh-cn,zh','LAN','','','/stores.php'),(1407994461,'127.0.0.1',63,'FireFox 31.0','Windows NT','zh-cn,zh','LAN','','','/index.php'),(1407994759,'127.0.0.1',63,'FireFox 31.0','Windows NT','zh-cn,zh','LAN','','','/index.php'),(1407997572,'127.0.0.1',63,'FireFox 31.0','Windows NT','zh-cn,zh','LAN','','','/index.php'),(1408012791,'127.0.0.1',2,'Internet Explorer 9.0','Windows NT','zh-CN','LAN','','','/supplier.php'),(1408064046,'127.0.0.1',64,'FireFox 31.0','Windows NT','zh-cn,zh','LAN','http://xjd.68ecshop.com','/supplier/index.php?act=top','/supplier.php'),(1408067525,'127.0.0.1',65,'FireFox 31.0','Windows NT','zh-cn,zh','LAN','http://xjd.68ecshop.com','/','/stores.php'),(1408070088,'127.0.0.1',66,'FireFox 31.0','Windows NT','zh-cn,zh','LAN','http://xjd.68ecshop.com','/user.php?act=collection_list','/user.php'),(1408081571,'127.0.0.1',67,'FireFox 31.0','Windows NT','zh-cn,zh','LAN','http://xjd.68ecshop.com','/user.php?act=follow_shop','/user.php'),(1408089524,'127.0.0.1',68,'FireFox 31.0','Windows NT','zh-cn,zh','LAN','','','/index.php'),(1408092153,'127.0.0.1',69,'FireFox 31.0','Windows NT','zh-cn,zh','LAN','','','/supplier.php'),(1408156057,'127.0.0.1',70,'FireFox 31.0','Windows NT','zh-cn,zh','LAN','','','/index.php'),(1408321016,'127.0.0.1',71,'FireFox 31.0','Windows NT','zh-cn,zh','LAN','','','/index.php'),(1408322116,'127.0.0.1',73,'FireFox 31.0','Windows NT','zh-cn,zh','LAN','http://xjd.68ecshop.com','/','/index.php');
/*!40000 ALTER TABLE `ecs_stats` ENABLE KEYS */;
UNLOCK TABLES;

--
-- Table structure for table `ecs_street_category`
--

DROP TABLE IF EXISTS `ecs_street_category`;
/*!40101 SET @saved_cs_client     = @@character_set_client */;
/*!40101 SET character_set_client = utf8 */;
CREATE TABLE `ecs_street_category` (
  `str_id` smallint(5) unsigned NOT NULL AUTO_INCREMENT,
  `str_name` varchar(90) NOT NULL DEFAULT '' COMMENT '分类名',
  `str_style` varchar(90) NOT NULL DEFAULT '0' COMMENT '样式类名',
  `sort_order` tinyint(1) unsigned NOT NULL DEFAULT '50' COMMENT '排列顺序',
  `is_groom` tinyint(1) NOT NULL DEFAULT '0' COMMENT '是否推荐',
  `is_show` tinyint(1) unsigned NOT NULL DEFAULT '1' COMMENT '是否显示',
  PRIMARY KEY (`str_id`)
) ENGINE=MyISAM AUTO_INCREMENT=8 DEFAULT CHARSET=utf8 COMMENT='店铺街分类';
/*!40101 SET character_set_client = @saved_cs_client */;

--
-- Dumping data for table `ecs_street_category`
--

LOCK TABLES `ecs_street_category` WRITE;
/*!40000 ALTER TABLE `ecs_street_category` DISABLE KEYS */;
INSERT INTO `ecs_street_category` VALUES (1,'综合类','ft-electric',50,1,1),(2,'服装类','ft-sport',2,1,1),(3,'副食类','ft-life',50,0,1),(4,'水果类','ft-makeup',50,1,1),(5,'机械类','ft-man',50,1,1);
/*!40000 ALTER TABLE `ecs_street_category` ENABLE KEYS */;
UNLOCK TABLES;

--
-- Table structure for table `ecs_supplier`
--

DROP TABLE IF EXISTS `ecs_supplier`;
/*!40101 SET @saved_cs_client     = @@character_set_client */;
/*!40101 SET character_set_client = utf8 */;
CREATE TABLE `ecs_supplier` (
  `supplier_id` mediumint(8) unsigned NOT NULL AUTO_INCREMENT,
  `user_id` mediumint(8) unsigned NOT NULL DEFAULT '0',
  `supplier_name` varchar(255) NOT NULL,
  `rank_id` tinyint(3) unsigned NOT NULL DEFAULT '0',
  `company_name` varchar(255) NOT NULL,
  `country` smallint(5) unsigned NOT NULL,
  `province` smallint(5) unsigned NOT NULL,
  `city` smallint(5) unsigned NOT NULL,
  `district` smallint(5) unsigned NOT NULL,
  `address` varchar(255) NOT NULL DEFAULT '',
  `tel` varchar(50) NOT NULL,
  `email` varchar(100) NOT NULL,
  `guimo` varchar(255) NOT NULL,
  `company_type` varchar(50) NOT NULL,
  `bank` varchar(255) NOT NULL,
  `zhizhao` varchar(255) NOT NULL,
  `contact` varchar(255) NOT NULL,
  `id_card` varchar(255) NOT NULL,
  `contact_back` varchar(255) NOT NULL,
  `contact_shop` varchar(255) NOT NULL,
  `contact_yunying` varchar(255) NOT NULL,
  `contact_shouhou` varchar(255) NOT NULL,
  `contact_caiwu` varchar(255) NOT NULL,
  `contact_jishu` varchar(255) NOT NULL,
  `system_fee` decimal(10,2) unsigned NOT NULL DEFAULT '0.00',
  `supplier_bond` decimal(10,2) unsigned NOT NULL DEFAULT '0.00',
  `supplier_rebate` tinyint(3) unsigned NOT NULL DEFAULT '0',
  `supplier_rebate_paytime` tinyint(1) unsigned NOT NULL DEFAULT '0',
  `supplier_remark` varchar(255) NOT NULL DEFAULT '',
  `nav_list` text NOT NULL,
  `status` tinyint(1) NOT NULL DEFAULT '0',
  `add_time` int(10) NOT NULL DEFAULT '0',
  PRIMARY KEY (`supplier_id`),
  KEY `user_id` (`user_id`)
) ENGINE=MyISAM AUTO_INCREMENT=4 DEFAULT CHARSET=utf8;
/*!40101 SET character_set_client = @saved_cs_client */;

--
-- Dumping data for table `ecs_supplier`
--

LOCK TABLES `ecs_supplier` WRITE;
/*!40000 ALTER TABLE `ecs_supplier` DISABLE KEYS */;
INSERT INTO `ecs_supplier` VALUES (1,1,'测试供货商',4,'测试公司',1,2,52,500,'第三号楼55号','01012345678','68ecshop@68ecshop.com','员工总数：200人；注册资金：2000万元','供货商企业类型一','银行账号：XX\r\n供货商开户行名称：XX\r\n供货商开户行地址：XX','1_20140529rovsbs.jpg','银行账号：XX\r\n供货商开户行名称：XX\r\n供货商开户行地址：XX','1_20140529yzbovb.jpg','地址：XX\r\n邮编：XX\r\n联系人：XX\r\n联系电话：XX','联系人姓名：XX\r\n联系人电话：XX\r\n联系人QQ号：XX','联系人姓名：XX\r\n联系人电话：XX\r\n联系人QQ号：XX','联系人姓名：XX\r\n联系人电话：XX\r\n联系人QQ号：XX','联系人姓名：XX\r\n联系人电话：XX\r\n联系人QQ号：XX','联系人姓名：XX\r\n联系人电话：XX\r\n联系人QQ号：XX',100.00,0.00,10,1,'68ecshop入驻','审核通过商品|goods.php?act=list&supplier_status=1,未审核商品|goods.php?act=list&supplier_status=0,审核未通过商品|goods.php?act=list&supplier_status=-1,商品分类|category.php?act=list,订单列表|order.php?act=list',1,1401371641),(2,8,'68ecshop',0,'测试名称',1,2,52,500,'3号楼301','0102323245','68ecshop@qq.com','员工总数：200人；注册资金：2000万元','私营企业','银行账号：XX\r\n供货商开户行名称：XX\r\n供货商开户行地址：XX','8_20140605mkjjzf.jpg','银行账号：XX\r\n供货商开户行名称：XX\r\n供货商开户行地址：XX','8_20140605huonqh.jpg','地址：XX\r\n邮编：XX\r\n联系人：XX\r\n联系电话：XX','联系人姓名：XX\r\n联系人电话：XX\r\n联系人QQ号：XX','联系人姓名：XX\r\n联系人电话：XX\r\n联系人QQ号：XX','联系人姓名：XX\r\n联系人电话：XX\r\n联系人QQ号：XX','联系人姓名：XX\r\n联系人电话：XX\r\n联系人QQ号：XX','联系人姓名：XX\r\n联系人电话：XX\r\n联系人QQ号：XX',1000.00,10000.00,20,3,'审核通过','',1,1401947912),(3,4,'111111',3,'2222222222',1,2,52,500,'的反对法国风格','01012345678','yangsong19831108@126.com','员工总数：XX人；注册资金：XX万元','私营企业','银行账号：XX\r\n供货商开户行名称：XX\r\n供货商开户行地址：XX','4_20140722ltywws.jpg','银行账号：XX\r\n供货商开户行名称：XX\r\n供货商开户行地址：XX','4_20140722maxapc.jpg','地址：XX\r\n邮编：XX\r\n联系人：XX\r\n联系电话：XX','联系人姓名：XX\r\n联系人电话：XX\r\n联系人QQ号：XX','联系人姓名：XX\r\n联系人电话：XX\r\n联系人QQ号：XX','联系人姓名：XX\r\n联系人电话：XX\r\n联系人QQ号：XX','联系人姓名：XX\r\n联系人电话：XX\r\n联系人QQ号：XX','联系人姓名：XX\r\n              联系人电话：XX\r\n              联系人QQ号：XX',1000.00,200.00,20,1,'sdsddsdsds','',1,1405989313);
/*!40000 ALTER TABLE `ecs_supplier` ENABLE KEYS */;
UNLOCK TABLES;

--
-- Table structure for table `ecs_supplier_admin_action`
--

DROP TABLE IF EXISTS `ecs_supplier_admin_action`;
/*!40101 SET @saved_cs_client     = @@character_set_client */;
/*!40101 SET character_set_client = utf8 */;
CREATE TABLE `ecs_supplier_admin_action` (
  `action_id` tinyint(3) unsigned NOT NULL AUTO_INCREMENT,
  `parent_id` tinyint(3) unsigned NOT NULL DEFAULT '0',
  `action_code` varchar(20) NOT NULL DEFAULT '',
  `relevance` varchar(20) NOT NULL DEFAULT '',
  PRIMARY KEY (`action_id`),
  KEY `parent_id` (`parent_id`)
) ENGINE=MyISAM AUTO_INCREMENT=105 DEFAULT CHARSET=utf8;
/*!40101 SET character_set_client = @saved_cs_client */;

--
-- Dumping data for table `ecs_supplier_admin_action`
--

LOCK TABLES `ecs_supplier_admin_action` WRITE;
/*!40000 ALTER TABLE `ecs_supplier_admin_action` DISABLE KEYS */;
INSERT INTO `ecs_supplier_admin_action` VALUES (1,0,'goods',''),(2,0,'suppliers_manage',''),(3,0,'order_manage',''),(4,0,'sys_manage',''),(5,0,'priv_manage',''),(21,1,'goods_list',''),(22,1,'category_list',''),(23,1,'comment_manage',''),(24,1,'goods_trash',''),(25,1,'goods_manage',''),(26,1,'remove_back',''),(27,1,'cat_manage',''),(28,1,'cat_drop',''),(41,2,'rebate_manage',''),(61,3,'order_list',''),(62,3,'order_query',''),(63,3,'merge_order',''),(64,3,'edit_order_print',''),(65,3,'delivery_order',''),(66,3,'back_order',''),(67,3,'order_os_edit',''),(68,3,'order_ps_edit',''),(69,3,'order_ss_edit',''),(70,3,'order_edit',''),(81,4,'shop_base',''),(82,4,'shop_menu',''),(83,4,'shop_guanggao',''),(84,4,'shop_article',''),(85,4,'shop_header',''),(86,4,'shop_templates',''),(101,5,'admin_list',''),(102,5,'admin_manage',''),(103,5,'admin_drop',''),(104,5,'allot_priv','');
/*!40000 ALTER TABLE `ecs_supplier_admin_action` ENABLE KEYS */;
UNLOCK TABLES;

--
-- Table structure for table `ecs_supplier_admin_user`
--

DROP TABLE IF EXISTS `ecs_supplier_admin_user`;
/*!40101 SET @saved_cs_client     = @@character_set_client */;
/*!40101 SET character_set_client = utf8 */;
CREATE TABLE `ecs_supplier_admin_user` (
  `user_id` smallint(5) unsigned NOT NULL AUTO_INCREMENT,
  `uid` int(10) unsigned NOT NULL DEFAULT '0' COMMENT '存放users表中的user_id',
  `user_name` varchar(60) NOT NULL DEFAULT '',
  `email` varchar(60) NOT NULL DEFAULT '',
  `password` varchar(32) NOT NULL DEFAULT '',
  `ec_salt` varchar(10) DEFAULT NULL,
  `add_time` int(11) NOT NULL DEFAULT '0',
  `last_login` int(11) NOT NULL DEFAULT '0',
  `last_ip` varchar(15) NOT NULL DEFAULT '',
  `action_list` text NOT NULL,
  `nav_list` text NOT NULL,
  `lang_type` varchar(50) NOT NULL DEFAULT '',
  `agency_id` smallint(5) unsigned NOT NULL,
  `supplier_id` int(10) unsigned DEFAULT '0',
  `todolist` longtext,
  `role_id` smallint(5) DEFAULT NULL,
  `checked` tinyint(2) NOT NULL DEFAULT '0' COMMENT '-1:审核未通过,0:未审核,1审核通过',
  PRIMARY KEY (`user_id`),
  KEY `user_name` (`user_name`),
  KEY `agency_id` (`agency_id`)
) ENGINE=MyISAM AUTO_INCREMENT=5 DEFAULT CHARSET=utf8;
/*!40101 SET character_set_client = @saved_cs_client */;

--
-- Dumping data for table `ecs_supplier_admin_user`
--

LOCK TABLES `ecs_supplier_admin_user` WRITE;
/*!40000 ALTER TABLE `ecs_supplier_admin_user` DISABLE KEYS */;
INSERT INTO `ecs_supplier_admin_user` VALUES (1,8,'echsop开发','68ecshop@qq.com','c4ddd47ebf73f314589bdca2af673550','9802',1406772485,1408094382,'127.0.0.1','all','','',0,2,NULL,NULL,1),(2,0,'echsop开发','68ecshop@qq.com','e10adc3949ba59abbe56e057f20f883e','0',1407296958,1407304402,'127.0.0.1','goods_list,rebate_manage,order_list','','',0,2,NULL,0,1),(3,1,'68ecshop','Yasfd@sdf.com','33ab929c1164ad87cb67625fa599394b','2838',1406699418,1408063257,'127.0.0.1','all','','',0,1,NULL,NULL,1),(4,4,'68ec','asdf@asdf.com','e10adc3949ba59abbe56e057f20f883e','0',1405994065,1408094474,'127.0.0.1','all','','',0,3,NULL,NULL,1);
/*!40000 ALTER TABLE `ecs_supplier_admin_user` ENABLE KEYS */;
UNLOCK TABLES;

--
-- Table structure for table `ecs_supplier_article`
--

DROP TABLE IF EXISTS `ecs_supplier_article`;
/*!40101 SET @saved_cs_client     = @@character_set_client */;
/*!40101 SET character_set_client = utf8 */;
CREATE TABLE `ecs_supplier_article` (
  `article_id` mediumint(8) unsigned NOT NULL AUTO_INCREMENT,
  `cat_id` smallint(5) NOT NULL DEFAULT '0',
  `title` varchar(150) NOT NULL DEFAULT '',
  `content` longtext NOT NULL,
  `author` varchar(30) NOT NULL DEFAULT '',
  `author_email` varchar(60) NOT NULL DEFAULT '',
  `keywords` varchar(255) NOT NULL DEFAULT '',
  `article_type` tinyint(1) unsigned NOT NULL DEFAULT '2',
  `is_open` tinyint(1) unsigned NOT NULL DEFAULT '1',
  `add_time` int(10) unsigned NOT NULL DEFAULT '0',
  `file_url` varchar(255) NOT NULL DEFAULT '',
  `open_type` tinyint(1) unsigned NOT NULL DEFAULT '0',
  `link` varchar(255) NOT NULL DEFAULT '',
  `description` varchar(255) DEFAULT NULL,
  `supplier_id` int(10) unsigned NOT NULL DEFAULT '0',
  PRIMARY KEY (`article_id`),
  KEY `cat_id` (`cat_id`)
) ENGINE=MyISAM AUTO_INCREMENT=3 DEFAULT CHARSET=utf8;
/*!40101 SET character_set_client = @saved_cs_client */;

--
-- Dumping data for table `ecs_supplier_article`
--

LOCK TABLES `ecs_supplier_article` WRITE;
/*!40000 ALTER TABLE `ecs_supplier_article` DISABLE KEYS */;
INSERT INTO `ecs_supplier_article` VALUES (2,1,'京东自营覆盖区县','<p><span style=\"color: rgb(102, 102, 102); font-family: Arial, Verdana, 宋体; line-height: 18px;\">京东已向全国979个区县提供自营配送服务，支持货到付款、POS机刷卡和售后上门服务。</span></p>\r\n<p><span style=\"color: rgb(102, 102, 102); font-family: Arial, Verdana, 宋体; line-height: 18px;\">京东已向全国979个区县提供自营配送服务，支持货到付款、POS机刷卡和售后上门服务。</span><span style=\"color: rgb(102, 102, 102); font-family: Arial, Verdana, 宋体; line-height: 18px;\">京东已向全国979个区县提供自营配送服务，支持货到付款、POS机刷卡和售后上门服务。</span><span style=\"color: rgb(102, 102, 102); font-family: Arial, Verdana, 宋体; line-height: 18px;\">京东已向全国979个区县提供自营配送服务，支持货到付款、POS机刷卡和售后上门服务。</span><span style=\"color: rgb(102, 102, 102); font-family: Arial, Verdana, 宋体; line-height: 18px;\">京东已向全国979个区县提供自营配送服务，支持货到付款、POS机刷卡和售后上门服务。</span><span style=\"color: rgb(102, 102, 102); font-family: Arial, Verdana, 宋体; line-height: 18px;\">京东已向全国979个区县提供自营配送服务，支持货到付款、POS机刷卡和售后上门服务。</span><span style=\"color: rgb(102, 102, 102); font-family: Arial, Verdana, 宋体; line-height: 18px;\">京东已向全国979个区县提供自营配送服务，支持货到付款、POS机刷卡和售后上门服务。</span><span style=\"color: rgb(102, 102, 102); font-family: Arial, Verdana, 宋体; line-height: 18px;\">京东已向全国979个区县提供自营配送服务，支持货到付款、POS机刷卡和售后上门服务。</span></p>','alf','','',0,1,1402281418,'',0,'http://','',1);
/*!40000 ALTER TABLE `ecs_supplier_article` ENABLE KEYS */;
UNLOCK TABLES;

--
-- Table structure for table `ecs_supplier_article_cat`
--

DROP TABLE IF EXISTS `ecs_supplier_article_cat`;
/*!40101 SET @saved_cs_client     = @@character_set_client */;
/*!40101 SET character_set_client = utf8 */;
CREATE TABLE `ecs_supplier_article_cat` (
  `cat_id` int(10) NOT NULL DEFAULT '0' COMMENT '入驻商的店铺id',
  `cat_name` varchar(255) NOT NULL DEFAULT '',
  `cat_type` tinyint(1) unsigned NOT NULL DEFAULT '1',
  `keywords` varchar(255) NOT NULL DEFAULT '',
  `cat_desc` varchar(255) NOT NULL DEFAULT '',
  `sort_order` tinyint(3) unsigned NOT NULL DEFAULT '50',
  `show_in_nav` tinyint(1) unsigned NOT NULL DEFAULT '0',
  `parent_id` smallint(5) unsigned NOT NULL DEFAULT '0',
  PRIMARY KEY (`cat_id`),
  KEY `cat_type` (`cat_type`),
  KEY `sort_order` (`sort_order`),
  KEY `parent_id` (`parent_id`)
) ENGINE=MyISAM DEFAULT CHARSET=utf8;
/*!40101 SET character_set_client = @saved_cs_client */;

--
-- Dumping data for table `ecs_supplier_article_cat`
--

LOCK TABLES `ecs_supplier_article_cat` WRITE;
/*!40000 ALTER TABLE `ecs_supplier_article_cat` DISABLE KEYS */;
INSERT INTO `ecs_supplier_article_cat` VALUES (1,'68ecshop',2,'','入驻商的店铺文章分类',50,0,0);
/*!40000 ALTER TABLE `ecs_supplier_article_cat` ENABLE KEYS */;
UNLOCK TABLES;

--
-- Table structure for table `ecs_supplier_cat_recommend`
--

DROP TABLE IF EXISTS `ecs_supplier_cat_recommend`;
/*!40101 SET @saved_cs_client     = @@character_set_client */;
/*!40101 SET character_set_client = utf8 */;
CREATE TABLE `ecs_supplier_cat_recommend` (
  `cat_id` smallint(5) NOT NULL,
  `recommend_type` tinyint(1) NOT NULL,
  `supplier_id` int(10) unsigned NOT NULL DEFAULT '0',
  PRIMARY KEY (`cat_id`,`recommend_type`)
) ENGINE=MyISAM DEFAULT CHARSET=utf8;
/*!40101 SET character_set_client = @saved_cs_client */;

--
-- Dumping data for table `ecs_supplier_cat_recommend`
--

LOCK TABLES `ecs_supplier_cat_recommend` WRITE;
/*!40000 ALTER TABLE `ecs_supplier_cat_recommend` DISABLE KEYS */;
INSERT INTO `ecs_supplier_cat_recommend` VALUES (1,1,1),(2,2,1),(3,3,1),(4,2,1),(20,1,1),(12,3,1);
/*!40000 ALTER TABLE `ecs_supplier_cat_recommend` ENABLE KEYS */;
UNLOCK TABLES;

--
-- Table structure for table `ecs_supplier_category`
--

DROP TABLE IF EXISTS `ecs_supplier_category`;
/*!40101 SET @saved_cs_client     = @@character_set_client */;
/*!40101 SET character_set_client = utf8 */;
CREATE TABLE `ecs_supplier_category` (
  `cat_id` smallint(5) unsigned NOT NULL AUTO_INCREMENT,
  `cat_name` varchar(90) NOT NULL DEFAULT '',
  `keywords` varchar(255) NOT NULL DEFAULT '',
  `cat_desc` varchar(255) NOT NULL DEFAULT '',
  `parent_id` smallint(5) unsigned NOT NULL DEFAULT '0',
  `sort_order` tinyint(1) unsigned NOT NULL DEFAULT '50',
  `template_file` varchar(50) NOT NULL DEFAULT '',
  `measure_unit` varchar(15) NOT NULL DEFAULT '',
  `show_in_nav` tinyint(1) NOT NULL DEFAULT '0',
  `style` varchar(150) NOT NULL,
  `is_show` tinyint(1) unsigned NOT NULL DEFAULT '1',
  `grade` tinyint(4) NOT NULL DEFAULT '0',
  `filter_attr` varchar(255) NOT NULL DEFAULT '0',
  `supplier_id` int(10) unsigned NOT NULL DEFAULT '0',
  `is_show_cat_pic` tinyint(1) unsigned NOT NULL DEFAULT '0',
  `cat_pic` varchar(255) NOT NULL DEFAULT '',
  `cat_pic_url` varchar(100) NOT NULL DEFAULT '',
  `cat_goods_limit` smallint(3) unsigned NOT NULL DEFAULT '4',
  PRIMARY KEY (`cat_id`),
  KEY `parent_id` (`parent_id`,`supplier_id`),
  KEY `supplier_id` (`supplier_id`)
) ENGINE=MyISAM AUTO_INCREMENT=24 DEFAULT CHARSET=utf8;
/*!40101 SET character_set_client = @saved_cs_client */;

--
-- Dumping data for table `ecs_supplier_category`
--

LOCK TABLES `ecs_supplier_category` WRITE;
/*!40000 ALTER TABLE `ecs_supplier_category` DISABLE KEYS */;
INSERT INTO `ecs_supplier_category` VALUES (1,'按系列','','',0,50,'','4',0,'',1,0,'1',1,0,'','',4),(2,'百合高保湿系列','','',1,50,'','4',0,'',1,3,'1',1,1,'../data/supplier/category/1c1404976728.gif','http://www.68ecshop.com',8),(3,'按类型','','',0,50,'','4',0,'',1,3,'2',1,0,'','',4),(4,'按功效','','',0,50,'','4',0,'',1,3,'3',1,0,'','',4),(5,'红景天幼白系列','','',1,50,'','',0,'',1,0,'',1,0,'','',4),(6,'金缕梅控油系列','','',1,50,'','',0,'',1,0,'',1,0,'','',4),(7,'男士系列','','',1,50,'','',0,'',1,0,'',1,0,'','',4),(8,'润白系列','','',1,50,'','',0,'',1,0,'',1,0,'','',4),(9,'芯静自然系列','','',1,50,'','',0,'',1,0,'',1,0,'','',4),(10,'美白','','',4,50,'','',0,'',1,0,'',1,0,'','',4),(11,'保湿','','',4,50,'','',0,'',1,0,'',1,0,'','',4),(12,'补水','','',4,50,'','',0,'',1,0,'',1,0,'','',4),(13,'收敛毛孔','','',4,50,'','',0,'',1,0,'',1,0,'','',4),(14,'去黑头','','',4,50,'','',0,'',1,0,'',1,0,'','',4),(15,'去角质','','',4,50,'','',0,'',1,0,'',1,0,'','',4),(16,'面膜','','',3,50,'','',0,'',1,0,'',1,0,'','',4),(17,'洁面','','',3,50,'','',0,'',1,0,'',1,0,'','',4),(18,'手霜','','',3,50,'','',0,'',1,0,'',1,0,'','',4),(19,'身体乳','','',3,50,'','',0,'',1,0,'',1,0,'','',4),(20,'爽肤水/化妆水','','',3,50,'','',0,'',1,0,'',1,0,'','',4),(21,'供货商分类二','','',0,50,'','',0,'',1,0,'',2,0,'','',8),(22,'供货商分类一','','',0,50,'','',0,'',1,0,'',2,0,'','',8),(23,'111114444','','',22,50,'','',0,'',1,0,'',2,0,'','',8);
/*!40000 ALTER TABLE `ecs_supplier_category` ENABLE KEYS */;
UNLOCK TABLES;

--
-- Table structure for table `ecs_supplier_goods_cat`
--

DROP TABLE IF EXISTS `ecs_supplier_goods_cat`;
/*!40101 SET @saved_cs_client     = @@character_set_client */;
/*!40101 SET character_set_client = utf8 */;
CREATE TABLE `ecs_supplier_goods_cat` (
  `goods_id` mediumint(8) unsigned NOT NULL DEFAULT '0',
  `cat_id` smallint(5) unsigned NOT NULL DEFAULT '0',
  `supplier_id` int(11) unsigned NOT NULL,
  PRIMARY KEY (`goods_id`,`cat_id`)
) ENGINE=MyISAM DEFAULT CHARSET=utf8;
/*!40101 SET character_set_client = @saved_cs_client */;

--
-- Dumping data for table `ecs_supplier_goods_cat`
--

LOCK TABLES `ecs_supplier_goods_cat` WRITE;
/*!40000 ALTER TABLE `ecs_supplier_goods_cat` DISABLE KEYS */;
INSERT INTO `ecs_supplier_goods_cat` VALUES (41,2,1),(42,2,1),(43,2,1),(44,2,1),(47,2,1),(46,2,1),(45,20,1),(48,2,1),(48,20,1),(49,2,1),(49,20,1),(50,20,1),(50,16,1),(41,20,1),(41,16,1),(42,20,1),(42,16,1),(43,20,1),(51,2,1),(44,20,1),(44,16,1),(52,16,1),(53,2,1),(54,16,1),(55,2,1),(56,2,1),(57,2,1),(58,2,1),(59,9,1),(63,15,1),(63,16,1),(64,15,1);
/*!40000 ALTER TABLE `ecs_supplier_goods_cat` ENABLE KEYS */;
UNLOCK TABLES;

--
-- Table structure for table `ecs_supplier_guanzhu`
--

DROP TABLE IF EXISTS `ecs_supplier_guanzhu`;
/*!40101 SET @saved_cs_client     = @@character_set_client */;
/*!40101 SET character_set_client = utf8 */;
CREATE TABLE `ecs_supplier_guanzhu` (
  `id` int(10) unsigned NOT NULL AUTO_INCREMENT,
  `userid` int(10) unsigned NOT NULL DEFAULT '0',
  `supplierid` int(10) unsigned NOT NULL DEFAULT '0',
  `addtime` int(11) unsigned NOT NULL DEFAULT '0',
  PRIMARY KEY (`id`),
  UNIQUE KEY `userid` (`userid`,`supplierid`)
) ENGINE=MyISAM AUTO_INCREMENT=2 DEFAULT CHARSET=utf8;
/*!40101 SET character_set_client = @saved_cs_client */;

--
-- Dumping data for table `ecs_supplier_guanzhu`
--

LOCK TABLES `ecs_supplier_guanzhu` WRITE;
/*!40000 ALTER TABLE `ecs_supplier_guanzhu` DISABLE KEYS */;
/*!40000 ALTER TABLE `ecs_supplier_guanzhu` ENABLE KEYS */;
UNLOCK TABLES;

--
-- Table structure for table `ecs_supplier_nav`
--

DROP TABLE IF EXISTS `ecs_supplier_nav`;
/*!40101 SET @saved_cs_client     = @@character_set_client */;
/*!40101 SET character_set_client = utf8 */;
CREATE TABLE `ecs_supplier_nav` (
  `id` mediumint(8) NOT NULL AUTO_INCREMENT,
  `ctype` varchar(10) DEFAULT NULL,
  `cid` smallint(5) unsigned DEFAULT NULL,
  `name` varchar(255) NOT NULL,
  `ifshow` tinyint(1) NOT NULL,
  `vieworder` tinyint(1) NOT NULL,
  `opennew` tinyint(1) NOT NULL,
  `url` varchar(255) NOT NULL,
  `type` varchar(10) NOT NULL,
  `supplier_id` int(10) unsigned NOT NULL DEFAULT '0',
  PRIMARY KEY (`id`),
  KEY `type` (`type`),
  KEY `ifshow` (`ifshow`)
) ENGINE=MyISAM AUTO_INCREMENT=8 DEFAULT CHARSET=utf8;
/*!40101 SET character_set_client = @saved_cs_client */;

--
-- Dumping data for table `ecs_supplier_nav`
--

LOCK TABLES `ecs_supplier_nav` WRITE;
/*!40000 ALTER TABLE `ecs_supplier_nav` DISABLE KEYS */;
INSERT INTO `ecs_supplier_nav` VALUES (1,'',0,'百合高效保湿',1,2,0,'http://127.0.0.3/supplier.php?go=category&suppId=1&id=2','middle',1),(2,'',0,'润白系列',1,4,0,'http://127.0.0.3/supplier.php?go=category&suppId=1&id=8','middle',1),(3,'',0,'面膜',1,10,0,'supplier.php?go=category&amp;suppId=1&amp;id=16','middle',1),(4,'',0,'爽肤水/化妆水',1,3,0,'supplier.php?go=category&suppId=1&id=20','middle',1),(5,'',0,'男士系列',1,7,0,'http://127.0.0.3/supplier.php?go=category&suppId=1&id=7','middle',1),(6,'',0,'芯静自然系列',1,1,0,'supplier.php?go=category&suppId=1&id=9','middle',1),(7,NULL,NULL,'手霜',1,11,0,'supplier.php?go=category&amp;suppId=1&amp;id=18','middle',1);
/*!40000 ALTER TABLE `ecs_supplier_nav` ENABLE KEYS */;
UNLOCK TABLES;

--
-- Table structure for table `ecs_supplier_rank`
--

DROP TABLE IF EXISTS `ecs_supplier_rank`;
/*!40101 SET @saved_cs_client     = @@character_set_client */;
/*!40101 SET character_set_client = utf8 */;
CREATE TABLE `ecs_supplier_rank` (
  `rank_id` tinyint(3) unsigned NOT NULL AUTO_INCREMENT,
  `rank_name` varchar(30) NOT NULL DEFAULT '',
  `sort_order` tinyint(3) unsigned NOT NULL DEFAULT '50',
  PRIMARY KEY (`rank_id`)
) ENGINE=MyISAM AUTO_INCREMENT=6 DEFAULT CHARSET=utf8;
/*!40101 SET character_set_client = @saved_cs_client */;

--
-- Dumping data for table `ecs_supplier_rank`
--

LOCK TABLES `ecs_supplier_rank` WRITE;
/*!40000 ALTER TABLE `ecs_supplier_rank` DISABLE KEYS */;
INSERT INTO `ecs_supplier_rank` VALUES (3,'一级供货商',1),(4,'中级供货商',2),(5,'高级供货商',3);
/*!40000 ALTER TABLE `ecs_supplier_rank` ENABLE KEYS */;
UNLOCK TABLES;

--
-- Table structure for table `ecs_supplier_rebate`
--

DROP TABLE IF EXISTS `ecs_supplier_rebate`;
/*!40101 SET @saved_cs_client     = @@character_set_client */;
/*!40101 SET character_set_client = utf8 */;
CREATE TABLE `ecs_supplier_rebate` (
  `rebate_id` int(10) unsigned NOT NULL AUTO_INCREMENT,
  `rebate_paytime_start` int(10) unsigned NOT NULL,
  `rebate_paytime_end` int(10) unsigned NOT NULL,
  `supplier_id` int(10) unsigned NOT NULL,
  `is_pay_ok` tinyint(1) unsigned NOT NULL DEFAULT '0',
  `pay_type` varchar(100) NOT NULL DEFAULT '',
  `pay_time` int(10) unsigned NOT NULL,
  `remark` varchar(255) NOT NULL DEFAULT '',
  `admin_user` varchar(100) NOT NULL,
  PRIMARY KEY (`rebate_id`),
  KEY `cat_type` (`rebate_paytime_end`),
  KEY `supplier_id` (`supplier_id`)
) ENGINE=MyISAM AUTO_INCREMENT=2 DEFAULT CHARSET=utf8;
/*!40101 SET character_set_client = @saved_cs_client */;

--
-- Dumping data for table `ecs_supplier_rebate`
--

LOCK TABLES `ecs_supplier_rebate` WRITE;
/*!40000 ALTER TABLE `ecs_supplier_rebate` DISABLE KEYS */;
INSERT INTO `ecs_supplier_rebate` VALUES (1,1406649600,1420041599,1,0,'支付宝转账',1406736000,'本次利润已经打过去了，','');
/*!40000 ALTER TABLE `ecs_supplier_rebate` ENABLE KEYS */;
UNLOCK TABLES;

--
-- Table structure for table `ecs_supplier_shop_config`
--

DROP TABLE IF EXISTS `ecs_supplier_shop_config`;
/*!40101 SET @saved_cs_client     = @@character_set_client */;
/*!40101 SET character_set_client = utf8 */;
CREATE TABLE `ecs_supplier_shop_config` (
  `id` int(10) unsigned NOT NULL DEFAULT '0',
  `parent_id` smallint(5) unsigned NOT NULL DEFAULT '0',
  `code` varchar(30) NOT NULL DEFAULT '',
  `type` varchar(10) NOT NULL DEFAULT '',
  `store_range` varchar(255) NOT NULL DEFAULT '',
  `store_dir` varchar(255) NOT NULL DEFAULT '',
  `value` text NOT NULL,
  `sort_order` tinyint(3) unsigned NOT NULL DEFAULT '1',
  `supplier_id` int(10) unsigned NOT NULL DEFAULT '0',
  PRIMARY KEY (`id`,`supplier_id`),
  KEY `parent_id` (`parent_id`)
) ENGINE=MyISAM DEFAULT CHARSET=utf8;
/*!40101 SET character_set_client = @saved_cs_client */;

--
-- Dumping data for table `ecs_supplier_shop_config`
--

LOCK TABLES `ecs_supplier_shop_config` WRITE;
/*!40000 ALTER TABLE `ecs_supplier_shop_config` DISABLE KEYS */;
INSERT INTO `ecs_supplier_shop_config` VALUES (1,0,'shop_info','group','','','',1,1),(2,0,'hidden','hidden','','','',1,1),(101,1,'shop_name','text','','','京润珍珠官方旗舰店',1,1),(102,1,'shop_title','text','','','京润珍珠官方旗舰店',1,1),(103,1,'shop_desc','hidden','','','商家店铺描述',1,1),(104,1,'shop_keywords','text','','','京润珍珠官方旗舰店',1,1),(105,1,'shop_country','manual','','','1',1,1),(106,1,'shop_province','manual','','','10',1,1),(107,1,'shop_city','manual','','','145',1,1),(108,1,'shop_address','text','','','北戴河京润珍珠有限公司',1,1),(109,1,'qq','text','','','800007396',1,1),(110,1,'ww','text','','','',1,1),(111,1,'skype','hidden','','','',1,1),(112,1,'ym','hidden','','','',1,1),(113,1,'msn','hidden','','','',1,1),(114,1,'service_email','text','','','68ecshop@68ecshop.com',1,1),(115,1,'service_phone','text','','','400-663-5268',1,1),(116,1,'shop_closed','hidden','0,1','','0',1,1),(117,1,'close_comment','hidden','','','',1,1),(118,1,'shop_logo','file','','../themes/{$template}/images/','/data/supplier/logo/logo_supplier1.jpg',1,1),(119,1,'licensed','hidden','0,1','','1',1,1),(120,1,'user_notice','hidden','','','用户中心公告！',1,1),(121,1,'shop_notice','textarea','','','商家店铺介绍:欢迎光临手机网,我们的宗旨：诚信经营、服务客户！\r\n<MARQUEE onmouseover=this.stop() onmouseout=this.start() \r\nscrollAmount=3><U><FONT color=red>\r\n<P>咨询电话010-10124444  010-21252454 8465544</P></FONT></U></MARQUEE>',1,1),(122,1,'shop_reg_closed','hidden','1,0','','0',1,1),(123,1,'shop_index_num','textarea','','','4\r\n4\r\n4',1,1),(124,1,'shop_search_price','textarea','','','0-1000元\r\n1000-2000元\r\n2000-4000元',1,1),(201,2,'shop_header_color','hidden','','','#FF0000',1,1),(202,2,'shop_header_text','hidden','','','<p style=\"text-align: center;\"><img style=\"width: 1200px; height: 291px;\" src=\"http://xjd.68ecshop.com/includes/ueditor/php/../../../images/image/35581407894924.jpg\" title=\"20140603ocdsiu.jpg\" border=\"0\" height=\"291\" hspace=\"0\" vspace=\"0\" width=\"1200\"/></p>',1,1),(203,2,'template','hidden','','','dianpu2',1,1),(204,2,'stylename','hidden','','','',1,1),(205,2,'flash_theme','hidden','','','68ecshop1',1,1),(125,1,'shop_closed','select','0,1','','0',1,1),(126,1,'close_comment','textarea','','','该店铺正在装修',1,1),(8,0,'sms','group','','','',1,1),(801,8,'sms_shop_mobile','text','','','13681561210',1,1),(802,8,'sms_order_placed','select','1,0','','1',1,1),(803,8,'sms_order_payed','hidden','1,0','','0',1,1),(804,8,'sms_order_shipped','hidden','1,0','','0',1,1),(124,1,'shop_search_price','textarea','','','0-1000元\r\n1000-2000元\r\n2000-4000元',1,2),(123,1,'shop_index_num','textarea','','','8\r\n6\r\n4',1,2),(122,1,'shop_reg_closed','hidden','1,0','','0',1,2),(121,1,'shop_notice','textarea','','','商家店铺介绍:欢迎光临手机网,我们的宗旨：诚信经营、服务客户！\r\n<MARQUEE onmouseover=this.stop() onmouseout=this.start() \r\nscrollAmount=3><U><FONT color=red>\r\n<P>咨询电话010-10124444  010-21252454 8465544</P></FONT></U></MARQUEE>',1,2),(120,1,'user_notice','hidden','','','用户中心公告！',1,2),(119,1,'licensed','hidden','0,1','','1',1,2),(118,1,'shop_logo','file','','../themes/{$template}/images/','',1,2),(117,1,'close_comment','hidden','','','',1,2),(116,1,'shop_closed','hidden','0,1','','0',1,2),(109,1,'qq','text','','','',1,2),(110,1,'ww','text','','','',1,2),(111,1,'skype','hidden','','','',1,2),(112,1,'ym','hidden','','','',1,2),(113,1,'msn','hidden','','','',1,2),(114,1,'service_email','text','','','',1,2),(115,1,'service_phone','text','','','',1,2),(108,1,'shop_address','text','','','',1,2),(107,1,'shop_city','manual','','','52',1,2),(106,1,'shop_province','manual','','','2',1,2),(105,1,'shop_country','manual','','','1',1,2),(104,1,'shop_keywords','text','','','商家店铺关键字',1,2),(103,1,'shop_desc','hidden','','','商家店铺描述',1,2),(102,1,'shop_title','text','','','商家店铺标题',1,2),(101,1,'shop_name','text','','','商家店铺名称',1,2),(8,0,'sms','group','','','',1,2),(2,0,'hidden','hidden','','','',1,2),(1,0,'shop_info','group','','','',1,2),(125,1,'shop_closed','select','0,1','','0',1,2),(126,1,'close_comment','textarea','','','该店铺正在装修',1,2),(201,2,'shop_header_color','hidden','','','#E4368F',1,2),(202,2,'shop_header_text','hidden','','','请上传logo和banner',1,2),(203,2,'template','hidden','','','dianpu',1,2),(204,2,'stylename','hidden','','','',1,2),(205,2,'flash_theme','hidden','','','echsop开发2',1,2),(801,8,'sms_shop_mobile','text','','','',1,2),(802,8,'sms_order_placed','select','1,0','','0',1,2),(803,8,'sms_order_payed','hidden','1,0','','0',1,2),(804,8,'sms_order_shipped','hidden','1,0','','0',1,2),(1,0,'shop_info','group','','','',1,3),(2,0,'hidden','hidden','','','',1,3),(8,0,'sms','group','','','',1,3),(101,1,'shop_name','text','','','商家店铺名称',1,3),(102,1,'shop_title','text','','','商家店铺标题',1,3),(103,1,'shop_desc','hidden','','','商家店铺描述',1,3),(104,1,'shop_keywords','text','','','商家店铺关键字',1,3),(105,1,'shop_country','manual','','','1',1,3),(106,1,'shop_province','manual','','','0',1,3),(107,1,'shop_city','manual','','','0',1,3),(108,1,'shop_address','text','','','',1,3),(109,1,'qq','text','','','',1,3),(110,1,'ww','text','','','',1,3),(111,1,'skype','hidden','','','',1,3),(112,1,'ym','hidden','','','',1,3),(113,1,'msn','hidden','','','',1,3),(114,1,'service_email','text','','','',1,3),(115,1,'service_phone','text','','','',1,3),(116,1,'shop_closed','hidden','0,1','','0',1,3),(117,1,'close_comment','hidden','','','',1,3),(118,1,'shop_logo','file','','../themes/{$template}/images/','',1,3),(119,1,'licensed','hidden','0,1','','1',1,3),(120,1,'user_notice','hidden','','','用户中心公告！',1,3),(121,1,'shop_notice','textarea','','','商家店铺介绍:欢迎光临手机网,我们的宗旨：诚信经营、服务客户！\r\n<MARQUEE onmouseover=this.stop() onmouseout=this.start() \r\nscrollAmount=3><U><FONT color=red>\r\n<P>咨询电话010-10124444  010-21252454 8465544</P></FONT></U></MARQUEE>',1,3),(122,1,'shop_reg_closed','hidden','1,0','','0',1,3),(123,1,'shop_index_num','textarea','','','8\r\n6\r\n4',1,3),(124,1,'shop_search_price','textarea','','','0-1000元\r\n1000-2000元\r\n2000-4000元',1,3),(125,1,'shop_closed','select','0,1','','1',1,3),(126,1,'close_comment','textarea','','','该店铺正在装修',1,3),(201,2,'shop_header_color','hidden','','','#E4368F',1,3),(202,2,'shop_header_text','hidden','','','请上传logo和banner',1,3),(203,2,'template','hidden','','','dianpu2',1,3),(204,2,'stylename','hidden','','','',1,3),(205,2,'flash_theme','hidden','','','68ec3',1,3),(801,8,'sms_shop_mobile','text','','','',1,3),(802,8,'sms_order_placed','select','1,0','','0',1,3),(803,8,'sms_order_payed','hidden','1,0','','0',1,3),(804,8,'sms_order_shipped','hidden','1,0','','0',1,3);
/*!40000 ALTER TABLE `ecs_supplier_shop_config` ENABLE KEYS */;
UNLOCK TABLES;

--
-- Table structure for table `ecs_supplier_street`
--

DROP TABLE IF EXISTS `ecs_supplier_street`;
/*!40101 SET @saved_cs_client     = @@character_set_client */;
/*!40101 SET character_set_client = utf8 */;
CREATE TABLE `ecs_supplier_street` (
  `supplier_id` mediumint(8) unsigned NOT NULL COMMENT '店铺id',
  `supplier_type` tinyint(1) unsigned NOT NULL DEFAULT '0' COMMENT '店铺类型',
  `supplier_name` varchar(255) NOT NULL COMMENT '店铺名称',
  `supplier_title` varchar(255) NOT NULL COMMENT '店铺标题',
  `supplier_desc` text NOT NULL COMMENT '店铺描述',
  `supplier_tags` varchar(255) NOT NULL COMMENT '店铺标签',
  `logo` varchar(255) NOT NULL COMMENT '店铺图标',
  `is_groom` tinyint(3) unsigned NOT NULL DEFAULT '0' COMMENT '是否推荐',
  `is_show` tinyint(3) unsigned NOT NULL DEFAULT '0' COMMENT '是否显示',
  `sort_order` tinyint(1) unsigned NOT NULL DEFAULT '50' COMMENT '排列顺序',
  `supplier_notice` text NOT NULL COMMENT '审核通知',
  `status` tinyint(1) NOT NULL DEFAULT '0' COMMENT '审核状态',
  `add_time` int(10) NOT NULL DEFAULT '0' COMMENT '申请添加时间',
  UNIQUE KEY `supplier_id` (`supplier_id`)
) ENGINE=MyISAM DEFAULT CHARSET=utf8 COMMENT='店铺街店铺信息';
/*!40101 SET character_set_client = @saved_cs_client */;

--
-- Dumping data for table `ecs_supplier_street`
--

LOCK TABLES `ecs_supplier_street` WRITE;
/*!40000 ALTER TABLE `ecs_supplier_street` DISABLE KEYS */;
INSERT INTO `ecs_supplier_street` VALUES (2,2,'店铺名称2','店铺标题2','店铺描述2','标签','/data/street_logo/supplier1/original1_220x220.jpg',1,1,200,'通过',1,1407835088),(1,2,'店铺名称1','店铺标题1','店铺描述1','标签','/data/street_logo/supplier1/original1_220x220.jpg',1,1,200,'',1,1407835088),(3,1,'店铺名称3','店铺标题3','店铺描述3','标签','/data/street_logo/supplier3/original3_220x220.jpg',1,1,200,'',1,1407835088),(4,2,'店铺名称4','店铺标题4','店铺描述4','标签','/data/street_logo/supplier1/original1_220x220.jpg',1,1,200,'通过',1,1407835088),(5,3,'店铺名称5','店铺标题5','店铺描述5','标签','/data/street_logo/supplier1/original1_220x220.jpg',1,1,200,'通过',0,1407835088),(6,2,'店铺名称6','店铺标题6','店铺描述6','标签','/data/street_logo/supplier1/original1_220x220.jpg',1,1,200,'通过',0,1407835088),(7,2,'店铺名称7','店铺标题7','店铺描述7','标签','/data/street_logo/supplier1/original1_220x220.jpg',1,1,200,'通过',0,1407835088),(8,2,'店铺名称8','店铺标题8','店铺描述8','标签','/data/street_logo/supplier1/original1_220x220.jpg',1,0,200,'通过',1,1407835088),(9,2,'店铺名称9','店铺标题9','店铺描述9','标签','/data/street_logo/supplier1/original1_220x220.jpg',1,0,200,'通过',1,1407835088);
/*!40000 ALTER TABLE `ecs_supplier_street` ENABLE KEYS */;
UNLOCK TABLES;

--
-- Table structure for table `ecs_suppliers`
--

DROP TABLE IF EXISTS `ecs_suppliers`;
/*!40101 SET @saved_cs_client     = @@character_set_client */;
/*!40101 SET character_set_client = utf8 */;
CREATE TABLE `ecs_suppliers` (
  `suppliers_id` smallint(5) unsigned NOT NULL AUTO_INCREMENT,
  `suppliers_name` varchar(255) DEFAULT NULL,
  `suppliers_desc` mediumtext,
  `is_check` tinyint(1) unsigned NOT NULL DEFAULT '1',
  PRIMARY KEY (`suppliers_id`)
) ENGINE=MyISAM DEFAULT CHARSET=utf8;
/*!40101 SET character_set_client = @saved_cs_client */;

--
-- Dumping data for table `ecs_suppliers`
--

LOCK TABLES `ecs_suppliers` WRITE;
/*!40000 ALTER TABLE `ecs_suppliers` DISABLE KEYS */;
/*!40000 ALTER TABLE `ecs_suppliers` ENABLE KEYS */;
UNLOCK TABLES;

--
-- Table structure for table `ecs_tag`
--

DROP TABLE IF EXISTS `ecs_tag`;
/*!40101 SET @saved_cs_client     = @@character_set_client */;
/*!40101 SET character_set_client = utf8 */;
CREATE TABLE `ecs_tag` (
  `tag_id` mediumint(8) NOT NULL AUTO_INCREMENT,
  `user_id` mediumint(8) unsigned NOT NULL DEFAULT '0',
  `goods_id` mediumint(8) unsigned NOT NULL DEFAULT '0',
  `tag_words` varchar(255) NOT NULL DEFAULT '',
  PRIMARY KEY (`tag_id`),
  KEY `user_id` (`user_id`),
  KEY `goods_id` (`goods_id`)
) ENGINE=MyISAM DEFAULT CHARSET=utf8;
/*!40101 SET character_set_client = @saved_cs_client */;

--
-- Dumping data for table `ecs_tag`
--

LOCK TABLES `ecs_tag` WRITE;
/*!40000 ALTER TABLE `ecs_tag` DISABLE KEYS */;
/*!40000 ALTER TABLE `ecs_tag` ENABLE KEYS */;
UNLOCK TABLES;

--
-- Table structure for table `ecs_takegoods`
--

DROP TABLE IF EXISTS `ecs_takegoods`;
/*!40101 SET @saved_cs_client     = @@character_set_client */;
/*!40101 SET character_set_client = utf8 */;
CREATE TABLE `ecs_takegoods` (
  `tg_id` int(10) unsigned NOT NULL AUTO_INCREMENT,
  `type_id` tinyint(3) unsigned NOT NULL DEFAULT '0',
  `tg_sn` varchar(20) NOT NULL,
  `tg_pwd` varchar(20) NOT NULL,
  `tg_order_id` int(10) unsigned NOT NULL DEFAULT '0',
  `used_time` int(10) unsigned NOT NULL DEFAULT '0',
  `add_time` int(10) unsigned NOT NULL DEFAULT '0',
  PRIMARY KEY (`tg_id`),
  KEY `vc_sn` (`tg_sn`)
) ENGINE=MyISAM AUTO_INCREMENT=11 DEFAULT CHARSET=utf8;
/*!40101 SET character_set_client = @saved_cs_client */;

--
-- Dumping data for table `ecs_takegoods`
--

LOCK TABLES `ecs_takegoods` WRITE;
/*!40000 ALTER TABLE `ecs_takegoods` DISABLE KEYS */;
INSERT INTO `ecs_takegoods` VALUES (1,1,'4j2j0p3e10001','v6k6q9z8e5z3s4b6',0,0,1404953495),(2,1,'1s0e7a6q10002','y8e2h5z9o9x7w4j5',0,0,1404953495),(3,1,'4t2o7j1q10003','w0w1e9k3u9z4a9e2',0,0,1404953495),(4,1,'9m0b5y5v10004','i1w7c2f9b8m9e3p3',0,0,1404953495),(5,1,'8q9d4e4p10005','m9n8q7l1p3h7j5j0',0,0,1404953495),(6,1,'1p7e7a6x10006','u1k7e9f7y9l6x8o8',0,0,1404953495),(7,1,'9i7q6r3b10007','x6w9p5w8t4r0i7m3',0,0,1404953495),(8,1,'4u6f7r7u10008','o3s9y5b6x5x5v1z1',1,1404955490,1404953495),(9,1,'1p7e2n5q10009','u2i4j8m5h3b7a4y7',0,0,1404953495),(10,1,'1n8i2w9o10010','c8i0l8q6o8w0m8c4',0,0,1404953495);
/*!40000 ALTER TABLE `ecs_takegoods` ENABLE KEYS */;
UNLOCK TABLES;

--
-- Table structure for table `ecs_takegoods_goods`
--

DROP TABLE IF EXISTS `ecs_takegoods_goods`;
/*!40101 SET @saved_cs_client     = @@character_set_client */;
/*!40101 SET character_set_client = utf8 */;
CREATE TABLE `ecs_takegoods_goods` (
  `tg_id` int(10) unsigned NOT NULL AUTO_INCREMENT,
  `goods_ids` varchar(255) NOT NULL DEFAULT '',
  PRIMARY KEY (`tg_id`)
) ENGINE=MyISAM DEFAULT CHARSET=utf8;
/*!40101 SET character_set_client = @saved_cs_client */;

--
-- Dumping data for table `ecs_takegoods_goods`
--

LOCK TABLES `ecs_takegoods_goods` WRITE;
/*!40000 ALTER TABLE `ecs_takegoods_goods` DISABLE KEYS */;
/*!40000 ALTER TABLE `ecs_takegoods_goods` ENABLE KEYS */;
UNLOCK TABLES;

--
-- Table structure for table `ecs_takegoods_order`
--

DROP TABLE IF EXISTS `ecs_takegoods_order`;
/*!40101 SET @saved_cs_client     = @@character_set_client */;
/*!40101 SET character_set_client = utf8 */;
CREATE TABLE `ecs_takegoods_order` (
  `rec_id` int(10) unsigned NOT NULL AUTO_INCREMENT,
  `tg_id` int(10) unsigned NOT NULL DEFAULT '0',
  `tg_sn` varchar(20) NOT NULL,
  `user_id` int(10) unsigned NOT NULL,
  `goods_id` int(10) unsigned NOT NULL,
  `goods_name` varchar(255) NOT NULL,
  `country` int(10) unsigned NOT NULL DEFAULT '0',
  `province` int(10) unsigned NOT NULL DEFAULT '0',
  `city` int(10) unsigned NOT NULL DEFAULT '0',
  `district` int(10) unsigned NOT NULL DEFAULT '0',
  `address` varchar(255) NOT NULL,
  `consignee` varchar(255) NOT NULL,
  `mobile` varchar(100) NOT NULL,
  `email` varchar(150) NOT NULL,
  `shipping_id` varchar(50) NOT NULL,
  `shipping_sender` varchar(50) NOT NULL,
  `shipping_time` int(10) unsigned NOT NULL DEFAULT '0',
  `paisong_name` varchar(100) NOT NULL,
  `paisong_tel` varchar(50) NOT NULL,
  `order_status` tinyint(1) unsigned NOT NULL DEFAULT '0',
  `order_remark` varchar(255) NOT NULL,
  `add_time` int(10) unsigned NOT NULL DEFAULT '0',
  PRIMARY KEY (`rec_id`),
  KEY `vc_sn` (`tg_sn`)
) ENGINE=MyISAM AUTO_INCREMENT=2 DEFAULT CHARSET=utf8;
/*!40101 SET character_set_client = @saved_cs_client */;

--
-- Dumping data for table `ecs_takegoods_order`
--

LOCK TABLES `ecs_takegoods_order` WRITE;
/*!40000 ALTER TABLE `ecs_takegoods_order` DISABLE KEYS */;
INSERT INTO `ecs_takegoods_order` VALUES (1,8,'4u6f7r7u10008',1,55,'68ecshop测试商品22',1,2,52,500,'11111111','111111111','11111111111','222@qq.com','','',0,'','',0,'',1404955490);
/*!40000 ALTER TABLE `ecs_takegoods_order` ENABLE KEYS */;
UNLOCK TABLES;

--
-- Table structure for table `ecs_takegoods_type`
--

DROP TABLE IF EXISTS `ecs_takegoods_type`;
/*!40101 SET @saved_cs_client     = @@character_set_client */;
/*!40101 SET character_set_client = utf8 */;
CREATE TABLE `ecs_takegoods_type` (
  `type_id` smallint(5) unsigned NOT NULL AUTO_INCREMENT,
  `type_name` varchar(60) NOT NULL DEFAULT '',
  `type_money` int(10) unsigned NOT NULL DEFAULT '0',
  `use_start_date` int(10) NOT NULL DEFAULT '0',
  `use_end_date` int(10) NOT NULL DEFAULT '0',
  `send_count` int(10) unsigned NOT NULL DEFAULT '0',
  PRIMARY KEY (`type_id`)
) ENGINE=MyISAM AUTO_INCREMENT=2 DEFAULT CHARSET=utf8;
/*!40101 SET character_set_client = @saved_cs_client */;

--
-- Dumping data for table `ecs_takegoods_type`
--

LOCK TABLES `ecs_takegoods_type` WRITE;
/*!40000 ALTER TABLE `ecs_takegoods_type` DISABLE KEYS */;
INSERT INTO `ecs_takegoods_type` VALUES (1,'马上提货',2000,1404835200,1406736000,0);
/*!40000 ALTER TABLE `ecs_takegoods_type` ENABLE KEYS */;
UNLOCK TABLES;

--
-- Table structure for table `ecs_takegoods_type_goods`
--

DROP TABLE IF EXISTS `ecs_takegoods_type_goods`;
/*!40101 SET @saved_cs_client     = @@character_set_client */;
/*!40101 SET character_set_client = utf8 */;
CREATE TABLE `ecs_takegoods_type_goods` (
  `tg_type_id` mediumint(8) unsigned NOT NULL AUTO_INCREMENT,
  `goods_ids` varchar(255) NOT NULL DEFAULT '',
  PRIMARY KEY (`tg_type_id`)
) ENGINE=MyISAM AUTO_INCREMENT=2 DEFAULT CHARSET=utf8;
/*!40101 SET character_set_client = @saved_cs_client */;

--
-- Dumping data for table `ecs_takegoods_type_goods`
--

LOCK TABLES `ecs_takegoods_type_goods` WRITE;
/*!40000 ALTER TABLE `ecs_takegoods_type_goods` DISABLE KEYS */;
INSERT INTO `ecs_takegoods_type_goods` VALUES (1,'54,55,56,57');
/*!40000 ALTER TABLE `ecs_takegoods_type_goods` ENABLE KEYS */;
UNLOCK TABLES;

--
-- Table structure for table `ecs_template`
--

DROP TABLE IF EXISTS `ecs_template`;
/*!40101 SET @saved_cs_client     = @@character_set_client */;
/*!40101 SET character_set_client = utf8 */;
CREATE TABLE `ecs_template` (
  `filename` varchar(30) NOT NULL DEFAULT '',
  `region` varchar(40) NOT NULL DEFAULT '',
  `library` varchar(40) NOT NULL DEFAULT '',
  `sort_order` tinyint(1) unsigned NOT NULL DEFAULT '0',
  `id` smallint(5) unsigned NOT NULL DEFAULT '0',
  `number` tinyint(1) unsigned NOT NULL DEFAULT '5',
  `type` tinyint(1) unsigned NOT NULL DEFAULT '0',
  `theme` varchar(60) NOT NULL DEFAULT '',
  `remarks` varchar(30) NOT NULL DEFAULT '',
  KEY `filename` (`filename`,`region`),
  KEY `theme` (`theme`),
  KEY `remarks` (`remarks`)
) ENGINE=MyISAM DEFAULT CHARSET=utf8;
/*!40101 SET character_set_client = @saved_cs_client */;

--
-- Dumping data for table `ecs_template`
--

LOCK TABLES `ecs_template` WRITE;
/*!40000 ALTER TABLE `ecs_template` DISABLE KEYS */;
INSERT INTO `ecs_template` VALUES ('index','邮件订阅上方文章列表广告','/library/ad_position.lbi',0,45,0,4,'68ecshopcom_360buy',''),('index','今日团购下广告位','/library/ad_position.lbi',0,1,0,4,'68ecshopcom_360buy',''),('index','火爆活动广告位','/library/ad_position.lbi',0,54,0,4,'68ecshopcom_360buy',''),('index','本店公告上广告','/library/ad_position.lbi',0,44,1,4,'68ecshopcom_360buy',''),('index','商店公告文章列表','/library/cat_articles.lbi',0,13,8,3,'68ecshopcom_360buy',''),('index','邮件订阅上方文章列表','/library/cat_articles.lbi',0,15,4,3,'68ecshopcom_360buy',''),('index','商品分类','/library/cat_goods.lbi',5,10,10,1,'68ecshopcom_360buy',''),('index','商品分类','/library/cat_goods.lbi',4,9,10,1,'68ecshopcom_360buy',''),('category','','/library/recommend_best.lbi',0,0,3,0,'68ecshopcom_360buy',''),('category','','/library/recommend_hot.lbi',0,0,3,0,'68ecshopcom_360buy',''),('category','','/library/recommend_promotion.lbi',0,0,8,0,'68ecshopcom_360buy',''),('category','','/library/brands.lbi',0,0,3,0,'68ecshopcom_360buy',''),('goods','详情页面左侧广告1','/library/ad_position.lbi',0,47,1,4,'68ecshopcom_360buy',''),('goods','详情页面左侧广告2','/library/ad_position.lbi',0,48,1,4,'68ecshopcom_360buy',''),('index','商品分类','/library/cat_goods.lbi',3,7,10,1,'68ecshopcom_360buy',''),('index','商品分类','/library/cat_goods.lbi',2,6,10,1,'68ecshopcom_360buy',''),('index','商品分类','/library/cat_goods.lbi',1,2,10,1,'68ecshopcom_360buy',''),('index','商品分类','/library/cat_goods.lbi',0,4,10,1,'68ecshopcom_360buy',''),('index','','/library/brands.lbi',0,0,5,0,'68ecshopcom_360buy',''),('index','','/library/auction.lbi',0,0,5,0,'68ecshopcom_360buy',''),('index','','/library/group_buy.lbi',0,0,6,0,'68ecshopcom_360buy',''),('index','','/library/recommend_promotion.lbi',0,0,13,0,'68ecshopcom_360buy',''),('index','','/library/recommend_hot.lbi',0,0,5,0,'68ecshopcom_360buy',''),('index','','/library/recommend_new.lbi',0,0,5,0,'68ecshopcom_360buy',''),('index','','/library/recommend_best.lbi',0,0,5,0,'68ecshopcom_360buy','');
/*!40000 ALTER TABLE `ecs_template` ENABLE KEYS */;
UNLOCK TABLES;

--
-- Table structure for table `ecs_topic`
--

DROP TABLE IF EXISTS `ecs_topic`;
/*!40101 SET @saved_cs_client     = @@character_set_client */;
/*!40101 SET character_set_client = utf8 */;
CREATE TABLE `ecs_topic` (
  `topic_id` int(10) unsigned NOT NULL AUTO_INCREMENT,
  `title` varchar(255) NOT NULL DEFAULT '''''',
  `intro` text NOT NULL,
  `start_time` int(11) NOT NULL DEFAULT '0',
  `end_time` int(10) NOT NULL DEFAULT '0',
  `data` text NOT NULL,
  `template` varchar(255) NOT NULL DEFAULT '''''',
  `css` text NOT NULL,
  `topic_img` varchar(255) DEFAULT NULL,
  `title_pic` varchar(255) DEFAULT NULL,
  `base_style` char(6) DEFAULT NULL,
  `htmls` mediumtext,
  `keywords` varchar(255) DEFAULT NULL,
  `description` varchar(255) DEFAULT NULL,
  KEY `topic_id` (`topic_id`)
) ENGINE=MyISAM AUTO_INCREMENT=2 DEFAULT CHARSET=utf8;
/*!40101 SET character_set_client = @saved_cs_client */;

--
-- Dumping data for table `ecs_topic`
--

LOCK TABLES `ecs_topic` WRITE;
/*!40000 ALTER TABLE `ecs_topic` DISABLE KEYS */;
INSERT INTO `ecs_topic` VALUES (1,'阿萨德发色','',1362499200,1458576000,'O:8:\"stdClass\":1:{s:7:\"default\";a:17:{i:0;s:79:\"标题名称标题名称标题名称标题名称版测试商品(www.xxx.com)|10\";i:1;s:79:\"标题名称标题名称标题名称标题名称版测试商品(www.xxx.com)|11\";i:2;s:79:\"标题名称标题名称标题名称标题名称版测试商品(www.xxx.com)|12\";i:3;s:79:\"标题名称标题名称标题名称标题名称版测试商品(www.xxx.com)|13\";i:4;s:79:\"标题名称标题名称标题名称标题名称版测试商品(www.xxx.com)|14\";i:5;s:79:\"标题名称标题名称标题名称标题名称版测试商品(www.xxx.com)|15\";i:6;s:79:\"标题名称标题名称标题名称标题名称版测试商品(www.xxx.com)|16\";i:7;s:79:\"标题名称标题名称标题名称标题名称版测试商品(www.xxx.com)|17\";i:8;s:78:\"标题名称标题名称标题名称标题名称版测试商品(www.xxx.com)|1\";i:9;s:78:\"标题名称标题名称标题名称标题名称版测试商品(www.xxx.com)|2\";i:10;s:78:\"标题名称标题名称标题名称标题名称版测试商品(www.xxx.com)|3\";i:11;s:78:\"标题名称标题名称标题名称标题名称版测试商品(www.xxx.com)|4\";i:12;s:78:\"标题名称标题名称标题名称标题名称版测试商品(www.xxx.com)|5\";i:13;s:78:\"标题名称标题名称标题名称标题名称版测试商品(www.xxx.com)|6\";i:14;s:78:\"标题名称标题名称标题名称标题名称版测试商品(www.xxx.com)|7\";i:15;s:78:\"标题名称标题名称标题名称标题名称版测试商品(www.xxx.com)|8\";i:16;s:78:\"标题名称标题名称标题名称标题名称版测试商品(www.xxx.com)|9\";}}','','','data/afficheimg/20140314ycxlmf.jpg','','','','232323','233223');
/*!40000 ALTER TABLE `ecs_topic` ENABLE KEYS */;
UNLOCK TABLES;

--
-- Table structure for table `ecs_user_account`
--

DROP TABLE IF EXISTS `ecs_user_account`;
/*!40101 SET @saved_cs_client     = @@character_set_client */;
/*!40101 SET character_set_client = utf8 */;
CREATE TABLE `ecs_user_account` (
  `id` mediumint(8) unsigned NOT NULL AUTO_INCREMENT,
  `user_id` mediumint(8) unsigned NOT NULL DEFAULT '0',
  `admin_user` varchar(255) NOT NULL,
  `amount` decimal(10,2) NOT NULL,
  `add_time` int(10) NOT NULL DEFAULT '0',
  `paid_time` int(10) NOT NULL DEFAULT '0',
  `admin_note` varchar(255) NOT NULL,
  `user_note` varchar(255) NOT NULL,
  `process_type` tinyint(1) NOT NULL DEFAULT '0',
  `payment` varchar(90) NOT NULL,
  `is_paid` tinyint(1) NOT NULL DEFAULT '0',
  PRIMARY KEY (`id`),
  KEY `user_id` (`user_id`),
  KEY `is_paid` (`is_paid`)
) ENGINE=MyISAM DEFAULT CHARSET=utf8;
/*!40101 SET character_set_client = @saved_cs_client */;

--
-- Dumping data for table `ecs_user_account`
--

LOCK TABLES `ecs_user_account` WRITE;
/*!40000 ALTER TABLE `ecs_user_account` DISABLE KEYS */;
/*!40000 ALTER TABLE `ecs_user_account` ENABLE KEYS */;
UNLOCK TABLES;

--
-- Table structure for table `ecs_user_address`
--

DROP TABLE IF EXISTS `ecs_user_address`;
/*!40101 SET @saved_cs_client     = @@character_set_client */;
/*!40101 SET character_set_client = utf8 */;
CREATE TABLE `ecs_user_address` (
  `address_id` mediumint(8) unsigned NOT NULL AUTO_INCREMENT,
  `address_name` varchar(50) NOT NULL DEFAULT '',
  `user_id` mediumint(8) unsigned NOT NULL DEFAULT '0',
  `consignee` varchar(60) NOT NULL DEFAULT '',
  `email` varchar(60) NOT NULL DEFAULT '',
  `country` smallint(5) NOT NULL DEFAULT '0',
  `province` smallint(5) NOT NULL DEFAULT '0',
  `city` smallint(5) NOT NULL DEFAULT '0',
  `district` smallint(5) NOT NULL DEFAULT '0',
  `address` varchar(120) NOT NULL DEFAULT '',
  `zipcode` varchar(60) NOT NULL DEFAULT '',
  `tel` varchar(60) NOT NULL DEFAULT '',
  `mobile` varchar(60) NOT NULL DEFAULT '',
  `sign_building` varchar(120) NOT NULL DEFAULT '',
  `best_time` varchar(120) NOT NULL DEFAULT '',
  PRIMARY KEY (`address_id`),
  KEY `user_id` (`user_id`)
) ENGINE=MyISAM AUTO_INCREMENT=7 DEFAULT CHARSET=utf8;
/*!40101 SET character_set_client = @saved_cs_client */;

--
-- Dumping data for table `ecs_user_address`
--

LOCK TABLES `ecs_user_address` WRITE;
/*!40000 ALTER TABLE `ecs_user_address` DISABLE KEYS */;
INSERT INTO `ecs_user_address` VALUES (1,'',5,'232332','asdf@asd1f.com',1,21,275,2291,'32232','','3233232','','',''),(2,'',5,'54544545','',1,2,52,500,'5454','','5454545454','','',''),(3,'',1,'李女士','Yasfd@sdf.com',1,10,145,1196,'北戴河奥林匹克大道公园','','400-663-5268','','',''),(4,'',8,'68ecshop','68ecshop@qq.com',1,2,52,500,'68','','68','','',''),(5,'',4,'1111','68ec@ec.com',1,2,52,512,'最西边','066000','135612313456','','',''),(6,'',3,'某某','asdfsadf@sdf.com',1,2,52,500,'东城区第三军医院','','01012345678','','','');
/*!40000 ALTER TABLE `ecs_user_address` ENABLE KEYS */;
UNLOCK TABLES;

--
-- Table structure for table `ecs_user_bonus`
--

DROP TABLE IF EXISTS `ecs_user_bonus`;
/*!40101 SET @saved_cs_client     = @@character_set_client */;
/*!40101 SET character_set_client = utf8 */;
CREATE TABLE `ecs_user_bonus` (
  `bonus_id` mediumint(8) unsigned NOT NULL AUTO_INCREMENT,
  `bonus_type_id` tinyint(3) unsigned NOT NULL DEFAULT '0',
  `bonus_sn` bigint(20) unsigned NOT NULL DEFAULT '0',
  `user_id` mediumint(8) unsigned NOT NULL DEFAULT '0',
  `used_time` int(10) unsigned NOT NULL DEFAULT '0',
  `order_id` mediumint(8) unsigned NOT NULL DEFAULT '0',
  `emailed` tinyint(3) unsigned NOT NULL DEFAULT '0',
  PRIMARY KEY (`bonus_id`),
  KEY `user_id` (`user_id`)
) ENGINE=MyISAM AUTO_INCREMENT=11 DEFAULT CHARSET=utf8;
/*!40101 SET character_set_client = @saved_cs_client */;

--
-- Dumping data for table `ecs_user_bonus`
--

LOCK TABLES `ecs_user_bonus` WRITE;
/*!40000 ALTER TABLE `ecs_user_bonus` DISABLE KEYS */;
/*!40000 ALTER TABLE `ecs_user_bonus` ENABLE KEYS */;
UNLOCK TABLES;

--
-- Table structure for table `ecs_user_feed`
--

DROP TABLE IF EXISTS `ecs_user_feed`;
/*!40101 SET @saved_cs_client     = @@character_set_client */;
/*!40101 SET character_set_client = utf8 */;
CREATE TABLE `ecs_user_feed` (
  `feed_id` mediumint(8) unsigned NOT NULL AUTO_INCREMENT,
  `user_id` mediumint(8) unsigned NOT NULL DEFAULT '0',
  `value_id` mediumint(8) unsigned NOT NULL DEFAULT '0',
  `goods_id` mediumint(8) unsigned NOT NULL DEFAULT '0',
  `feed_type` tinyint(1) unsigned NOT NULL DEFAULT '0',
  `is_feed` tinyint(1) unsigned NOT NULL DEFAULT '0',
  PRIMARY KEY (`feed_id`)
) ENGINE=MyISAM DEFAULT CHARSET=utf8;
/*!40101 SET character_set_client = @saved_cs_client */;

--
-- Dumping data for table `ecs_user_feed`
--

LOCK TABLES `ecs_user_feed` WRITE;
/*!40000 ALTER TABLE `ecs_user_feed` DISABLE KEYS */;
/*!40000 ALTER TABLE `ecs_user_feed` ENABLE KEYS */;
UNLOCK TABLES;

--
-- Table structure for table `ecs_user_rank`
--

DROP TABLE IF EXISTS `ecs_user_rank`;
/*!40101 SET @saved_cs_client     = @@character_set_client */;
/*!40101 SET character_set_client = utf8 */;
CREATE TABLE `ecs_user_rank` (
  `rank_id` tinyint(3) unsigned NOT NULL AUTO_INCREMENT,
  `rank_name` varchar(30) NOT NULL DEFAULT '',
  `min_points` int(10) unsigned NOT NULL DEFAULT '0',
  `max_points` int(10) unsigned NOT NULL DEFAULT '0',
  `discount` tinyint(3) unsigned NOT NULL DEFAULT '0',
  `show_price` tinyint(1) unsigned NOT NULL DEFAULT '1',
  `special_rank` tinyint(1) unsigned NOT NULL DEFAULT '0',
  PRIMARY KEY (`rank_id`)
) ENGINE=MyISAM AUTO_INCREMENT=5 DEFAULT CHARSET=utf8;
/*!40101 SET character_set_client = @saved_cs_client */;

--
-- Dumping data for table `ecs_user_rank`
--

LOCK TABLES `ecs_user_rank` WRITE;
/*!40000 ALTER TABLE `ecs_user_rank` DISABLE KEYS */;
INSERT INTO `ecs_user_rank` VALUES (4,'铁牌会员',0,0,100,0,1),(3,'注册会员',0,0,100,0,1);
/*!40000 ALTER TABLE `ecs_user_rank` ENABLE KEYS */;
UNLOCK TABLES;

--
-- Table structure for table `ecs_users`
--

DROP TABLE IF EXISTS `ecs_users`;
/*!40101 SET @saved_cs_client     = @@character_set_client */;
/*!40101 SET character_set_client = utf8 */;
CREATE TABLE `ecs_users` (
  `user_id` mediumint(8) unsigned NOT NULL AUTO_INCREMENT,
  `aite_id` text NOT NULL,
  `email` varchar(60) NOT NULL DEFAULT '',
  `user_name` varchar(60) NOT NULL DEFAULT '',
  `password` varchar(32) NOT NULL DEFAULT '',
  `question` varchar(255) NOT NULL DEFAULT '',
  `answer` varchar(255) NOT NULL DEFAULT '',
  `sex` tinyint(1) unsigned NOT NULL DEFAULT '0',
  `birthday` date NOT NULL DEFAULT '0000-00-00',
  `user_money` decimal(10,2) NOT NULL DEFAULT '0.00',
  `frozen_money` decimal(10,2) NOT NULL DEFAULT '0.00',
  `pay_points` int(10) unsigned NOT NULL DEFAULT '0',
  `rank_points` int(10) unsigned NOT NULL DEFAULT '0',
  `address_id` mediumint(8) unsigned NOT NULL DEFAULT '0',
  `reg_time` int(10) unsigned NOT NULL DEFAULT '0',
  `last_login` int(11) unsigned NOT NULL DEFAULT '0',
  `last_time` datetime NOT NULL DEFAULT '0000-00-00 00:00:00',
  `last_ip` varchar(15) NOT NULL DEFAULT '',
  `visit_count` smallint(5) unsigned NOT NULL DEFAULT '0',
  `user_rank` tinyint(3) unsigned NOT NULL DEFAULT '0',
  `is_special` tinyint(3) unsigned NOT NULL DEFAULT '0',
  `ec_salt` varchar(10) DEFAULT NULL,
  `salt` varchar(10) NOT NULL DEFAULT '0',
  `parent_id` mediumint(9) NOT NULL DEFAULT '0',
  `flag` tinyint(3) unsigned NOT NULL DEFAULT '0',
  `alias` varchar(60) NOT NULL,
  `msn` varchar(60) NOT NULL,
  `qq` varchar(20) NOT NULL,
  `office_phone` varchar(20) NOT NULL,
  `home_phone` varchar(20) NOT NULL,
  `mobile_phone` varchar(20) NOT NULL,
  `is_validated` tinyint(3) unsigned NOT NULL DEFAULT '0',
  `credit_line` decimal(10,2) unsigned NOT NULL,
  `passwd_question` varchar(50) DEFAULT NULL,
  `passwd_answer` varchar(255) DEFAULT NULL,
  `mediaUID` varchar(50) NOT NULL,
  `mediaID` int(4) NOT NULL,
  `froms` char(10) NOT NULL DEFAULT 'pc' COMMENT 'pc:电脑,mobile:手机,app:应用',
  PRIMARY KEY (`user_id`),
  UNIQUE KEY `user_name` (`user_name`),
  KEY `email` (`email`),
  KEY `parent_id` (`parent_id`),
  KEY `flag` (`flag`),
  KEY `mediaUID` (`mediaUID`,`mediaID`)
) ENGINE=MyISAM AUTO_INCREMENT=13 DEFAULT CHARSET=utf8;
/*!40101 SET character_set_client = @saved_cs_client */;

--
-- Dumping data for table `ecs_users`
--

LOCK TABLES `ecs_users` WRITE;
/*!40000 ALTER TABLE `ecs_users` DISABLE KEYS */;
INSERT INTO `ecs_users` VALUES (1,'','Yasfd@sdf.com','68ecshop','33ab929c1164ad87cb67625fa599394b','','',0,'1954-01-01',97875.00,0.00,13653,13353,3,1358477870,1406699418,'0000-00-00 00:00:00','127.0.0.1',4568,0,0,'2838','0',0,0,'','','','','','',0,0.00,'','','',0,'pc'),(2,'','aa943878b4@example.com','想飞的魚','1834ed2bfa3811afee67ab831eddd435','','',0,'1953-01-01',0.00,0.00,0,0,0,0,1358833262,'0000-00-00 00:00:00','127.0.0.1',1,0,0,'','0',0,0,'','','','','','',0,0.00,'','','24986273',13,'pc'),(3,'','asdfsadf@sdf.com','asdfasd','669599770acb61a49785fedc0d22c7ae','','',0,'1954-01-01',0.00,0.00,777,777,6,1358925669,1406682002,'0000-00-00 00:00:00','127.0.0.1',2,0,0,'7074','0',0,0,'','','','','','',0,0.00,'','','',0,'pc'),(4,'','asdf@asdf.com','68ec','e10adc3949ba59abbe56e057f20f883e','','',0,'1954-01-01',0.00,0.00,0,0,5,1359006482,1405994065,'0000-00-00 00:00:00','127.0.0.1',4,0,0,'0','0',0,0,'','','','','','',0,0.00,'','','',0,'pc'),(5,'','asdf@asd1f.com','yingying','fa56b61d25a1fd144da31a7909954b9b','','',0,'1954-01-01',0.00,0.00,5003,9103,1,1361776277,1408070118,'0000-00-00 00:00:00','127.0.0.1',37,4,0,'4864','0',0,0,'','','','','','',0,0.00,'','','',0,'pc'),(6,'','asdf@zsdfc.om','yingying23','702fdd5c32843c46fb90f29d472ee0d7','','',0,'0000-00-00',0.00,0.00,0,0,0,1366446304,1366446304,'0000-00-00 00:00:00','127.0.0.1',1,0,0,'','0',0,0,'','','','','','',0,0.00,'','','',0,'pc'),(7,'','ecshop@qq.com','ecshopceshi','41471d8f21c307f69cef58438c1742a2','','',0,'0000-00-00',0.00,0.00,0,0,0,1401933257,1401933257,'0000-00-00 00:00:00','127.0.0.1',1,0,0,'','0',0,0,'','','','','','',0,0.00,'','','',0,'pc'),(8,'','68ecshop@qq.com','echsop开发','e10adc3949ba59abbe56e057f20f883e','','',0,'1954-01-01',0.00,0.00,0,0,4,1401947627,1406772485,'0000-00-00 00:00:00','127.0.0.1',15,0,0,'0','0',0,0,'','','','','','',0,0.00,'','','',0,'pc'),(9,'','asdfasdf@163.com','pkcjaioh','96e79218965eb72c92a549dd5a330112','','',0,'0000-00-00',0.00,0.00,0,0,0,1405497961,1405497961,'0000-00-00 00:00:00','127.0.0.1',1,0,0,'','0',0,0,'','','','','','',0,0.00,'','','',0,'pc'),(10,'','446198qcszyg@68ecshop.com','admin2008','2d14f0a7ff531d44baa35a0f98ea9f39','','',0,'0000-00-00',0.00,0.00,0,0,0,1405505344,1405505344,'0000-00-00 00:00:00','127.0.0.1',1,0,0,'','0',0,0,'','','','','','',0,0.00,'','','',0,'pc'),(11,'','mobiletest@test.com','moblietest','a906449d5769fa7361d7ecc6aa3f6d28','','',0,'0000-00-00',0.00,0.00,0,0,0,1407316041,0,'0000-00-00 00:00:00','',0,0,0,NULL,'0',0,0,'','','','','','',0,0.00,NULL,NULL,'',0,'mobile'),(12,'','024566cifcqi@68ecshop.com','pctest','a906449d5769fa7361d7ecc6aa3f6d28','','',0,'0000-00-00',0.00,0.00,0,0,0,1407317040,1407317040,'0000-00-00 00:00:00','127.0.0.1',1,0,0,NULL,'0',0,0,'','','','','','',0,0.00,NULL,NULL,'',0,'pc');
/*!40000 ALTER TABLE `ecs_users` ENABLE KEYS */;
UNLOCK TABLES;

--
-- Table structure for table `ecs_verifycode`
--

DROP TABLE IF EXISTS `ecs_verifycode`;
/*!40101 SET @saved_cs_client     = @@character_set_client */;
/*!40101 SET character_set_client = utf8 */;
CREATE TABLE `ecs_verifycode` (
  `id` mediumint(8) unsigned NOT NULL AUTO_INCREMENT,
  `mobile` char(12) NOT NULL,
  `getip` char(15) NOT NULL,
  `verifycode` char(6) NOT NULL,
  `dateline` int(10) unsigned NOT NULL DEFAULT '0',
  `reguid` mediumint(8) unsigned DEFAULT '0',
  `regdateline` int(10) unsigned DEFAULT '0',
  `status` tinyint(1) NOT NULL DEFAULT '1',
  PRIMARY KEY (`id`)
) ENGINE=MyISAM DEFAULT CHARSET=utf8;
/*!40101 SET character_set_client = @saved_cs_client */;

--
-- Dumping data for table `ecs_verifycode`
--

LOCK TABLES `ecs_verifycode` WRITE;
/*!40000 ALTER TABLE `ecs_verifycode` DISABLE KEYS */;
/*!40000 ALTER TABLE `ecs_verifycode` ENABLE KEYS */;
UNLOCK TABLES;

--
-- Table structure for table `ecs_virtual_card`
--

DROP TABLE IF EXISTS `ecs_virtual_card`;
/*!40101 SET @saved_cs_client     = @@character_set_client */;
/*!40101 SET character_set_client = utf8 */;
CREATE TABLE `ecs_virtual_card` (
  `card_id` mediumint(8) NOT NULL AUTO_INCREMENT,
  `goods_id` mediumint(8) unsigned NOT NULL DEFAULT '0',
  `card_sn` varchar(60) NOT NULL DEFAULT '',
  `card_password` varchar(60) NOT NULL DEFAULT '',
  `add_date` int(11) NOT NULL DEFAULT '0',
  `end_date` int(11) NOT NULL DEFAULT '0',
  `is_saled` tinyint(1) NOT NULL DEFAULT '0',
  `order_sn` varchar(20) NOT NULL DEFAULT '',
  `crc32` varchar(12) NOT NULL DEFAULT '0',
  PRIMARY KEY (`card_id`),
  KEY `goods_id` (`goods_id`),
  KEY `car_sn` (`card_sn`),
  KEY `is_saled` (`is_saled`)
) ENGINE=MyISAM DEFAULT CHARSET=utf8;
/*!40101 SET character_set_client = @saved_cs_client */;

--
-- Dumping data for table `ecs_virtual_card`
--

LOCK TABLES `ecs_virtual_card` WRITE;
/*!40000 ALTER TABLE `ecs_virtual_card` DISABLE KEYS */;
/*!40000 ALTER TABLE `ecs_virtual_card` ENABLE KEYS */;
UNLOCK TABLES;

--
-- Table structure for table `ecs_volume_price`
--

DROP TABLE IF EXISTS `ecs_volume_price`;
/*!40101 SET @saved_cs_client     = @@character_set_client */;
/*!40101 SET character_set_client = utf8 */;
CREATE TABLE `ecs_volume_price` (
  `price_type` tinyint(1) unsigned NOT NULL,
  `goods_id` mediumint(8) unsigned NOT NULL,
  `volume_number` smallint(5) unsigned NOT NULL DEFAULT '0',
  `volume_price` decimal(10,2) NOT NULL DEFAULT '0.00',
  PRIMARY KEY (`price_type`,`goods_id`,`volume_number`)
) ENGINE=MyISAM DEFAULT CHARSET=utf8;
/*!40101 SET character_set_client = @saved_cs_client */;

--
-- Dumping data for table `ecs_volume_price`
--

LOCK TABLES `ecs_volume_price` WRITE;
/*!40000 ALTER TABLE `ecs_volume_price` DISABLE KEYS */;
/*!40000 ALTER TABLE `ecs_volume_price` ENABLE KEYS */;
UNLOCK TABLES;

--
-- Table structure for table `ecs_vote`
--

DROP TABLE IF EXISTS `ecs_vote`;
/*!40101 SET @saved_cs_client     = @@character_set_client */;
/*!40101 SET character_set_client = utf8 */;
CREATE TABLE `ecs_vote` (
  `vote_id` smallint(5) unsigned NOT NULL AUTO_INCREMENT,
  `vote_name` varchar(250) NOT NULL DEFAULT '',
  `start_time` int(11) unsigned NOT NULL DEFAULT '0',
  `end_time` int(11) unsigned NOT NULL DEFAULT '0',
  `can_multi` tinyint(1) unsigned NOT NULL DEFAULT '0',
  `vote_count` int(10) unsigned NOT NULL DEFAULT '0',
  PRIMARY KEY (`vote_id`)
) ENGINE=MyISAM AUTO_INCREMENT=2 DEFAULT CHARSET=utf8;
/*!40101 SET character_set_client = @saved_cs_client */;

--
-- Dumping data for table `ecs_vote`
--

LOCK TABLES `ecs_vote` WRITE;
/*!40000 ALTER TABLE `ecs_vote` DISABLE KEYS */;
INSERT INTO `ecs_vote` VALUES (1,'从哪里了解我们的网站',1364832000,1555603200,0,1);
/*!40000 ALTER TABLE `ecs_vote` ENABLE KEYS */;
UNLOCK TABLES;

--
-- Table structure for table `ecs_vote_log`
--

DROP TABLE IF EXISTS `ecs_vote_log`;
/*!40101 SET @saved_cs_client     = @@character_set_client */;
/*!40101 SET character_set_client = utf8 */;
CREATE TABLE `ecs_vote_log` (
  `log_id` mediumint(8) unsigned NOT NULL AUTO_INCREMENT,
  `vote_id` smallint(5) unsigned NOT NULL DEFAULT '0',
  `ip_address` varchar(15) NOT NULL DEFAULT '',
  `vote_time` int(10) unsigned NOT NULL DEFAULT '0',
  PRIMARY KEY (`log_id`),
  KEY `vote_id` (`vote_id`)
) ENGINE=MyISAM DEFAULT CHARSET=utf8;
/*!40101 SET character_set_client = @saved_cs_client */;

--
-- Dumping data for table `ecs_vote_log`
--

LOCK TABLES `ecs_vote_log` WRITE;
/*!40000 ALTER TABLE `ecs_vote_log` DISABLE KEYS */;
/*!40000 ALTER TABLE `ecs_vote_log` ENABLE KEYS */;
UNLOCK TABLES;

--
-- Table structure for table `ecs_vote_option`
--

DROP TABLE IF EXISTS `ecs_vote_option`;
/*!40101 SET @saved_cs_client     = @@character_set_client */;
/*!40101 SET character_set_client = utf8 */;
CREATE TABLE `ecs_vote_option` (
  `option_id` smallint(5) unsigned NOT NULL AUTO_INCREMENT,
  `vote_id` smallint(5) unsigned NOT NULL DEFAULT '0',
  `option_name` varchar(250) NOT NULL DEFAULT '',
  `option_count` int(8) unsigned NOT NULL DEFAULT '0',
  `option_order` tinyint(3) unsigned NOT NULL DEFAULT '100',
  PRIMARY KEY (`option_id`),
  KEY `vote_id` (`vote_id`)
) ENGINE=MyISAM AUTO_INCREMENT=4 DEFAULT CHARSET=utf8;
/*!40101 SET character_set_client = @saved_cs_client */;

--
-- Dumping data for table `ecs_vote_option`
--

LOCK TABLES `ecs_vote_option` WRITE;
/*!40000 ALTER TABLE `ecs_vote_option` DISABLE KEYS */;
INSERT INTO `ecs_vote_option` VALUES (1,1,'朋友介绍',0,100),(2,1,'搜索引擎',0,100),(3,1,'论坛网页',1,100);
/*!40000 ALTER TABLE `ecs_vote_option` ENABLE KEYS */;
UNLOCK TABLES;

--
-- Table structure for table `ecs_wholesale`
--

DROP TABLE IF EXISTS `ecs_wholesale`;
/*!40101 SET @saved_cs_client     = @@character_set_client */;
/*!40101 SET character_set_client = utf8 */;
CREATE TABLE `ecs_wholesale` (
  `act_id` mediumint(8) unsigned NOT NULL AUTO_INCREMENT,
  `goods_id` mediumint(8) unsigned NOT NULL,
  `goods_name` varchar(255) NOT NULL,
  `rank_ids` varchar(255) NOT NULL,
  `prices` text NOT NULL,
  `enabled` tinyint(3) unsigned NOT NULL,
  PRIMARY KEY (`act_id`),
  KEY `goods_id` (`goods_id`)
) ENGINE=MyISAM AUTO_INCREMENT=2 DEFAULT CHARSET=utf8;
/*!40101 SET character_set_client = @saved_cs_client */;

--
-- Dumping data for table `ecs_wholesale`
--

LOCK TABLES `ecs_wholesale` WRITE;
/*!40000 ALTER TABLE `ecs_wholesale` DISABLE KEYS */;
INSERT INTO `ecs_wholesale` VALUES (1,3,'ecshop模版中心测试商品(www.68ecshop.com)','4','a:1:{i:0;a:2:{s:4:\"attr\";a:0:{}s:7:\"qp_list\";a:2:{i:0;a:2:{s:8:\"quantity\";i:100;s:5:\"price\";d:99;}i:1;a:2:{s:8:\"quantity\";i:200;s:5:\"price\";d:88;}}}}',1);
/*!40000 ALTER TABLE `ecs_wholesale` ENABLE KEYS */;
UNLOCK TABLES;

--
-- Table structure for table `weixin_config`
--

DROP TABLE IF EXISTS `weixin_config`;
/*!40101 SET @saved_cs_client     = @@character_set_client */;
/*!40101 SET character_set_client = utf8 */;
CREATE TABLE `weixin_config` (
  `id` int(11) NOT NULL AUTO_INCREMENT,
  `token` varchar(60) NOT NULL,
  `appid` varchar(60) NOT NULL,
  `appsecret` varchar(60) NOT NULL,
  `followmsg` varchar(255) NOT NULL,
  `helpmsg` varchar(255) NOT NULL,
  `bindmsg` varchar(255) NOT NULL,
  `bonustype` int(11) NOT NULL COMMENT '绑定赠送红包类型',
  `bonustype2` tinyint(4) NOT NULL COMMENT '关注红包',
  `buynotice` tinyint(4) NOT NULL COMMENT '开启下单提醒',
  `sendnotice` tinyint(4) NOT NULL COMMENT '开启发货提醒',
  `access_token` varchar(50) NOT NULL,
  `expire_in` int(11) NOT NULL,
  `buymsg` varchar(200) NOT NULL COMMENT '下单提醒内容',
  `sendmsg` varchar(200) NOT NULL COMMENT '发货提醒内容',
  `reg_type` int(11) NOT NULL COMMENT '1关注注册2邮箱注册3邮箱+密码4用户名注册5用户名+密码注册6手机注册7手机+密码注册',
  `reg_notice` varchar(200) NOT NULL COMMENT '注册引导提示',
  `wap_url` varchar(30) NOT NULL,
  PRIMARY KEY (`id`)
) ENGINE=MyISAM AUTO_INCREMENT=2 DEFAULT CHARSET=utf8 COMMENT='微信基础配置';
/*!40101 SET character_set_client = @saved_cs_client */;

--
-- Dumping data for table `weixin_config`
--

LOCK TABLES `weixin_config` WRITE;
/*!40000 ALTER TABLE `weixin_config` DISABLE KEYS */;
INSERT INTO `weixin_config` VALUES (1,'qphp','wxccd8d5b98fd81a43','f2d266ba558267bde12c35c6604cdf0a','感谢你的关注','helpmsg','恭喜您绑定成功！',2,1,1,1,'',0,'恭喜你订单提交成功！','您购买的商品（订单号：$order_sn）已经发货请注意查收！快递号：$shoping_code',3,'请填写你的邮箱和密码，使用+分割。','/mobile/');
/*!40000 ALTER TABLE `weixin_config` ENABLE KEYS */;
UNLOCK TABLES;

--
-- Table structure for table `weixin_corn`
--

DROP TABLE IF EXISTS `weixin_corn`;
/*!40101 SET @saved_cs_client     = @@character_set_client */;
/*!40101 SET character_set_client = utf8 */;
CREATE TABLE `weixin_corn` (
  `id` int(11) NOT NULL AUTO_INCREMENT,
  `content` text NOT NULL,
  `createtime` int(11) NOT NULL,
  `sendtime` int(11) NOT NULL,
  `issend` tinyint(4) NOT NULL COMMENT '0未发送1成功2失败',
  `ecuid` int(11) NOT NULL COMMENT '系统用户ID',
  `sendtype` tinyint(1) NOT NULL COMMENT '0单人1所有',
  PRIMARY KEY (`id`)
) ENGINE=MyISAM DEFAULT CHARSET=utf8 COMMENT='计划任务信息发送表';
/*!40101 SET character_set_client = @saved_cs_client */;

--
-- Dumping data for table `weixin_corn`
--

LOCK TABLES `weixin_corn` WRITE;
/*!40000 ALTER TABLE `weixin_corn` DISABLE KEYS */;
/*!40000 ALTER TABLE `weixin_corn` ENABLE KEYS */;
UNLOCK TABLES;

--
-- Table structure for table `weixin_jflog`
--

DROP TABLE IF EXISTS `weixin_jflog`;
/*!40101 SET @saved_cs_client     = @@character_set_client */;
/*!40101 SET character_set_client = utf8 */;
CREATE TABLE `weixin_jflog` (
  `id` int(11) NOT NULL AUTO_INCREMENT,
  `fake_id` varchar(32) NOT NULL,
  `jf_type` int(11) NOT NULL COMMENT '1 一次性赠送 2按日计算',
  `key_id` int(11) NOT NULL COMMENT '命令ID',
  `createtime` int(11) NOT NULL,
  `createymd` date NOT NULL,
  `num` tinyint(4) NOT NULL,
  PRIMARY KEY (`id`),
  KEY `fake_id` (`fake_id`),
  KEY `createymd` (`createymd`),
  KEY `key_id` (`key_id`)
) ENGINE=MyISAM DEFAULT CHARSET=utf8 COMMENT='积分（红包）记录表';
/*!40101 SET character_set_client = @saved_cs_client */;

--
-- Dumping data for table `weixin_jflog`
--

LOCK TABLES `weixin_jflog` WRITE;
/*!40000 ALTER TABLE `weixin_jflog` DISABLE KEYS */;
/*!40000 ALTER TABLE `weixin_jflog` ENABLE KEYS */;
UNLOCK TABLES;

--
-- Table structure for table `weixin_keywords`
--

DROP TABLE IF EXISTS `weixin_keywords`;
/*!40101 SET @saved_cs_client     = @@character_set_client */;
/*!40101 SET character_set_client = utf8 */;
CREATE TABLE `weixin_keywords` (
  `id` int(11) NOT NULL AUTO_INCREMENT,
  `key` varchar(30) NOT NULL,
  `keys` varchar(100) NOT NULL,
  `jf_type` int(11) NOT NULL,
  `jf_num` int(11) NOT NULL,
  `jf_maxnum` int(11) NOT NULL,
  `keyname` varchar(100) NOT NULL,
  PRIMARY KEY (`id`)
) ENGINE=MyISAM AUTO_INCREMENT=6 DEFAULT CHARSET=utf8 COMMENT='命令配置表';
/*!40101 SET character_set_client = @saved_cs_client */;

--
-- Dumping data for table `weixin_keywords`
--

LOCK TABLES `weixin_keywords` WRITE;
/*!40000 ALTER TABLE `weixin_keywords` DISABLE KEYS */;
INSERT INTO `weixin_keywords` VALUES (1,'best','best 推荐 极品',2,10,100,'推荐商品'),(2,'hot','hot 热门 热门商品 最热',2,10,100,'热门商品'),(3,'new','new 最新 新品',1,10,0,'最新商品'),(4,'ddcx','ddcx 订单 订单查询',0,0,0,'订单查询'),(5,'info','info 个人信息 资料',0,0,0,'个人信息');
/*!40000 ALTER TABLE `weixin_keywords` ENABLE KEYS */;
UNLOCK TABLES;

--
-- Table structure for table `weixin_login`
--

DROP TABLE IF EXISTS `weixin_login`;
/*!40101 SET @saved_cs_client     = @@character_set_client */;
/*!40101 SET character_set_client = utf8 */;
CREATE TABLE `weixin_login` (
  `id` int(11) NOT NULL AUTO_INCREMENT,
  `createtime` int(11) NOT NULL,
  `uid` int(11) NOT NULL,
  `token` varchar(200) NOT NULL,
  `ip` varchar(15) NOT NULL,
  `value` int(10) unsigned NOT NULL,
  PRIMARY KEY (`id`),
  UNIQUE KEY `value` (`value`),
  KEY `uid` (`uid`)
) ENGINE=MyISAM DEFAULT CHARSET=utf8 COMMENT='扫描登陆表';
/*!40101 SET character_set_client = @saved_cs_client */;

--
-- Dumping data for table `weixin_login`
--

LOCK TABLES `weixin_login` WRITE;
/*!40000 ALTER TABLE `weixin_login` DISABLE KEYS */;
/*!40000 ALTER TABLE `weixin_login` ENABLE KEYS */;
UNLOCK TABLES;

--
-- Table structure for table `weixin_menu`
--

DROP TABLE IF EXISTS `weixin_menu`;
/*!40101 SET @saved_cs_client     = @@character_set_client */;
/*!40101 SET character_set_client = utf8 */;
CREATE TABLE `weixin_menu` (
  `id` int(11) NOT NULL AUTO_INCREMENT,
  `pid` int(11) NOT NULL,
  `name` varchar(32) NOT NULL,
  `type` tinyint(1) NOT NULL,
  `value` varchar(200) NOT NULL,
  `order` int(11) NOT NULL COMMENT '排序',
  PRIMARY KEY (`id`),
  KEY `pid` (`pid`)
) ENGINE=MyISAM AUTO_INCREMENT=17 DEFAULT CHARSET=utf8 COMMENT='自定义菜单表';
/*!40101 SET character_set_client = @saved_cs_client */;

--
-- Dumping data for table `weixin_menu`
--

LOCK TABLES `weixin_menu` WRITE;
/*!40000 ALTER TABLE `weixin_menu` DISABLE KEYS */;
INSERT INTO `weixin_menu` VALUES (1,0,'微商城',1,'',100),(15,3,'解除绑定',1,'jcbd',1),(3,0,'会员',1,'',99),(4,0,'更多',1,'',0),(5,1,'精品推荐',1,'best',10),(7,1,'最新商品',1,'new',1),(8,1,'热门商品',1,'hot',2),(9,4,'网站首页',2,'http://www.qq.com',1),(13,3,'绑定会员',1,'bdhy',2),(14,3,'订单查询',1,'ddcx',3),(16,3,'个人信息',1,'info',4);
/*!40000 ALTER TABLE `weixin_menu` ENABLE KEYS */;
UNLOCK TABLES;

--
-- Table structure for table `weixin_msg`
--

DROP TABLE IF EXISTS `weixin_msg`;
/*!40101 SET @saved_cs_client     = @@character_set_client */;
/*!40101 SET character_set_client = utf8 */;
CREATE TABLE `weixin_msg` (
  `msgid` int(11) NOT NULL AUTO_INCREMENT,
  `uid` int(11) NOT NULL,
  `fake_id` varchar(32) NOT NULL,
  `content` text NOT NULL,
  `type` varchar(20) NOT NULL,
  `createtime` int(11) NOT NULL,
  `createymd` date NOT NULL,
  PRIMARY KEY (`msgid`),
  KEY `uid` (`uid`),
  KEY `createymd` (`createymd`),
  KEY `fake_id` (`fake_id`)
) ENGINE=MyISAM AUTO_INCREMENT=166 DEFAULT CHARSET=utf8 COMMENT='微信内容';
/*!40101 SET character_set_client = @saved_cs_client */;

--
-- Dumping data for table `weixin_msg`
--

LOCK TABLES `weixin_msg` WRITE;
/*!40000 ALTER TABLE `weixin_msg` DISABLE KEYS */;
/*!40000 ALTER TABLE `weixin_msg` ENABLE KEYS */;
UNLOCK TABLES;

--
-- Table structure for table `weixin_qcode`
--

DROP TABLE IF EXISTS `weixin_qcode`;
/*!40101 SET @saved_cs_client     = @@character_set_client */;
/*!40101 SET character_set_client = utf8 */;
CREATE TABLE `weixin_qcode` (
  `id` int(11) NOT NULL AUTO_INCREMENT,
  `type` tinyint(4) NOT NULL,
  `content` varchar(100) NOT NULL,
  `qcode` varchar(200) NOT NULL,
  PRIMARY KEY (`id`)
) ENGINE=MyISAM AUTO_INCREMENT=4 DEFAULT CHARSET=utf8 COMMENT='二维码表';
/*!40101 SET character_set_client = @saved_cs_client */;

--
-- Dumping data for table `weixin_qcode`
--

LOCK TABLES `weixin_qcode` WRITE;
/*!40000 ALTER TABLE `weixin_qcode` DISABLE KEYS */;
INSERT INTO `weixin_qcode` VALUES (2,2,'1','gQFX8DoAAAAAAAAAASxodHRwOi8vd2VpeGluLnFxLmNvbS9xL0YwenV1WDdsSEMxbE1ldUE5V0NsAAIEVdAaUwMEAAAAAA=='),(1,1,'567','gQHd8DoAAAAAAAAAASxodHRwOi8vd2VpeGluLnFxLmNvbS9xLzZFejM0cERsRmkxdmV4VEk3R0NsAAIE+88aUwMEAAAAAA=='),(3,1,'567','gQFz8DoAAAAAAAAAASxodHRwOi8vd2VpeGluLnFxLmNvbS9xL1RrejJCczNsR2kxalpMSWg3V0NsAAIELOMaUwMEAAAAAA==');
/*!40000 ALTER TABLE `weixin_qcode` ENABLE KEYS */;
UNLOCK TABLES;

--
-- Table structure for table `weixin_user`
--

DROP TABLE IF EXISTS `weixin_user`;
/*!40101 SET @saved_cs_client     = @@character_set_client */;
/*!40101 SET character_set_client = utf8 */;
CREATE TABLE `weixin_user` (
  `uid` int(11) NOT NULL AUTO_INCREMENT,
  `ecuid` int(11) NOT NULL COMMENT '绑定用户ID',
  `fake_id` varchar(32) NOT NULL,
  `createtime` int(11) NOT NULL,
  `createymd` date NOT NULL,
  `isfollow` tinyint(1) NOT NULL,
  `nickname` varchar(32) NOT NULL,
  `sex` tinyint(1) NOT NULL,
  `headimgurl` varchar(200) NOT NULL,
  `country` varchar(20) NOT NULL,
  `province` varchar(20) NOT NULL,
  `city` varchar(20) NOT NULL,
  `access_token` varchar(40) NOT NULL COMMENT 'token',
  `expire_in` int(11) NOT NULL COMMENT 'token到期时间',
  PRIMARY KEY (`uid`),
  UNIQUE KEY `fake_id` (`fake_id`),
  KEY `ecuid` (`ecuid`)
) ENGINE=MyISAM DEFAULT CHARSET=utf8 COMMENT='微信用户表';
/*!40101 SET character_set_client = @saved_cs_client */;

--
-- Dumping data for table `weixin_user`
--

LOCK TABLES `weixin_user` WRITE;
/*!40000 ALTER TABLE `weixin_user` DISABLE KEYS */;
/*!40000 ALTER TABLE `weixin_user` ENABLE KEYS */;
UNLOCK TABLES;
/*!40103 SET TIME_ZONE=@OLD_TIME_ZONE */;

/*!40101 SET SQL_MODE=@OLD_SQL_MODE */;
/*!40014 SET FOREIGN_KEY_CHECKS=@OLD_FOREIGN_KEY_CHECKS */;
/*!40014 SET UNIQUE_CHECKS=@OLD_UNIQUE_CHECKS */;
/*!40101 SET CHARACTER_SET_CLIENT=@OLD_CHARACTER_SET_CLIENT */;
/*!40101 SET CHARACTER_SET_RESULTS=@OLD_CHARACTER_SET_RESULTS */;
/*!40101 SET COLLATION_CONNECTION=@OLD_COLLATION_CONNECTION */;
/*!40111 SET SQL_NOTES=@OLD_SQL_NOTES */;

-- Dump completed on 2014-08-18 10:00:02
